ticker,rule,full_avg,full_trades,full_hit,frozen_avg,frozen_trades,frozen_hit
BIPIX,R4_strongest,0.20956065050159894,2499,0.5666266506602641,0.5021385846481757,175,0.6114285714285714
BIPIX,majority_vote,0.20956065050159894,2499,0.5666266506602641,0.5021385846481757,175,0.6114285714285714
BIPIX,priority_score,0.1964471810346778,2499,0.5710284113645459,0.4608584016470936,175,0.6228571428571429
BIPIX,weighted,0.20956065050159894,2499,0.5666266506602641,0.5021385846481757,175,0.6114285714285714
BIPSX,R4_strongest,0.21758661253369255,2461,0.5660300690776108,0.3788689873139927,198,0.5909090909090909
BIPSX,majority_vote,0.21758661253369255,2461,0.5660300690776108,0.3788689873139927,198,0.5909090909090909
BIPSX,priority_score,0.21758661253369255,2461,0.5660300690776108,0.3788689873139927,198,0.5909090909090909
BIPSX,weighted,0.21758661253369255,2461,0.5660300690776108,0.3788689873139927,198,0.5909090909090909
BITIX,R4_strongest,0.24047990112833822,407,0.547911547911548,0.31647422058968305,221,0.5656108597285068
BITIX,majority_vote,0.24047990112833822,407,0.547911547911548,0.31647422058968305,221,0.5656108597285068
BITIX,priority_score,0.24047990112833822,407,0.547911547911548,0.31647422058968305,221,0.5656108597285068
BITIX,weighted,0.24047990112833822,407,0.547911547911548,0.31647422058968305,221,0.5656108597285068
BKPIX,R4_strongest,0.24145326536578887,2057,0.5580943121050073,0.4236545966912381,184,0.6195652173913043
BKPIX,majority_vote,0.24145326536578887,2057,0.5580943121050073,0.4236545966912381,184,0.6195652173913043
BKPIX,priority_score,0.24145326536578887,2057,0.5580943121050073,0.4236545966912381,184,0.6195652173913043
BKPIX,weighted,0.24145326536578887,2057,0.5580943121050073,0.4236545966912381,184,0.6195652173913043
BKPSX,R4_strongest,0.2361367194378446,2035,0.5651105651105651,0.37074578038202444,147,0.6122448979591837
BKPSX,majority_vote,0.2361367194378446,2035,0.5651105651105651,0.37074578038202444,147,0.6122448979591837
BKPSX,priority_score,0.2361367194378446,2035,0.5651105651105651,0.37074578038202444,147,0.6122448979591837
BKPSX,weighted,0.2361367194378446,2035,0.5651105651105651,0.37074578038202444,147,0.6122448979591837
BLPIX,R4_strongest,0.24703242157607017,606,0.570957095709571,0.6112842817025174,35,0.6
BLPIX,majority_vote,0.24703242157607017,606,0.570957095709571,0.6112842817025174,35,0.6
BLPIX,priority_score,0.24703242157607017,606,0.570957095709571,0.6112842817025174,35,0.6
BLPIX,weighted,0.24703242157607017,606,0.570957095709571,0.6112842817025174,35,0.6
BLPSX,R4_strongest,0.24454020171054983,611,0.5679214402618658,0.6552476085146761,34,0.6176470588235294
BLPSX,majority_vote,0.24454020171054983,611,0.5679214402618658,0.6552476085146761,34,0.6176470588235294
BLPSX,priority_score,0.24454020171054983,611,0.5679214402618658,0.6552476085146761,34,0.6176470588235294
BLPSX,weighted,0.24454020171054983,611,0.5679214402618658,0.6552476085146761,34,0.6176470588235294
BMPIX,R4_strongest,0.2288726377238817,1694,0.5667060212514758,0.3841174898566834,137,0.6204379562043796
BMPIX,majority_vote,0.2288726377238817,1694,0.5667060212514758,0.3841174898566834,137,0.6204379562043796
BMPIX,priority_score,0.2288726377238817,1694,0.5667060212514758,0.3841174898566834,137,0.6204379562043796
BMPIX,weighted,0.2288726377238817,1694,0.5667060212514758,0.3841174898566834,137,0.6204379562043796
BMPSX,R4_strongest,0.21923878300723793,1671,0.5601436265709157,0.3214628900123759,147,0.5918367346938775
BMPSX,majority_vote,0.21923878300723793,1671,0.5601436265709157,0.3214628900123759,147,0.5918367346938775
BMPSX,priority_score,0.21923878300723793,1671,0.5601436265709157,0.3214628900123759,147,0.5918367346938775
BMPSX,weighted,0.21923878300723793,1671,0.5601436265709157,0.3214628900123759,147,0.5918367346938775
BTCFX,R4_strongest,0.49101008774488236,421,0.5534441805225653,0.3902677772474152,162,0.5308641975308642
BTCFX,majority_vote,0.49101008774488236,421,0.5534441805225653,0.3902677772474152,162,0.5308641975308642
BTCFX,priority_score,0.49101008774488236,421,0.5534441805225653,0.3902677772474152,162,0.5308641975308642
BTCFX,weighted,0.49101008774488236,421,0.5534441805225653,0.3902677772474152,162,0.5308641975308642
CNPIX,R4_strongest,0.5433056963237041,177,0.6384180790960452,0.30620791650245044,48,0.6666666666666666
CNPIX,majority_vote,0.5433056963237041,177,0.6384180790960452,0.30620791650245044,48,0.6666666666666666
CNPIX,priority_score,0.5433056963237041,177,0.6384180790960452,0.30620791650245044,48,0.6666666666666666
CNPIX,weighted,0.5433056963237041,177,0.6384180790960452,0.30620791650245044,48,0.6666666666666666
CNPSX,R4_strongest,0.29938468928051826,509,0.5834970530451866,0.42298689296338243,41,0.5609756097560976
CNPSX,majority_vote,0.29938468928051826,509,0.5834970530451866,0.42298689296338243,41,0.5609756097560976
CNPSX,priority_score,0.29938468928051826,509,0.5834970530451866,0.42298689296338243,41,0.5609756097560976
CNPSX,weighted,0.29938468928051826,509,0.5834970530451866,0.42298689296338243,41,0.5609756097560976
CYPIX,R4_strongest,0.2012214765963769,1692,0.5921985815602837,0.39571971424902924,185,0.6162162162162163
CYPIX,majority_vote,0.2012214765963769,1692,0.5921985815602837,0.39571971424902924,185,0.6162162162162163
CYPIX,priority_score,0.2012214765963769,1692,0.5921985815602837,0.39571971424902924,185,0.6162162162162163
CYPIX,weighted,0.2012214765963769,1692,0.5921985815602837,0.39571971424902924,185,0.6162162162162163
CYPSX,R4_strongest,0.8142654682439411,125,0.64,0.950352193435835,30,0.7
CYPSX,majority_vote,0.8142654682439411,125,0.64,0.950352193435835,30,0.7
CYPSX,priority_score,0.8142654682439411,125,0.64,0.950352193435835,30,0.7
CYPSX,weighted,0.8142654682439411,125,0.64,0.950352193435835,30,0.7
ENPIX,R4_strongest,0.21326911225713127,1765,0.5609065155807366,0.6428054670737493,182,0.6813186813186813
ENPIX,majority_vote,0.21326911225713127,1765,0.5609065155807366,0.6428054670737493,182,0.6813186813186813
ENPIX,priority_score,0.21326911225713127,1765,0.5609065155807366,0.6428054670737493,182,0.6813186813186813
ENPIX,weighted,0.21326911225713127,1765,0.5609065155807366,0.6428054670737493,182,0.6813186813186813
ENPSX,R4_strongest,0.20334422839676047,1764,0.5668934240362812,0.6451540022277437,182,0.6978021978021978
ENPSX,majority_vote,0.20334422839676047,1764,0.5668934240362812,0.6451540022277437,182,0.6978021978021978
ENPSX,priority_score,0.20334422839676047,1764,0.5668934240362812,0.6451540022277437,182,0.6978021978021978
ENPSX,weighted,0.20334422839676047,1764,0.5668934240362812,0.6451540022277437,182,0.6978021978021978
FNPIX,R4_strongest,0.2528967475575538,1485,0.5831649831649832,0.3924875198206862,134,0.6791044776119403
FNPIX,majority_vote,0.2528967475575538,1485,0.5831649831649832,0.3924875198206862,134,0.6791044776119403
FNPIX,priority_score,0.2528967475575538,1485,0.5831649831649832,0.3924875198206862,134,0.6791044776119403
FNPIX,weighted,0.2528967475575538,1485,0.5831649831649832,0.3924875198206862,134,0.6791044776119403
FNPSX,R4_strongest,0.2711424165000092,1409,0.5663591199432222,0.4241047255038235,156,0.6410256410256411
FNPSX,majority_vote,0.2711424165000092,1409,0.5663591199432222,0.4241047255038235,156,0.6410256410256411
FNPSX,priority_score,0.2711424165000092,1409,0.5663591199432222,0.4241047255038235,156,0.6410256410256411
FNPSX,weighted,0.2711424165000092,1409,0.5663591199432222,0.4241047255038235,156,0.6410256410256411
GVPSX,R4_strongest,0.2066190604415276,399,0.5789473684210527,0.25211501595078856,35,0.6285714285714286
GVPSX,majority_vote,0.2066190604415276,399,0.5789473684210527,0.25211501595078856,35,0.6285714285714286
GVPSX,priority_score,0.2066190604415276,399,0.5789473684210527,0.25211501595078856,35,0.6285714285714286
GVPSX,weighted,0.2066190604415276,399,0.5789473684210527,0.25211501595078856,35,0.6285714285714286
HCPIX,R4_strongest,0.3626694194731027,494,0.6133603238866396,0.5303230192260707,41,0.5609756097560976
HCPIX,majority_vote,0.3626694194731027,494,0.6133603238866396,0.5303230192260707,41,0.5609756097560976
HCPIX,priority_score,0.3626694194731027,494,0.6133603238866396,0.5303230192260707,41,0.5609756097560976
HCPIX,weighted,0.3626694194731027,494,0.6133603238866396,0.5303230192260707,41,0.5609756097560976
HCPSX,R4_strongest,0.22409221778619254,1395,0.5741935483870968,0.26427764170447526,178,0.5730337078651685
HCPSX,majority_vote,0.22409221778619254,1395,0.5741935483870968,0.26427764170447526,178,0.5730337078651685
HCPSX,priority_score,0.22409221778619254,1395,0.5741935483870968,0.26427764170447526,178,0.5730337078651685
HCPSX,weighted,0.22409221778619254,1395,0.5741935483870968,0.26427764170447526,178,0.5730337078651685
IDPIX,R4_strongest,0.2463399045841868,1515,0.592079207920792,0.37078584156748534,151,0.6026490066225165
IDPIX,majority_vote,0.2463399045841868,1515,0.592079207920792,0.37078584156748534,151,0.6026490066225165
IDPIX,priority_score,0.2463399045841868,1515,0.592079207920792,0.37078584156748534,151,0.6026490066225165
IDPIX,weighted,0.2463399045841868,1515,0.592079207920792,0.37078584156748534,151,0.6026490066225165
IDPSX,R4_strongest,0.22358584628046607,1664,0.5919471153846154,0.46463336231727237,128,0.65625
IDPSX,majority_vote,0.22358584628046607,1664,0.5919471153846154,0.46463336231727237,128,0.65625
IDPSX,priority_score,0.22358584628046607,1664,0.5919471153846154,0.46463336231727237,128,0.65625
IDPSX,weighted,0.22358584628046607,1664,0.5919471153846154,0.46463336231727237,128,0.65625
INPIX,R4_strongest,0.21644161995518246,2292,0.5855148342059336,0.37231028803747684,170,0.6058823529411764
INPIX,majority_vote,0.21644161995518246,2292,0.5855148342059336,0.37231028803747684,170,0.6058823529411764
INPIX,priority_score,0.21644161995518246,2292,0.5855148342059336,0.37231028803747684,170,0.6058823529411764
INPIX,weighted,0.21644161995518246,2292,0.5855148342059336,0.37231028803747684,170,0.6058823529411764
INPSX,R4_strongest,0.2321734207780645,2047,0.5828041035661944,0.3852285014120307,157,0.5987261146496815
INPSX,majority_vote,0.2321734207780645,2047,0.5828041035661944,0.3852285014120307,157,0.5987261146496815
INPSX,priority_score,0.2321734207780645,2047,0.5828041035661944,0.3852285014120307,157,0.5987261146496815
INPSX,weighted,0.2321734207780645,2047,0.5828041035661944,0.3852285014120307,157,0.5987261146496815
LGPIX,R4_strongest,0.43304150421272863,191,0.6596858638743456,0.44739605827701506,48,0.625
LGPIX,majority_vote,0.43304150421272863,191,0.6596858638743456,0.44739605827701506,48,0.625
LGPIX,priority_score,0.43304150421272863,191,0.6596858638743456,0.44739605827701506,48,0.625
LGPIX,weighted,0.43304150421272863,191,0.6596858638743456,0.44739605827701506,48,0.625
LGPSX,R4_strongest,0.42871399658942483,191,0.6596858638743456,0.4415697976069033,48,0.625
LGPSX,majority_vote,0.42871399658942483,191,0.6596858638743456,0.4415697976069033,48,0.625
LGPSX,priority_score,0.42871399658942483,191,0.6596858638743456,0.4415697976069033,48,0.625
LGPSX,weighted,0.42871399658942483,191,0.6596858638743456,0.4415697976069033,48,0.625
LVPIX,R4_strongest,0.45123116620288906,184,0.6413043478260869,0.4070751967785502,48,0.6875
LVPIX,majority_vote,0.45123116620288906,184,0.6413043478260869,0.4070751967785502,48,0.6875
LVPIX,priority_score,0.45123116620288906,184,0.6413043478260869,0.4070751967785502,48,0.6875
LVPIX,weighted,0.45123116620288906,184,0.6413043478260869,0.4070751967785502,48,0.6875
LVPSX,R4_strongest,0.44528940522029814,168,0.6428571428571429,0.40172266784321037,48,0.6875
LVPSX,majority_vote,0.44528940522029814,168,0.6428571428571429,0.40172266784321037,48,0.6875
LVPSX,priority_score,0.44528940522029814,168,0.6428571428571429,0.40172266784321037,48,0.6875
LVPSX,weighted,0.44528940522029814,168,0.6428571428571429,0.40172266784321037,48,0.6875
MDPIX,R4_strongest,0.21124586215107466,910,0.589010989010989,0.38865684951438706,104,0.625
MDPIX,majority_vote,0.21124586215107466,910,0.589010989010989,0.38865684951438706,104,0.625
MDPIX,priority_score,0.21124586215107466,910,0.589010989010989,0.38865684951438706,104,0.625
MDPIX,weighted,0.21124586215107466,910,0.589010989010989,0.38865684951438706,104,0.625
MDPSX,R4_strongest,0.2805766926817632,387,0.5891472868217055,0.5764150046266961,57,0.6666666666666666
MDPSX,majority_vote,0.2805766926817632,387,0.5891472868217055,0.5764150046266961,57,0.6666666666666666
MDPSX,priority_score,0.2805766926817632,387,0.5891472868217055,0.5764150046266961,57,0.6666666666666666
MDPSX,weighted,0.2805766926817632,387,0.5891472868217055,0.5764150046266961,57,0.6666666666666666
MGPIX,R4_strongest,0.27589538516662093,400,0.64,0.7139340254663638,49,0.7551020408163265
MGPIX,majority_vote,0.27589538516662093,400,0.64,0.7139340254663638,49,0.7551020408163265
MGPIX,priority_score,0.27589538516662093,400,0.64,0.7139340254663638,49,0.7551020408163265
MGPIX,weighted,0.27589538516662093,400,0.64,0.7139340254663638,49,0.7551020408163265
MGPSX,R4_strongest,0.2712729139570114,400,0.635,0.7078731296997836,49,0.7551020408163265
MGPSX,majority_vote,0.2712729139570114,400,0.635,0.7078731296997836,49,0.7551020408163265
MGPSX,priority_score,0.2712729139570114,400,0.635,0.7078731296997836,49,0.7551020408163265
MGPSX,weighted,0.2712729139570114,400,0.635,0.7078731296997836,49,0.7551020408163265
MLPIX,R4_strongest,0.20051238189126422,764,0.5654450261780105,0.3297504314470263,103,0.5825242718446602
MLPIX,majority_vote,0.20051238189126422,764,0.5654450261780105,0.3297504314470263,103,0.5825242718446602
MLPIX,priority_score,0.20051238189126422,764,0.5654450261780105,0.3297504314470263,103,0.5825242718446602
MLPIX,weighted,0.20051238189126422,764,0.5654450261780105,0.3297504314470263,103,0.5825242718446602
MLPSX,R4_strongest,0.20172450169449282,716,0.5614525139664804,0.3711546029373212,89,0.6179775280898876
MLPSX,majority_vote,0.20172450169449282,716,0.5614525139664804,0.3711546029373212,89,0.6179775280898876
MLPSX,priority_score,0.20172450169449282,716,0.5614525139664804,0.3711546029373212,89,0.6179775280898876
MLPSX,weighted,0.20172450169449282,716,0.5614525139664804,0.3711546029373212,89,0.6179775280898876
OEPIX,R4_strongest,0.23948691995766436,1660,0.5572289156626506,0.4684336840683643,162,0.6419753086419753
OEPIX,majority_vote,0.23948691995766436,1660,0.5572289156626506,0.4684336840683643,162,0.6419753086419753
OEPIX,priority_score,0.23948691995766436,1660,0.5572289156626506,0.4684336840683643,162,0.6419753086419753
OEPIX,weighted,0.23948691995766436,1660,0.5572289156626506,0.4684336840683643,162,0.6419753086419753
OEPSX,R4_strongest,0.23715940956016432,1669,0.5566207309766327,0.4645826293057804,162,0.6358024691358025
OEPSX,majority_vote,0.23715940956016432,1669,0.5566207309766327,0.4645826293057804,162,0.6358024691358025
OEPSX,priority_score,0.23715940956016432,1669,0.5566207309766327,0.4645826293057804,162,0.6358024691358025
OEPSX,weighted,0.23715940956016432,1669,0.5566207309766327,0.4645826293057804,162,0.6358024691358025
OTPIX,R4_strongest,0.252456414304231,749,0.5794392523364486,0.20164534407689966,33,0.5757575757575758
OTPIX,majority_vote,0.252456414304231,749,0.5794392523364486,0.20164534407689966,33,0.5757575757575758
OTPIX,priority_score,0.252456414304231,749,0.5794392523364486,0.20164534407689966,33,0.5757575757575758
OTPIX,weighted,0.252456414304231,749,0.5794392523364486,0.20164534407689966,33,0.5757575757575758
OTPSX,R4_strongest,0.33768677693687293,300,0.61,0.4287793440004389,46,0.6086956521739131
OTPSX,majority_vote,0.33768677693687293,300,0.61,0.4287793440004389,46,0.6086956521739131
OTPSX,priority_score,0.33768677693687293,300,0.61,0.4287793440004389,46,0.6086956521739131
OTPSX,weighted,0.33768677693687293,300,0.61,0.4287793440004389,46,0.6086956521739131
PHPIX,R4_strongest,0.2377564995595419,1356,0.5700589970501475,0.34366815951166696,116,0.5775862068965517
PHPIX,majority_vote,0.2377564995595419,1356,0.5700589970501475,0.34366815951166696,116,0.5775862068965517
PHPIX,priority_score,0.24827428891167505,1356,0.5752212389380531,0.3666995008789152,116,0.5862068965517241
PHPIX,weighted,0.2377564995595419,1356,0.5700589970501475,0.34366815951166696,116,0.5775862068965517
PHPSX,R4_strongest,0.22041860327712307,1294,0.5610510046367851,0.39949217640855583,120,0.5916666666666667
PHPSX,majority_vote,0.22041860327712307,1294,0.5610510046367851,0.39949217640855583,120,0.5916666666666667
PHPSX,priority_score,0.22041860327712307,1294,0.5610510046367851,0.39949217640855583,120,0.5916666666666667
PHPSX,weighted,0.22041860327712307,1294,0.5610510046367851,0.39949217640855583,120,0.5916666666666667
PMPIX,R4_strongest,0.28800094074363347,1850,0.5486486486486486,0.6376366397430425,141,0.6453900709219859
PMPIX,majority_vote,0.28800094074363347,1850,0.5486486486486486,0.6376366397430425,141,0.6453900709219859
PMPIX,priority_score,0.28800094074363347,1850,0.5486486486486486,0.6376366397430425,141,0.6453900709219859
PMPIX,weighted,0.28800094074363347,1850,0.5486486486486486,0.6376366397430425,141,0.6453900709219859
PMPSX,R4_strongest,0.2892041647188427,2124,0.5569679849340866,0.4530980515979153,162,0.654320987654321
PMPSX,majority_vote,0.2892041647188427,2124,0.5569679849340866,0.4530980515979153,162,0.654320987654321
PMPSX,priority_score,0.2892041647188427,2124,0.5569679849340866,0.4530980515979153,162,0.654320987654321
PMPSX,weighted,0.2892041647188427,2124,0.5569679849340866,0.4530980515979153,162,0.654320987654321
REPIX,R4_strongest,0.24310111300324946,2162,0.5494912118408881,0.27845690693154407,158,0.6075949367088608
REPIX,majority_vote,0.24310111300324946,2162,0.5494912118408881,0.27845690693154407,158,0.6075949367088608
REPIX,priority_score,0.24310111300324946,2162,0.5494912118408881,0.27845690693154407,158,0.6075949367088608
REPIX,weighted,0.24310111300324946,2162,0.5494912118408881,0.27845690693154407,158,0.6075949367088608
REPSX,R4_strongest,0.25343402431149775,2069,0.5534074432092798,0.28341308210710464,165,0.6363636363636364
REPSX,majority_vote,0.25343402431149775,2069,0.5534074432092798,0.28341308210710464,165,0.6363636363636364
REPSX,priority_score,0.25343402431149775,2069,0.5534074432092798,0.28341308210710464,165,0.6363636363636364
REPSX,weighted,0.25343402431149775,2069,0.5534074432092798,0.28341308210710464,165,0.6363636363636364
RRPIX,R4_strongest,0.2924330411360788,209,0.5645933014354066,0.23577310294234333,33,0.5757575757575758
RRPIX,majority_vote,0.2924330411360788,209,0.5645933014354066,0.23577310294234333,33,0.5757575757575758
RRPIX,priority_score,0.2924330411360788,209,0.5645933014354066,0.23577310294234333,33,0.5757575757575758
RRPIX,weighted,0.2924330411360788,209,0.5645933014354066,0.23577310294234333,33,0.5757575757575758
RRPSX,R4_strongest,0.29149180272618985,196,0.5510204081632653,0.23215453645208514,33,0.5757575757575758
RRPSX,majority_vote,0.29149180272618985,196,0.5510204081632653,0.23215453645208514,33,0.5757575757575758
RRPSX,priority_score,0.29149180272618985,196,0.5510204081632653,0.23215453645208514,33,0.5757575757575758
RRPSX,weighted,0.29149180272618985,196,0.5510204081632653,0.23215453645208514,33,0.5757575757575758
SGPIX,R4_strongest,0.33284217252921583,326,0.5736196319018405,0.5860335267258415,60,0.6833333333333333
SGPIX,majority_vote,0.33284217252921583,326,0.5736196319018405,0.5860335267258415,60,0.6833333333333333
SGPIX,priority_score,0.33284217252921583,326,0.5736196319018405,0.5860335267258415,60,0.6833333333333333
SGPIX,weighted,0.33284217252921583,326,0.5736196319018405,0.5860335267258415,60,0.6833333333333333
SGPSX,R4_strongest,0.3083561336376136,390,0.5846153846153846,0.5621973528759366,63,0.6666666666666666
SGPSX,majority_vote,0.3083561336376136,390,0.5846153846153846,0.5621973528759366,63,0.6666666666666666
SGPSX,priority_score,0.3083561336376136,390,0.5846153846153846,0.5621973528759366,63,0.6666666666666666
SGPSX,weighted,0.3083561336376136,390,0.5846153846153846,0.5621973528759366,63,0.6666666666666666
SLPIX,R4_strongest,0.2026363219940837,1251,0.5643485211830536,0.43092383952818314,88,0.6363636363636364
SLPIX,majority_vote,0.2026363219940837,1251,0.5643485211830536,0.43092383952818314,88,0.6363636363636364
SLPIX,priority_score,0.2026363219940837,1251,0.5643485211830536,0.43092383952818314,88,0.6363636363636364
SLPIX,weighted,0.2026363219940837,1251,0.5643485211830536,0.43092383952818314,88,0.6363636363636364
SLPSX,R4_strongest,0.21014684067897388,1267,0.5627466456195738,0.3692211550072871,141,0.6595744680851063
SLPSX,majority_vote,0.21014684067897388,1267,0.5627466456195738,0.3692211550072871,141,0.6595744680851063
SLPSX,priority_score,0.21014684067897388,1267,0.5627466456195738,0.3692211550072871,141,0.6595744680851063
SLPSX,weighted,0.21014684067897388,1267,0.5627466456195738,0.3692211550072871,141,0.6595744680851063
SMPIX,R4_strongest,0.2518871007897385,3311,0.5647840531561462,0.6359267096412952,321,0.5856697819314641
SMPIX,majority_vote,0.2518871007897385,3311,0.5647840531561462,0.6359267096412952,321,0.5856697819314641
SMPIX,priority_score,0.2518871007897385,3311,0.5647840531561462,0.6359267096412952,321,0.5856697819314641
SMPIX,weighted,0.2518871007897385,3311,0.5647840531561462,0.6359267096412952,321,0.5856697819314641
SMPSX,R4_strongest,0.24983648154342689,3267,0.5668809305172942,0.5183955618883982,316,0.5981012658227848
SMPSX,majority_vote,0.24983648154342689,3267,0.5668809305172942,0.5183955618883982,316,0.5981012658227848
SMPSX,priority_score,0.24983648154342689,3267,0.5668809305172942,0.5183955618883982,316,0.5981012658227848
SMPSX,weighted,0.24983648154342689,3267,0.5668809305172942,0.5183955618883982,316,0.5981012658227848
SNPIX,R4_strongest,0.2124785310233704,457,0.562363238512035,0.4193004049944993,88,0.5681818181818182
SNPIX,majority_vote,0.2124785310233704,457,0.562363238512035,0.4193004049944993,88,0.5681818181818182
SNPIX,priority_score,0.2124785310233704,457,0.562363238512035,0.4193004049944993,88,0.5681818181818182
SNPIX,weighted,0.2124785310233704,457,0.562363238512035,0.4193004049944993,88,0.5681818181818182
SNPSX,R4_strongest,0.4212866628776488,147,0.6122448979591837,0.7584011975858662,44,0.7045454545454546
SNPSX,majority_vote,0.4212866628776488,147,0.6122448979591837,0.7584011975858662,44,0.7045454545454546
SNPSX,priority_score,0.4212866628776488,147,0.6122448979591837,0.7584011975858662,44,0.7045454545454546
SNPSX,weighted,0.4212866628776488,147,0.6122448979591837,0.7584011975858662,44,0.7045454545454546
SPPIX,R4_strongest,0.2288160267951904,749,0.5687583444592791,0.35137479859892956,102,0.5588235294117647
SPPIX,majority_vote,0.2288160267951904,749,0.5687583444592791,0.35137479859892956,102,0.5588235294117647
SPPIX,priority_score,0.2288160267951904,749,0.5687583444592791,0.35137479859892956,102,0.5588235294117647
SPPIX,weighted,0.2288160267951904,749,0.5687583444592791,0.35137479859892956,102,0.5588235294117647
SPPSX,R4_strongest,0.2279089480364686,749,0.5647530040053405,0.357707357419792,102,0.5490196078431373
SPPSX,majority_vote,0.2279089480364686,749,0.5647530040053405,0.357707357419792,102,0.5490196078431373
SPPSX,priority_score,0.2279089480364686,749,0.5647530040053405,0.357707357419792,102,0.5490196078431373
SPPSX,weighted,0.2279089480364686,749,0.5647530040053405,0.357707357419792,102,0.5490196078431373
SVPIX,R4_strongest,0.23343676340840525,956,0.5742677824267782,0.36395258978618655,124,0.6048387096774194
SVPIX,majority_vote,0.23343676340840525,956,0.5742677824267782,0.36395258978618655,124,0.6048387096774194
SVPIX,priority_score,0.23343676340840525,956,0.5742677824267782,0.36395258978618655,124,0.6048387096774194
SVPIX,weighted,0.23343676340840525,956,0.5742677824267782,0.36395258978618655,124,0.6048387096774194
SVPSX,R4_strongest,0.20357254951225784,914,0.5711159737417943,0.3418801125636382,119,0.5798319327731093
SVPSX,majority_vote,0.20357254951225784,914,0.5711159737417943,0.3418801125636382,119,0.5798319327731093
SVPSX,priority_score,0.20357254951225784,914,0.5711159737417943,0.3418801125636382,119,0.5798319327731093
SVPSX,weighted,0.20357254951225784,914,0.5711159737417943,0.3418801125636382,119,0.5798319327731093
TEPIX,R4_strongest,0.22967588484376575,2567,0.567588624853915,0.50690603804141,217,0.6497695852534562
TEPIX,majority_vote,0.22967588484376575,2567,0.567588624853915,0.50690603804141,217,0.6497695852534562
TEPIX,priority_score,0.22967588484376575,2567,0.567588624853915,0.50690603804141,217,0.6497695852534562
TEPIX,weighted,0.22967588484376575,2567,0.567588624853915,0.50690603804141,217,0.6497695852534562
TEPSX,R4_strongest,0.22235786434455782,2491,0.5732637494981935,0.5257817712906386,193,0.6321243523316062
TEPSX,majority_vote,0.22235786434455782,2491,0.5732637494981935,0.5257817712906386,193,0.6321243523316062
TEPSX,priority_score,0.22235786434455782,2491,0.5732637494981935,0.5257817712906386,193,0.6321243523316062
TEPSX,weighted,0.22235786434455782,2491,0.5732637494981935,0.5257817712906386,193,0.6321243523316062
UAPIX,R4_strongest,0.27735412307300705,2490,0.559437751004016,0.5367007947810459,136,0.5808823529411765
UAPIX,majority_vote,0.27735412307300705,2490,0.559437751004016,0.5367007947810459,136,0.5808823529411765
UAPIX,priority_score,0.27735412307300705,2490,0.559437751004016,0.5367007947810459,136,0.5808823529411765
UAPIX,weighted,0.27735412307300705,2490,0.559437751004016,0.5367007947810459,136,0.5808823529411765
UAPSX,R4_strongest,0.28556111551968244,2418,0.5632754342431762,0.4711123050602421,187,0.5935828877005348
UAPSX,majority_vote,0.28556111551968244,2418,0.5632754342431762,0.4711123050602421,187,0.5935828877005348
UAPSX,priority_score,0.28556111551968244,2418,0.5632754342431762,0.4711123050602421,187,0.5935828877005348
UAPSX,weighted,0.28556111551968244,2418,0.5632754342431762,0.4711123050602421,187,0.5935828877005348
UBPIX,R4_strongest,0.23590493147050506,2003,0.5666500249625561,0.4349870486191355,196,0.5867346938775511
UBPIX,majority_vote,0.23590493147050506,2003,0.5666500249625561,0.4349870486191355,196,0.5867346938775511
UBPIX,priority_score,0.23590493147050506,2003,0.5666500249625561,0.4349870486191355,196,0.5867346938775511
UBPIX,weighted,0.23590493147050506,2003,0.5666500249625561,0.4349870486191355,196,0.5867346938775511
UBPSX,R4_strongest,0.22630630581820893,2003,0.5546679980029955,0.3417287039187082,190,0.5842105263157895
UBPSX,majority_vote,0.22630630581820893,2003,0.5546679980029955,0.3417287039187082,190,0.5842105263157895
UBPSX,priority_score,0.23243501571706154,2003,0.5536694957563655,0.3527060757768783,190,0.5842105263157895
UBPSX,weighted,0.22630630581820893,2003,0.5546679980029955,0.3417287039187082,190,0.5842105263157895
UCPIX,R4_strongest,0.3188250673844444,132,0.553030303030303,0.3119471173971214,33,0.6666666666666666
UCPIX,majority_vote,0.3188250673844444,132,0.553030303030303,0.3119471173971214,33,0.6666666666666666
UCPIX,priority_score,0.3188250673844444,132,0.553030303030303,0.3119471173971214,33,0.6666666666666666
UCPIX,weighted,0.3188250673844444,132,0.553030303030303,0.3119471173971214,33,0.6666666666666666
UCPSX,R4_strongest,0.3837824191168044,124,0.5645161290322581,0.5944559487177534,58,0.603448275862069
UCPSX,majority_vote,0.3837824191168044,124,0.5645161290322581,0.5944559487177534,58,0.603448275862069
UCPSX,priority_score,0.3837824191168044,124,0.5645161290322581,0.5944559487177534,58,0.603448275862069
UCPSX,weighted,0.3837824191168044,124,0.5645161290322581,0.5944559487177534,58,0.603448275862069
UDPIX,R4_strongest,0.20154485100526753,2537,0.5675995270003942,0.3954092838178054,194,0.6494845360824743
UDPIX,majority_vote,0.20154485100526753,2537,0.5675995270003942,0.3954092838178054,194,0.6494845360824743
UDPIX,priority_score,0.20154485100526753,2537,0.5675995270003942,0.3954092838178054,194,0.6494845360824743
UDPIX,weighted,0.20154485100526753,2537,0.5675995270003942,0.3954092838178054,194,0.6494845360824743
UDPSX,R4_strongest,0.491111348745088,529,0.55765595463138,0.8174210226725458,42,0.5952380952380952
UDPSX,majority_vote,0.491111348745088,529,0.55765595463138,0.8174210226725458,42,0.5952380952380952
UDPSX,priority_score,0.491111348745088,529,0.55765595463138,0.8174210226725458,42,0.5952380952380952
UDPSX,weighted,0.491111348745088,529,0.55765595463138,0.8174210226725458,42,0.5952380952380952
UEPIX,R4_strongest,0.21795970273476276,480,0.5729166666666666,0.27299008359359167,104,0.5865384615384616
UEPIX,majority_vote,0.21795970273476276,480,0.5729166666666666,0.27299008359359167,104,0.5865384615384616
UEPIX,priority_score,0.21795970273476276,480,0.5729166666666666,0.27299008359359167,104,0.5865384615384616
UEPIX,weighted,0.21795970273476276,480,0.5729166666666666,0.27299008359359167,104,0.5865384615384616
UEPSX,R4_strongest,0.20034363075620765,503,0.5745526838966203,0.25879897424058407,107,0.5981308411214953
UEPSX,majority_vote,0.20034363075620765,503,0.5745526838966203,0.25879897424058407,107,0.5981308411214953
UEPSX,priority_score,0.20034363075620765,503,0.5745526838966203,0.25879897424058407,107,0.5981308411214953
UEPSX,weighted,0.20034363075620765,503,0.5745526838966203,0.25879897424058407,107,0.5981308411214953
UFPIX,R4_strongest,0.22408310473170978,852,0.5633802816901409,0.22251656211196613,107,0.5514018691588785
UFPIX,majority_vote,0.22408310473170978,852,0.5633802816901409,0.22251656211196613,107,0.5514018691588785
UFPIX,priority_score,0.22408310473170978,852,0.5633802816901409,0.22251656211196613,107,0.5514018691588785
UFPIX,weighted,0.22408310473170978,852,0.5633802816901409,0.22251656211196613,107,0.5514018691588785
UFPSX,R4_strongest,0.22467313615189155,929,0.5554359526372443,0.2578621012688343,127,0.5905511811023622
UFPSX,majority_vote,0.22467313615189155,929,0.5554359526372443,0.2578621012688343,127,0.5905511811023622
UFPSX,priority_score,0.21037181695128085,929,0.5532831001076426,0.12873759619348293,127,0.5669291338582677
UFPSX,weighted,0.22467313615189155,929,0.5554359526372443,0.2578621012688343,127,0.5905511811023622
UGPIX,R4_strongest,0.2745194440493375,2226,0.5440251572327044,0.6372096127235078,190,0.5842105263157895
UGPIX,majority_vote,0.2745194440493375,2226,0.5440251572327044,0.6372096127235078,190,0.5842105263157895
UGPIX,priority_score,0.2745194440493375,2226,0.5440251572327044,0.6372096127235078,190,0.5842105263157895
UGPIX,weighted,0.2745194440493375,2226,0.5440251572327044,0.6372096127235078,190,0.5842105263157895
UGPSX,R4_strongest,0.24497349685978007,2269,0.5500220361392684,0.6282562336115021,199,0.5778894472361809
UGPSX,majority_vote,0.24497349685978007,2269,0.5500220361392684,0.6282562336115021,199,0.5778894472361809
UGPSX,priority_score,0.24497349685978007,2269,0.5500220361392684,0.6282562336115021,199,0.5778894472361809
UGPSX,weighted,0.24497349685978007,2269,0.5500220361392684,0.6282562336115021,199,0.5778894472361809
UHPIX,R4_strongest,0.3383396944975507,1086,0.5626151012891344,0.3401674947099211,210,0.5619047619047619
UHPIX,majority_vote,0.3383396944975507,1086,0.5626151012891344,0.3401674947099211,210,0.5619047619047619
UHPIX,priority_score,0.3383396944975507,1086,0.5626151012891344,0.3401674947099211,210,0.5619047619047619
UHPIX,weighted,0.3383396944975507,1086,0.5626151012891344,0.3401674947099211,210,0.5619047619047619
UHPSX,R4_strongest,0.33114018634810893,1098,0.5655737704918032,0.3405120666402052,212,0.5801886792452831
UHPSX,majority_vote,0.33114018634810893,1098,0.5655737704918032,0.3405120666402052,212,0.5801886792452831
UHPSX,priority_score,0.33114018634810893,1098,0.5655737704918032,0.3405120666402052,212,0.5801886792452831
UHPSX,weighted,0.33114018634810893,1098,0.5655737704918032,0.3405120666402052,212,0.5801886792452831
UIPIX,R4_strongest,0.2475880152961724,125,0.552,0.2212616408887753,34,0.6764705882352942
UIPIX,majority_vote,0.2475880152961724,125,0.552,0.2212616408887753,34,0.6764705882352942
UIPIX,priority_score,0.2475880152961724,125,0.552,0.2212616408887753,34,0.6764705882352942
UIPIX,weighted,0.2475880152961724,125,0.552,0.2212616408887753,34,0.6764705882352942
UIPSX,R4_strongest,0.23490920787922834,153,0.5555555555555556,0.5261029859106525,38,0.6052631578947368
UIPSX,majority_vote,0.23490920787922834,153,0.5555555555555556,0.5261029859106525,38,0.6052631578947368
UIPSX,priority_score,0.23490920787922834,153,0.5555555555555556,0.5261029859106525,38,0.6052631578947368
UIPSX,weighted,0.23490920787922834,153,0.5555555555555556,0.5261029859106525,38,0.6052631578947368
UJPIX,R4_strongest,0.23764818085794556,2777,0.5714800144040332,0.7422046695839598,209,0.6220095693779905
UJPIX,majority_vote,0.23764818085794556,2777,0.5714800144040332,0.7422046695839598,209,0.6220095693779905
UJPIX,priority_score,0.23764818085794556,2777,0.5714800144040332,0.7422046695839598,209,0.6220095693779905
UJPIX,weighted,0.23764818085794556,2777,0.5714800144040332,0.7422046695839598,209,0.6220095693779905
UJPSX,R4_strongest,0.2661982576521067,2784,0.5567528735632183,0.5534805114218463,194,0.5876288659793815
UJPSX,majority_vote,0.2661982576521067,2784,0.5567528735632183,0.5534805114218463,194,0.5876288659793815
UJPSX,priority_score,0.2661982576521067,2784,0.5567528735632183,0.5534805114218463,194,0.5876288659793815
UJPSX,weighted,0.2661982576521067,2784,0.5567528735632183,0.5534805114218463,194,0.5876288659793815
UKPIX,R4_strongest,0.28281769420523295,463,0.5658747300215983,0.46455341578818043,106,0.6132075471698113
UKPIX,majority_vote,0.28281769420523295,463,0.5658747300215983,0.46455341578818043,106,0.6132075471698113
UKPIX,priority_score,0.28281769420523295,463,0.5658747300215983,0.46455341578818043,106,0.6132075471698113
UKPIX,weighted,0.28281769420523295,463,0.5658747300215983,0.46455341578818043,106,0.6132075471698113
UKPSX,R4_strongest,0.22432874562034613,468,0.5641025641025641,0.34241798838186766,113,0.5752212389380531
UKPSX,majority_vote,0.22432874562034613,468,0.5641025641025641,0.34241798838186766,113,0.5752212389380531
UKPSX,priority_score,0.22432874562034613,468,0.5641025641025641,0.34241798838186766,113,0.5752212389380531
UKPSX,weighted,0.22432874562034613,468,0.5641025641025641,0.34241798838186766,113,0.5752212389380531
ULPIX,R4_strongest,0.47450320787557365,616,0.5665584415584416,1.2104063686002278,36,0.6111111111111112
ULPIX,majority_vote,0.47450320787557365,616,0.5665584415584416,1.2104063686002278,36,0.6111111111111112
ULPIX,priority_score,0.47450320787557365,616,0.5665584415584416,1.2104063686002278,36,0.6111111111111112
ULPIX,weighted,0.47450320787557365,616,0.5665584415584416,1.2104063686002278,36,0.6111111111111112
ULPSX,R4_strongest,0.20611363927234091,2775,0.5603603603603604,0.36851935513973144,200,0.575
ULPSX,majority_vote,0.20611363927234091,2775,0.5603603603603604,0.36851935513973144,200,0.575
ULPSX,priority_score,0.20611363927234091,2775,0.5603603603603604,0.36851935513973144,200,0.575
ULPSX,weighted,0.20611363927234091,2775,0.5603603603603604,0.36851935513973144,200,0.575
UMPIX,R4_strongest,0.22674953032872305,2016,0.5654761904761905,0.4343746977116426,147,0.5510204081632653
UMPIX,majority_vote,0.22674953032872305,2016,0.5654761904761905,0.4343746977116426,147,0.5510204081632653
UMPIX,priority_score,0.22674953032872305,2016,0.5654761904761905,0.4343746977116426,147,0.5510204081632653
UMPIX,weighted,0.22674953032872305,2016,0.5654761904761905,0.4343746977116426,147,0.5510204081632653
UMPSX,R4_strongest,0.23382378468280995,1849,0.5624661979448351,0.6727545683770806,128,0.625
UMPSX,majority_vote,0.23382378468280995,1849,0.5624661979448351,0.6727545683770806,128,0.625
UMPSX,priority_score,0.23382378468280995,1849,0.5624661979448351,0.6727545683770806,128,0.625
UMPSX,weighted,0.23382378468280995,1849,0.5624661979448351,0.6727545683770806,128,0.625
UNPIX,R4_strongest,0.2447521334950654,2457,0.5612535612535613,0.39382486983613635,188,0.6117021276595744
UNPIX,majority_vote,0.2447521334950654,2457,0.5612535612535613,0.39382486983613635,188,0.6117021276595744
UNPIX,priority_score,0.2447521334950654,2457,0.5612535612535613,0.39382486983613635,188,0.6117021276595744
UNPIX,weighted,0.2447521334950654,2457,0.5612535612535613,0.39382486983613635,188,0.6117021276595744
UNPSX,R4_strongest,0.2613464405451889,1889,0.5622022233986236,0.49605682047254857,132,0.6515151515151515
UNPSX,majority_vote,0.2613464405451889,1889,0.5622022233986236,0.49605682047254857,132,0.6515151515151515
UNPSX,priority_score,0.2613464405451889,1889,0.5622022233986236,0.49605682047254857,132,0.6515151515151515
UNPSX,weighted,0.2613464405451889,1889,0.5622022233986236,0.49605682047254857,132,0.6515151515151515
UOPIX,R4_strongest,0.22001006680959995,3488,0.5627866972477065,0.36500595352231036,257,0.5914396887159533
UOPIX,majority_vote,0.22001006680959995,3488,0.5627866972477065,0.36500595352231036,257,0.5914396887159533
UOPIX,priority_score,0.22001006680959995,3488,0.5627866972477065,0.36500595352231036,257,0.5914396887159533
UOPIX,weighted,0.22001006680959995,3488,0.5627866972477065,0.36500595352231036,257,0.5914396887159533
UOPSX,R4_strongest,0.21000345853809665,3215,0.5567651632970451,0.3371807269501786,259,0.5907335907335908
UOPSX,majority_vote,0.21000345853809665,3215,0.5567651632970451,0.3371807269501786,259,0.5907335907335908
UOPSX,priority_score,0.21000345853809665,3215,0.5567651632970451,0.3371807269501786,259,0.5907335907335908
UOPSX,weighted,0.21000345853809665,3215,0.5567651632970451,0.3371807269501786,259,0.5907335907335908
USPIX,R4_strongest,0.33113671646369675,315,0.5555555555555556,0.6343427643851861,121,0.6115702479338843
USPIX,majority_vote,0.33113671646369675,315,0.5555555555555556,0.6343427643851861,121,0.6115702479338843
USPIX,priority_score,0.33113671646369675,315,0.5555555555555556,0.6343427643851861,121,0.6115702479338843
USPIX,weighted,0.33113671646369675,315,0.5555555555555556,0.6343427643851861,121,0.6115702479338843
USPSX,R4_strongest,0.48663813708408077,121,0.5537190082644629,0.9778102094410872,46,0.6739130434782609
USPSX,majority_vote,0.48663813708408077,121,0.5537190082644629,0.9778102094410872,46,0.6739130434782609
USPSX,priority_score,0.48663813708408077,121,0.5537190082644629,0.9778102094410872,46,0.6739130434782609
USPSX,weighted,0.48663813708408077,121,0.5537190082644629,0.9778102094410872,46,0.6739130434782609
UTPIX,R4_strongest,0.20256619829080547,2053,0.565026790063322,0.2714252399871548,142,0.5845070422535211
UTPIX,majority_vote,0.20256619829080547,2053,0.565026790063322,0.2714252399871548,142,0.5845070422535211
UTPIX,priority_score,0.20256619829080547,2053,0.565026790063322,0.2714252399871548,142,0.5845070422535211
UTPIX,weighted,0.20256619829080547,2053,0.565026790063322,0.2714252399871548,142,0.5845070422535211
UTPSX,R4_strongest,0.22740971127215315,1690,0.5733727810650887,0.28918800167067343,123,0.5772357723577236
UTPSX,majority_vote,0.22740971127215315,1690,0.5733727810650887,0.28918800167067343,123,0.5772357723577236
UTPSX,priority_score,0.22740971127215315,1690,0.5733727810650887,0.28918800167067343,123,0.5772357723577236
UTPSX,weighted,0.22740971127215315,1690,0.5733727810650887,0.28918800167067343,123,0.5772357723577236
UUPIX,R4_strongest,0.2493863564506906,2389,0.5496023440770197,0.5376592751767253,182,0.5659340659340659
UUPIX,majority_vote,0.2493863564506906,2389,0.5496023440770197,0.5376592751767253,182,0.5659340659340659
UUPIX,priority_score,0.24325790435708672,2389,0.5466722478024278,0.5392679843198963,182,0.554945054945055
UUPIX,weighted,0.2493863564506906,2389,0.5496023440770197,0.5376592751767253,182,0.5659340659340659
UUPSX,R4_strongest,0.24588532681198152,2389,0.5491837588949351,0.5331561232347852,182,0.5659340659340659
UUPSX,majority_vote,0.24588532681198152,2389,0.5491837588949351,0.5331561232347852,182,0.5659340659340659
UUPSX,priority_score,0.23967690319844573,2389,0.5462536626203432,0.5348751146053934,182,0.554945054945055
UUPSX,weighted,0.24588532681198152,2389,0.5491837588949351,0.5331561232347852,182,0.5659340659340659
UVPIX,R4_strongest,0.24166137158249412,737,0.5590230664857531,0.3671192345460993,93,0.5591397849462365
UVPIX,majority_vote,0.24166137158249412,737,0.5590230664857531,0.3671192345460993,93,0.5591397849462365
UVPIX,priority_score,0.24166137158249412,737,0.5590230664857531,0.3671192345460993,93,0.5591397849462365
UVPIX,weighted,0.24166137158249412,737,0.5590230664857531,0.3671192345460993,93,0.5591397849462365
UVPSX,R4_strongest,0.23916981527372128,1011,0.5539070227497527,0.20760104262180004,149,0.5234899328859061
UVPSX,majority_vote,0.23916981527372128,1011,0.5539070227497527,0.20760104262180004,149,0.5234899328859061
UVPSX,priority_score,0.24100095193699847,1011,0.5558852621167161,0.20083791914441523,149,0.5234899328859061
UVPSX,weighted,0.23916981527372128,1011,0.5539070227497527,0.20760104262180004,149,0.5234899328859061
UWPSX,R4_strongest,0.3913202202965446,128,0.5625,0.4397272093760715,41,0.5609756097560976
UWPSX,majority_vote,0.3913202202965446,128,0.5625,0.4397272093760715,41,0.5609756097560976
UWPSX,priority_score,0.3913202202965446,128,0.5625,0.4397272093760715,41,0.5609756097560976
UWPSX,weighted,0.3913202202965446,128,0.5625,0.4397272093760715,41,0.5609756097560976
UXPSX,R4_strongest,0.2260833878153247,200,0.57,0.2118936056471965,34,0.5882352941176471
UXPSX,majority_vote,0.2260833878153247,200,0.57,0.2118936056471965,34,0.5882352941176471
UXPSX,priority_score,0.2260833878153247,200,0.57,0.2118936056471965,34,0.5882352941176471
UXPSX,weighted,0.2260833878153247,200,0.57,0.2118936056471965,34,0.5882352941176471
WCPIX,R4_strongest,0.25528061146202274,1800,0.5811111111111111,0.26107984311081717,136,0.5735294117647058
WCPIX,majority_vote,0.25528061146202274,1800,0.5811111111111111,0.26107984311081717,136,0.5735294117647058
WCPIX,priority_score,0.25759272376178954,1800,0.5827777777777777,0.27637929807778083,136,0.5882352941176471
WCPIX,weighted,0.25528061146202274,1800,0.5811111111111111,0.26107984311081717,136,0.5735294117647058
WCPSX,R4_strongest,0.2523712398700325,1800,0.5794444444444444,0.2563700324090793,136,0.5588235294117647
WCPSX,majority_vote,0.2523712398700325,1800,0.5794444444444444,0.2563700324090793,136,0.5588235294117647
WCPSX,priority_score,0.2548306697950421,1800,0.5811111111111111,0.2716141587265413,136,0.5735294117647058
WCPSX,weighted,0.2523712398700325,1800,0.5794444444444444,0.2563700324090793,136,0.5588235294117647
