Date,Open,High,Low,Close,Volume,Adj Close
2022-03-07,33.610001,33.610001,33.610001,33.610001,0.000000,33.610001
2022-03-08,33.790001,33.790001,33.790001,33.790001,0.000000,33.790001
2022-03-09,34.450001,34.450001,34.450001,34.450001,0.000000,34.450001
2022-03-10,34.360001,34.360001,34.360001,34.360001,0.000000,34.360001
2022-03-11,34.110001,34.110001,34.110001,34.110001,0.000000,34.110001
2022-03-14,33.980000,33.980000,33.980000,33.980000,0.000000,33.980000
2022-03-15,34.160000,34.160000,34.160000,34.160000,0.000000,34.160000
2022-03-16,34.849998,34.849998,34.849998,34.849998,0.000000,34.849998
2022-03-17,35.240002,35.240002,35.240002,35.240002,0.000000,35.240002
2022-03-18,35.450001,35.450001,35.450001,35.450001,0.000000,35.450001
2022-03-21,35.389999,35.389999,35.389999,35.389999,0.000000,35.389999
2022-03-22,35.549999,35.549999,35.549999,35.549999,0.000000,35.549999
2022-03-23,35.299999,35.299999,35.299999,35.299999,0.000000,35.299999
2022-03-24,35.590000,35.590000,35.590000,35.590000,0.000000,35.590000
2022-03-25,35.689999,35.689999,35.689999,35.689999,0.000000,35.689999
2022-03-28,35.580002,35.580002,35.580002,35.580002,0.000000,35.580002
2022-03-29,36.049999,36.049999,36.049999,36.049999,0.000000,36.049999
2022-03-30,35.970001,35.970001,35.970001,35.970001,0.000000,35.970001
2022-03-31,35.639999,35.639999,35.639999,35.639999,0.000000,35.639999
2022-04-01,35.709999,35.709999,35.709999,35.709999,0.000000,35.709999
2022-04-04,35.770000,35.770000,35.770000,35.770000,0.000000,35.770000
2022-04-05,35.419998,35.419998,35.419998,35.419998,0.000000,35.419998
2022-04-06,35.259998,35.259998,35.259998,35.259998,0.000000,35.259998
2022-04-07,35.189999,35.189999,35.189999,35.189999,0.000000,35.189999
2022-04-08,35.270000,35.270000,35.270000,35.270000,0.000000,35.270000
2022-04-11,34.939999,34.939999,34.939999,34.939999,0.000000,34.939999
2022-04-12,34.799999,34.799999,34.799999,34.799999,0.000000,34.799999
2022-04-13,35.169998,35.169998,35.169998,35.169998,0.000000,35.169998
2022-04-14,34.959999,34.959999,34.959999,34.959999,0.000000,34.959999
2022-04-18,34.910000,34.910000,34.910000,34.910000,0.000000,34.910000
2022-04-19,35.200001,35.200001,35.200001,35.200001,0.000000,35.200001
2022-04-20,35.389999,35.389999,35.389999,35.389999,0.000000,35.389999
2022-04-21,35.080002,35.080002,35.080002,35.080002,0.000000,35.080002
2022-04-22,34.340000,34.340000,34.340000,34.340000,0.000000,34.340000
2022-04-25,34.220001,34.220001,34.220001,34.220001,0.000000,34.220001
2022-04-26,33.500000,33.500000,33.500000,33.500000,0.000000,33.500000
2022-04-27,33.410000,33.410000,33.410000,33.410000,0.000000,33.410000
2022-04-28,33.910000,33.910000,33.910000,33.910000,0.000000,33.910000
2022-04-29,33.590000,33.590000,33.590000,33.590000,0.000000,33.590000
2022-05-02,33.639999,33.639999,33.639999,33.639999,0.000000,33.639999
2022-05-03,33.849998,33.849998,33.849998,33.849998,0.000000,33.849998
2022-05-04,34.470001,34.470001,34.470001,34.470001,0.000000,34.470001
2022-05-05,33.700001,33.700001,33.700001,33.700001,0.000000,33.700001
2022-05-06,33.500000,33.500000,33.500000,33.500000,0.000000,33.500000
2022-05-09,32.740002,32.740002,32.740002,32.740002,0.000000,32.740002
2022-05-10,32.869999,32.869999,32.869999,32.869999,0.000000,32.869999
2022-05-11,32.580002,32.580002,32.580002,32.580002,0.000000,32.580002
2022-05-12,32.590000,32.590000,32.590000,32.590000,0.000000,32.590000
2022-05-13,33.220001,33.220001,33.220001,33.220001,0.000000,33.220001
2022-05-16,33.189999,33.189999,33.189999,33.189999,0.000000,33.189999
2022-05-17,33.900002,33.900002,33.900002,33.900002,0.000000,33.900002
2022-05-18,33.180000,33.180000,33.180000,33.180000,0.000000,33.180000
2022-05-19,33.330002,33.330002,33.330002,33.330002,0.000000,33.330002
2022-05-20,33.430000,33.430000,33.430000,33.430000,0.000000,33.430000
2022-05-23,33.860001,33.860001,33.860001,33.860001,0.000000,33.860001
2022-05-24,33.570000,33.570000,33.570000,33.570000,0.000000,33.570000
2022-05-25,33.730000,33.730000,33.730000,33.730000,0.000000,33.730000
2022-05-26,34.230000,34.230000,34.230000,34.230000,0.000000,34.230000
2022-05-27,34.630001,34.630001,34.630001,34.630001,0.000000,34.630001
2022-05-31,34.660000,34.660000,34.660000,34.660000,0.000000,34.660000
2022-06-01,34.380001,34.380001,34.380001,34.380001,0.000000,34.380001
2022-06-02,34.790001,34.790001,34.790001,34.790001,0.000000,34.790001
2022-06-03,34.430000,34.430000,34.430000,34.430000,0.000000,34.430000
2022-06-06,34.520000,34.520000,34.520000,34.520000,0.000000,34.520000
2022-06-07,34.639999,34.639999,34.639999,34.639999,0.000000,34.639999
2022-06-08,34.470001,34.470001,34.470001,34.470001,0.000000,34.470001
2022-06-09,33.849998,33.849998,33.849998,33.849998,0.000000,33.849998
2022-06-10,33.110001,33.110001,33.110001,33.110001,0.000000,33.110001
2022-06-13,32.119999,32.119999,32.119999,32.119999,0.000000,32.119999
2022-06-14,32.130001,32.130001,32.130001,32.130001,0.000000,32.130001
2022-06-15,32.520000,32.520000,32.520000,32.520000,0.000000,32.520000
2022-06-16,31.660000,31.660000,31.660000,31.660000,0.000000,31.660000
2022-06-17,31.750000,31.750000,31.750000,31.750000,0.000000,31.750000
2022-06-21,31.940001,31.940001,31.940001,31.940001,0.000000,31.940001
2022-06-22,31.700001,31.700001,31.700001,31.700001,0.000000,31.700001
2022-06-23,31.590000,31.590000,31.590000,31.590000,0.000000,31.590000
2022-06-24,32.340000,32.340000,32.340000,32.340000,0.000000,32.340000
2022-06-27,32.320000,32.320000,32.320000,32.320000,0.000000,32.320000
2022-06-28,32.099998,32.099998,32.099998,32.099998,0.000000,32.099998
2022-06-29,31.879999,31.879999,31.879999,31.879999,0.000000,31.879999
2022-06-30,31.580000,31.580000,31.580000,31.580000,0.000000,31.580000
2022-07-01,31.639999,31.639999,31.639999,31.639999,0.000000,31.639999
2022-07-05,31.350000,31.350000,31.350000,31.350000,0.000000,31.350000
2022-07-06,31.190001,31.190001,31.190001,31.190001,0.000000,31.190001
2022-07-07,31.620001,31.620001,31.620001,31.620001,0.000000,31.620001
2022-07-08,31.610001,31.610001,31.610001,31.610001,0.000000,31.610001
2022-07-11,31.000000,31.000000,31.000000,31.000000,0.000000,31.000000
2022-07-12,30.959999,30.959999,30.959999,30.959999,0.000000,30.959999
2022-07-13,30.860001,30.860001,30.860001,30.860001,0.000000,30.860001
2022-07-14,30.459999,30.459999,30.459999,30.459999,0.000000,30.459999
2022-07-15,30.969999,30.969999,30.969999,30.969999,0.000000,30.969999
2022-07-18,31.110001,31.110001,31.110001,31.110001,0.000000,31.110001
2022-07-19,31.920000,31.920000,31.920000,31.920000,0.000000,31.920000
2022-07-20,31.930000,31.930000,31.930000,31.930000,0.000000,31.930000
2022-07-21,32.090000,32.090000,32.090000,32.090000,0.000000,32.090000
2022-07-22,31.879999,31.879999,31.879999,31.879999,0.000000,31.879999
2022-07-25,31.969999,31.969999,31.969999,31.969999,0.000000,31.969999
2022-07-26,31.660000,31.660000,31.660000,31.660000,0.000000,31.660000
2022-07-27,32.150002,32.150002,32.150002,32.150002,0.000000,32.150002
2022-07-28,32.130001,32.130001,32.130001,32.130001,0.000000,32.130001
2022-07-29,32.250000,32.250000,32.250000,32.250000,0.000000,32.250000
2022-08-01,32.220001,32.220001,32.220001,32.220001,0.000000,32.220001
2022-08-02,32.000000,32.000000,32.000000,32.000000,0.000000,32.000000
2022-08-03,32.320000,32.320000,32.320000,32.320000,0.000000,32.320000
2022-08-04,32.250000,32.250000,32.250000,32.250000,0.000000,32.250000
2022-08-05,32.169998,32.169998,32.169998,32.169998,0.000000,32.169998
2022-08-08,32.200001,32.200001,32.200001,32.200001,0.000000,32.200001
2022-08-09,31.990000,31.990000,31.990000,31.990000,0.000000,31.990000
2022-08-10,32.570000,32.570000,32.570000,32.570000,0.000000,32.570000
2022-08-11,32.770000,32.770000,32.770000,32.770000,0.000000,32.770000
2022-08-12,33.080002,33.080002,33.080002,33.080002,0.000000,33.080002
2022-08-15,32.910000,32.910000,32.910000,32.910000,0.000000,32.910000
2022-08-16,32.980000,32.980000,32.980000,32.980000,0.000000,32.980000
2022-08-17,32.610001,32.610001,32.610001,32.610001,0.000000,32.610001
2022-08-18,32.590000,32.590000,32.590000,32.590000,0.000000,32.590000
2022-08-19,32.240002,32.240002,32.240002,32.240002,0.000000,32.240002
2022-08-22,31.629999,31.629999,31.629999,31.629999,0.000000,31.629999
2022-08-23,31.730000,31.730000,31.730000,31.730000,0.000000,31.730000
2022-08-24,31.719999,31.719999,31.719999,31.719999,0.000000,31.719999
2022-08-25,32.160000,32.160000,32.160000,32.160000,0.000000,32.160000
2022-08-26,31.410000,31.410000,31.410000,31.410000,0.000000,31.410000
2022-08-29,31.320000,31.320000,31.320000,31.320000,0.000000,31.320000
2022-08-30,31.190001,31.190001,31.190001,31.190001,0.000000,31.190001
2022-08-31,31.070000,31.070000,31.070000,31.070000,0.000000,31.070000
2022-09-01,30.870001,30.870001,30.870001,30.870001,0.000000,30.870001
2022-09-02,30.740000,30.740000,30.740000,30.740000,0.000000,30.740000
2022-09-06,30.430000,30.430000,30.430000,30.430000,0.000000,30.430000
2022-09-07,30.709999,30.709999,30.709999,30.709999,0.000000,30.709999
2022-09-08,30.740000,30.740000,30.740000,30.740000,0.000000,30.740000
2022-09-09,31.280001,31.280001,31.280001,31.280001,0.000000,31.280001
2022-09-12,31.600000,31.600000,31.600000,31.600000,0.000000,31.600000
2022-09-13,30.670000,30.670000,30.670000,30.670000,0.000000,30.670000
2022-09-14,30.660000,30.660000,30.660000,30.660000,0.000000,30.660000
2022-09-15,30.450001,30.450001,30.450001,30.450001,0.000000,30.450001
2022-09-16,30.080000,30.080000,30.080000,30.080000,0.000000,30.080000
2022-09-19,30.209999,30.209999,30.209999,30.209999,0.000000,30.209999
2022-09-20,29.870001,29.870001,29.870001,29.870001,0.000000,29.870001
2022-09-21,29.510000,29.510000,29.510000,29.510000,0.000000,29.510000
2022-09-22,29.340000,29.340000,29.340000,29.340000,0.000000,29.340000
2022-09-23,28.629999,28.629999,28.629999,28.629999,0.000000,28.629999
2022-09-26,28.219999,28.219999,28.219999,28.219999,0.000000,28.219999
2022-09-27,28.160000,28.160000,28.160000,28.160000,0.000000,28.160000
2022-09-28,28.549999,28.549999,28.549999,28.549999,0.000000,28.549999
2022-09-29,28.190001,28.190001,28.190001,28.190001,0.000000,28.190001
2022-09-30,28.010000,28.010000,28.010000,28.010000,0.000000,28.010000
2022-10-03,28.530001,28.530001,28.530001,28.530001,0.000000,28.530001
2022-10-04,29.340000,29.340000,29.340000,29.340000,0.000000,29.340000
2022-10-05,29.150000,29.150000,29.150000,29.150000,0.000000,29.150000
2022-10-06,28.870001,28.870001,28.870001,28.870001,0.000000,28.870001
2022-10-07,28.490000,28.490000,28.490000,28.490000,0.000000,28.490000
2022-10-10,28.320000,28.320000,28.320000,28.320000,0.000000,28.320000
2022-10-11,28.090000,28.090000,28.090000,28.090000,0.000000,28.090000
2022-10-12,28.020000,28.020000,28.020000,28.020000,0.000000,28.020000
2022-10-13,28.459999,28.459999,28.459999,28.459999,0.000000,28.459999
2022-10-14,28.110001,28.110001,28.110001,28.110001,0.000000,28.110001
2022-10-17,28.590000,28.590000,28.590000,28.590000,0.000000,28.590000
2022-10-18,28.750000,28.750000,28.750000,28.750000,0.000000,28.750000
2022-10-19,28.410000,28.410000,28.410000,28.410000,0.000000,28.410000
2022-10-20,28.350000,28.350000,28.350000,28.350000,0.000000,28.350000
2022-10-21,28.650000,28.650000,28.650000,28.650000,0.000000,28.650000
2022-10-24,28.530001,28.530001,28.530001,28.530001,0.000000,28.530001
2022-10-25,28.940001,28.940001,28.940001,28.940001,0.000000,28.940001
2022-10-26,29.110001,29.110001,29.110001,29.110001,0.000000,29.110001
2022-10-27,28.990000,28.990000,28.990000,28.990000,0.000000,28.990000
2022-10-28,29.200001,29.200001,29.200001,29.200001,0.000000,29.200001
2022-10-31,29.010000,29.010000,29.010000,29.010000,0.000000,29.010000
2022-11-01,29.230000,29.230000,29.230000,29.230000,0.000000,29.230000
2022-11-02,28.840000,28.840000,28.840000,28.840000,0.000000,28.840000
2022-11-03,28.400000,28.400000,28.400000,28.400000,0.000000,28.400000
2022-11-04,29.230000,29.230000,29.230000,29.230000,0.000000,29.230000
2022-11-07,29.490000,29.490000,29.490000,29.490000,0.000000,29.490000
2022-11-08,29.700001,29.700001,29.700001,29.700001,0.000000,29.700001
2022-11-09,29.350000,29.350000,29.350000,29.350000,0.000000,29.350000
2022-11-10,30.420000,30.420000,30.420000,30.420000,0.000000,30.420000
2022-11-11,31.110001,31.110001,31.110001,31.110001,0.000000,31.110001
2022-11-14,30.889999,30.889999,30.889999,30.889999,0.000000,30.889999
2022-11-15,31.200001,31.200001,31.200001,31.200001,0.000000,31.200001
2022-11-16,30.879999,30.879999,30.879999,30.879999,0.000000,30.879999
2022-11-17,30.879999,30.879999,30.879999,30.879999,0.000000,30.879999
2022-11-18,30.959999,30.959999,30.959999,30.959999,0.000000,30.959999
2022-11-21,30.740000,30.740000,30.740000,30.740000,0.000000,30.740000
2022-11-22,31.100000,31.100000,31.100000,31.100000,0.000000,31.100000
2022-11-23,31.309999,31.309999,31.309999,31.309999,0.000000,31.309999
2022-11-25,31.400000,31.400000,31.400000,31.400000,0.000000,31.400000
2022-11-28,31.059999,31.059999,31.059999,31.059999,0.000000,31.059999
2022-11-29,31.360001,31.360001,31.360001,31.360001,0.000000,31.360001
2022-11-30,31.920000,31.920000,31.920000,31.920000,0.000000,31.920000
2022-12-01,32.040001,32.040001,32.040001,32.040001,0.000000,32.040001
2022-12-02,32.080002,32.080002,32.080002,32.080002,0.000000,32.080002
2022-12-05,31.680000,31.680000,31.680000,31.680000,0.000000,31.680000
2022-12-06,31.389999,31.389999,31.389999,31.389999,0.000000,31.389999
2022-12-07,31.280001,31.280001,31.280001,31.280001,0.000000,31.280001
2022-12-08,31.430000,31.430000,31.430000,31.430000,0.000000,31.430000
2022-12-09,31.440001,31.440001,31.440001,31.440001,0.000000,31.440001
2022-12-12,31.580000,31.580000,31.580000,31.580000,0.000000,31.580000
2022-12-13,31.959999,31.959999,31.959999,31.959999,0.000000,31.959999
2022-12-14,31.850000,31.850000,31.850000,31.850000,0.000000,31.850000
2022-12-15,31.230000,31.230000,31.230000,31.230000,0.000000,31.230000
2022-12-16,31.110001,31.110001,31.110001,31.110001,0.000000,31.110001
2022-12-19,31.000000,31.000000,31.000000,31.000000,0.000000,31.000000
2022-12-20,31.170000,31.170000,31.170000,31.170000,0.000000,31.170000
2022-12-21,31.410000,31.410000,31.410000,31.410000,0.000000,31.410000
2022-12-22,31.270000,31.270000,31.270000,31.270000,0.000000,31.270000
2022-12-23,31.389999,31.389999,31.389999,31.389999,0.000000,31.389999
2022-12-27,31.420000,31.420000,31.420000,31.420000,0.000000,31.420000
2022-12-28,31.100000,31.100000,31.100000,31.100000,0.000000,31.100000
2022-12-29,31.500000,31.500000,31.500000,31.500000,0.000000,31.500000
2022-12-30,31.430000,31.430000,31.430000,31.430000,0.000000,31.430000
2023-01-03,31.610001,31.610001,31.610001,31.610001,0.000000,31.610001
2023-01-04,32.169998,32.169998,32.169998,32.169998,0.000000,32.169998
2023-01-05,32.029999,32.029999,32.029999,32.029999,0.000000,32.029999
2023-01-06,32.610001,32.610001,32.610001,32.610001,0.000000,32.610001
2023-01-09,32.790001,32.790001,32.790001,32.790001,0.000000,32.790001
2023-01-10,32.959999,32.959999,32.959999,32.959999,0.000000,32.959999
2023-01-11,33.150002,33.150002,33.150002,33.150002,0.000000,33.150002
2023-01-12,33.509998,33.509998,33.509998,33.509998,0.000000,33.509998
2023-01-13,,,,,,
2023-01-17,33.709999,33.709999,33.709999,33.709999,0.000000,33.709999
2023-01-18,33.500000,33.500000,33.500000,33.500000,0.000000,33.500000
2023-01-19,33.410000,33.410000,33.410000,33.410000,0.000000,33.410000
2023-01-20,33.810001,33.810001,33.810001,33.810001,0.000000,33.810001
2023-01-23,34.060001,34.060001,34.060001,34.060001,0.000000,34.060001
2023-01-24,33.930000,33.930000,33.930000,33.930000,0.000000,33.930000
2023-01-25,34.029999,34.029999,34.029999,34.029999,0.000000,34.029999
2023-01-26,34.209999,34.209999,34.209999,34.209999,0.000000,34.209999
2023-01-27,34.310001,34.310001,34.310001,34.310001,0.000000,34.310001
2023-01-30,34.009998,34.009998,34.009998,34.009998,0.000000,34.009998
2023-01-31,34.259998,34.259998,34.259998,34.259998,0.000000,34.259998
2023-02-01,34.730000,34.730000,34.730000,34.730000,0.000000,34.730000
2023-02-02,35.029999,35.029999,35.029999,35.029999,0.000000,35.029999
2023-02-03,34.630001,34.630001,34.630001,34.630001,0.000000,34.630001
2023-02-06,34.139999,34.139999,34.139999,34.139999,0.000000,34.139999
2023-02-07,34.439999,34.439999,34.439999,34.439999,0.000000,34.439999
2023-02-08,34.259998,34.259998,34.259998,34.259998,0.000000,34.259998
2023-02-09,34.160000,34.160000,34.160000,34.160000,0.000000,34.160000
2023-02-10,34.049999,34.049999,34.049999,34.049999,0.000000,34.049999
2023-02-13,34.160000,34.160000,34.160000,34.160000,0.000000,34.160000
2023-02-14,34.220001,34.220001,34.220001,34.220001,0.000000,34.220001
2023-02-15,34.180000,34.180000,34.180000,34.180000,0.000000,34.180000
2023-02-16,34.029999,34.029999,34.029999,34.029999,0.000000,34.029999
2023-02-17,33.970001,33.970001,33.970001,33.970001,0.000000,33.970001
2023-02-21,33.410000,33.410000,33.410000,33.410000,0.000000,33.410000
2023-02-22,33.439999,33.439999,33.439999,33.439999,0.000000,33.439999
2023-02-23,33.560001,33.560001,33.560001,33.560001,0.000000,33.560001
2023-02-24,33.110001,33.110001,33.110001,33.110001,0.000000,33.110001
2023-02-27,33.299999,33.299999,33.299999,33.299999,0.000000,33.299999
2023-02-28,33.070000,33.070000,33.070000,33.070000,0.000000,33.070000
2023-03-01,33.240002,33.240002,33.240002,33.240002,0.000000,33.240002
2023-03-02,33.320000,33.320000,33.320000,33.320000,0.000000,33.320000
2023-03-03,33.680000,33.680000,33.680000,33.680000,0.000000,33.680000
2023-03-06,33.619999,33.619999,33.619999,33.619999,0.000000,33.619999
2023-03-07,33.110001,33.110001,33.110001,33.110001,0.000000,33.110001
2023-03-08,33.189999,33.189999,33.189999,33.189999,0.000000,33.189999
2023-03-09,32.790001,32.790001,32.790001,32.790001,0.000000,32.790001
2023-03-10,32.590000,32.590000,32.590000,32.590000,0.000000,32.590000
2023-03-13,32.250000,32.250000,32.250000,32.250000,0.000000,32.250000
2023-03-14,32.500000,32.500000,32.500000,32.500000,0.000000,32.500000
2023-03-15,31.840000,31.840000,31.840000,31.840000,0.000000,31.840000
2023-03-16,,,,,,
2023-03-17,31.940001,31.940001,31.940001,31.940001,0.000000,31.940001
2023-03-20,32.180000,32.180000,32.180000,32.180000,0.000000,32.180000
2023-03-21,32.610001,32.610001,32.610001,32.610001,0.000000,32.610001
2023-03-22,32.470001,32.470001,32.470001,32.470001,0.000000,32.470001
2023-03-23,32.580002,32.580002,32.580002,32.580002,0.000000,32.580002
2023-03-24,32.500000,32.500000,32.500000,32.500000,0.000000,32.500000
2023-03-27,32.709999,32.709999,32.709999,32.709999,0.000000,32.709999
2023-03-28,32.900002,32.900002,32.900002,32.900002,0.000000,32.900002
2023-03-29,33.139999,33.139999,33.139999,33.139999,0.000000,33.139999
2023-03-30,,,,,,
2023-03-31,33.570000,33.570000,33.570000,33.570000,0.000000,33.570000
2023-04-03,33.669998,33.669998,33.669998,33.669998,0.000000,33.669998
2023-04-04,33.580002,33.580002,33.580002,33.580002,0.000000,33.580002
2023-04-05,33.419998,33.419998,33.419998,33.419998,0.000000,33.419998
2023-04-06,33.570000,33.570000,33.570000,33.570000,0.000000,33.570000
2023-04-10,33.610001,33.610001,33.610001,33.610001,0.000000,33.610001
2023-04-11,33.740002,33.740002,33.740002,33.740002,0.000000,33.740002
2023-04-12,33.680000,33.680000,33.680000,33.680000,0.000000,33.680000
2023-04-13,34.029999,34.029999,34.029999,34.029999,0.000000,34.029999
2023-04-14,34.020000,34.020000,34.020000,34.020000,0.000000,34.020000
2023-04-17,34.070000,34.070000,34.070000,34.070000,0.000000,34.070000
2023-04-18,34.110001,34.110001,34.110001,34.110001,0.000000,34.110001
2023-04-19,33.990002,33.990002,33.990002,33.990002,0.000000,33.990002
2023-04-20,33.830002,33.830002,33.830002,33.830002,0.000000,33.830002
2023-04-21,33.880001,33.880001,33.880001,33.880001,0.000000,33.880001
2023-04-24,33.889999,33.889999,33.889999,33.889999,0.000000,33.889999
2023-04-25,33.419998,33.419998,33.419998,33.419998,0.000000,33.419998
2023-04-26,33.400002,33.400002,33.400002,33.400002,0.000000,33.400002
2023-04-27,33.779999,33.779999,33.779999,33.779999,0.000000,33.779999
2023-04-28,34.000000,34.000000,34.000000,34.000000,0.000000,34.000000
2023-05-01,33.930000,33.930000,33.930000,33.930000,0.000000,33.930000
2023-05-02,33.570000,33.570000,33.570000,33.570000,0.000000,33.570000
2023-05-03,33.540001,33.540001,33.540001,33.540001,0.000000,33.540001
2023-05-04,33.160000,33.160000,33.160000,33.160000,0.000000,33.160000
2023-05-05,33.650002,33.650002,33.650002,33.650002,0.000000,33.650002
2023-05-08,33.630001,33.630001,33.630001,33.630001,0.000000,33.630001
2023-05-09,33.470001,33.470001,33.470001,33.470001,0.000000,33.470001
2023-05-10,33.490002,33.490002,33.490002,33.490002,0.000000,33.490002
2023-05-11,33.360001,33.360001,33.360001,33.360001,0.000000,33.360001
2023-05-12,33.200001,33.200001,33.200001,33.200001,0.000000,33.200001
2023-05-15,33.480000,33.480000,33.480000,33.480000,0.000000,33.480000
2023-05-16,33.259998,33.259998,33.259998,33.259998,0.000000,33.259998
2023-05-17,33.580002,33.580002,33.580002,33.580002,0.000000,33.580002
2023-05-18,33.610001,33.610001,33.610001,33.610001,0.000000,33.610001
2023-05-19,33.570000,33.570000,33.570000,33.570000,0.000000,33.570000
2023-05-22,33.660000,33.660000,33.660000,33.660000,0.000000,33.660000
2023-05-23,33.410000,33.410000,33.410000,33.410000,0.000000,33.410000
2023-05-24,33.020000,33.020000,33.020000,33.020000,0.000000,33.020000
2023-05-25,32.820000,32.820000,32.820000,32.820000,0.000000,32.820000
2023-05-26,33.110001,33.110001,33.110001,33.110001,0.000000,33.110001
2023-05-30,33.080002,33.080002,33.080002,33.080002,0.000000,33.080002
2023-05-31,32.750000,32.750000,32.750000,32.750000,0.000000,32.750000
2023-06-01,33.040001,33.040001,33.040001,33.040001,0.000000,33.040001
2023-06-02,33.470001,33.470001,33.470001,33.470001,0.000000,33.470001
2023-06-05,33.419998,33.419998,33.419998,33.419998,0.000000,33.419998
2023-06-06,33.630001,33.630001,33.630001,33.630001,0.000000,33.630001
2023-06-07,33.650002,33.650002,33.650002,33.650002,0.000000,33.650002
2023-06-08,33.779999,33.779999,33.779999,33.779999,0.000000,33.779999
2023-06-09,33.810001,33.810001,33.810001,33.810001,0.000000,33.810001
2023-06-12,33.939999,33.939999,33.939999,33.939999,0.000000,33.939999
2023-06-13,34.189999,34.189999,34.189999,34.189999,0.000000,34.189999
2023-06-14,34.270000,34.270000,34.270000,34.270000,0.000000,34.270000
2023-06-15,34.549999,34.549999,34.549999,34.549999,0.000000,34.549999
2023-06-16,34.419998,34.419998,34.419998,34.419998,0.000000,34.419998
2023-06-20,34.080002,34.080002,34.080002,34.080002,0.000000,34.080002
2023-06-21,34.080002,34.080002,34.080002,34.080002,0.000000,34.080002
2023-06-22,34.000000,34.000000,34.000000,34.000000,0.000000,34.000000
2023-06-23,33.700001,33.700001,33.700001,33.700001,0.000000,33.700001
2023-06-26,33.759998,33.759998,33.759998,33.759998,0.000000,33.759998
2023-06-27,34.020000,34.020000,34.020000,34.020000,0.000000,34.020000
2023-06-28,33.990002,33.990002,33.990002,33.990002,0.000000,33.990002
2023-06-29,33.959999,33.959999,33.959999,33.959999,0.000000,33.959999
2023-06-30,34.189999,34.189999,34.189999,34.189999,0.000000,34.189999
2023-07-03,34.389999,34.389999,34.389999,34.389999,0.000000,34.389999
2023-07-05,34.259998,34.259998,34.259998,34.259998,0.000000,34.259998
2023-07-06,33.820000,33.820000,33.820000,33.820000,0.000000,33.820000
2023-07-07,34.060001,34.060001,34.060001,34.060001,0.000000,34.060001
2023-07-10,34.169998,34.169998,34.169998,34.169998,0.000000,34.169998
2023-07-11,34.549999,34.549999,34.549999,34.549999,0.000000,34.549999
2023-07-12,35.020000,35.020000,35.020000,35.020000,0.000000,35.020000
2023-07-13,35.349998,35.349998,35.349998,35.349998,0.000000,35.349998
2023-07-14,35.139999,35.139999,35.139999,35.139999,0.000000,35.139999
2023-07-17,35.160000,35.160000,35.160000,35.160000,0.000000,35.160000
2023-07-18,35.410000,35.410000,35.410000,35.410000,0.000000,35.410000
2023-07-19,35.529999,35.529999,35.529999,35.529999,0.000000,35.529999
2023-07-20,35.400002,35.400002,35.400002,35.400002,0.000000,35.400002
2023-07-21,35.310001,35.310001,35.310001,35.310001,0.000000,35.310001
2023-07-24,35.389999,35.389999,35.389999,35.389999,0.000000,35.389999
2023-07-25,35.389999,35.389999,35.389999,35.389999,0.000000,35.389999
2023-07-26,35.529999,35.529999,35.529999,35.529999,0.000000,35.529999
2023-07-27,35.349998,35.349998,35.349998,35.349998,0.000000,35.349998
2023-07-28,35.540001,35.540001,35.540001,35.540001,0.000000,35.540001
2023-07-31,35.599998,35.599998,35.599998,35.599998,0.000000,35.599998
2023-08-01,35.340000,35.340000,35.340000,35.340000,0.000000,35.340000
2023-08-02,34.820000,34.820000,34.820000,34.820000,0.000000,34.820000
2023-08-03,34.720001,34.720001,34.720001,34.720001,0.000000,34.720001
2023-08-04,34.799999,34.799999,34.799999,34.799999,0.000000,34.799999
2023-08-07,34.980000,34.980000,34.980000,34.980000,0.000000,34.980000
2023-08-08,34.709999,34.709999,34.709999,34.709999,0.000000,34.709999
2023-08-09,34.660000,34.660000,34.660000,34.660000,0.000000,34.660000
2023-08-10,,,,,,
2023-08-11,34.459999,34.459999,34.459999,34.459999,0.000000,34.459999
2023-08-14,34.290001,34.290001,34.290001,34.290001,0.000000,34.290001
2023-08-15,33.950001,33.950001,33.950001,33.950001,0.000000,33.950001
2023-08-16,33.750000,33.750000,33.750000,33.750000,0.000000,33.750000
2023-08-17,33.700001,33.700001,33.700001,33.700001,0.000000,33.700001
2023-08-18,33.650002,33.650002,33.650002,33.650002,0.000000,33.650002
2023-08-21,33.669998,33.669998,33.669998,33.669998,0.000000,33.669998
2023-08-22,33.590000,33.590000,33.590000,33.590000,0.000000,33.590000
2023-08-23,33.849998,33.849998,33.849998,33.849998,0.000000,33.849998
2023-08-24,33.660000,33.660000,33.660000,33.660000,0.000000,33.660000
2023-08-25,33.639999,33.639999,33.639999,33.639999,0.000000,33.639999
2023-08-28,33.889999,33.889999,33.889999,33.889999,0.000000,33.889999
2023-08-29,34.209999,34.209999,34.209999,34.209999,0.000000,34.209999
2023-08-30,34.240002,34.240002,34.240002,34.240002,0.000000,34.240002
2023-08-31,34.139999,34.139999,34.139999,34.139999,0.000000,34.139999
2023-09-01,34.180000,34.180000,34.180000,34.180000,0.000000,34.180000
2023-09-05,33.830002,33.830002,33.830002,33.830002,0.000000,33.830002
2023-09-06,33.669998,33.669998,33.669998,33.669998,0.000000,33.669998
2023-09-07,33.459999,33.459999,33.459999,33.459999,0.000000,33.459999
2023-09-08,33.509998,33.509998,33.509998,33.509998,0.000000,33.509998
2023-09-11,33.720001,33.720001,33.720001,33.720001,0.000000,33.720001
2023-09-12,33.660000,33.660000,33.660000,33.660000,0.000000,33.660000
2023-09-13,33.599998,33.599998,33.599998,33.599998,0.000000,33.599998
2023-09-14,33.810001,33.810001,33.810001,33.810001,0.000000,33.810001
2023-09-15,33.750000,33.750000,33.750000,33.750000,0.000000,33.750000
2023-09-18,33.599998,33.599998,33.599998,33.599998,0.000000,33.599998
2023-09-19,33.650002,33.650002,33.650002,33.650002,0.000000,33.650002
2023-09-20,33.599998,33.599998,33.599998,33.599998,0.000000,33.599998
2023-09-21,33.290001,33.290001,33.290001,33.290001,0.000000,33.290001
2023-09-22,33.180000,33.180000,33.180000,33.180000,0.000000,33.180000
2023-09-25,33.049999,33.049999,33.049999,33.049999,0.000000,33.049999
2023-09-26,32.689999,32.689999,32.689999,32.689999,0.000000,32.689999
2023-09-27,32.669998,32.669998,32.669998,32.669998,0.000000,32.669998
2023-09-28,32.820000,32.820000,32.820000,32.820000,0.000000,32.820000
2023-09-29,32.820000,32.820000,32.820000,32.820000,0.000000,32.820000
2023-10-02,32.480000,32.480000,32.480000,32.480000,0.000000,32.480000
2023-10-03,32.130001,32.130001,32.130001,32.130001,0.000000,32.130001
2023-10-04,,,,,,
2023-10-05,32.150002,32.150002,32.150002,32.150002,0.000000,32.150002
2023-10-06,32.369999,32.369999,32.369999,32.369999,0.000000,32.369999
2023-10-09,32.310001,32.310001,32.310001,32.310001,0.000000,32.310001
2023-10-10,32.680000,32.680000,32.680000,32.680000,0.000000,32.680000
2023-10-11,32.770000,32.770000,32.770000,32.770000,0.000000,32.770000
2023-10-12,32.459999,32.459999,32.459999,32.459999,0.000000,32.459999
2023-10-13,32.330002,32.330002,32.330002,32.330002,0.000000,32.330002
2023-10-16,32.549999,32.549999,32.549999,32.549999,0.000000,32.549999
2023-10-17,32.680000,32.680000,32.680000,32.680000,0.000000,32.680000
2023-10-18,32.220001,32.220001,32.220001,32.220001,0.000000,32.220001
2023-10-19,32.040001,32.040001,32.040001,32.040001,0.000000,32.040001
2023-10-20,31.870001,31.870001,31.870001,31.870001,0.000000,31.870001
2023-10-23,31.799999,31.799999,31.799999,31.799999,0.000000,31.799999
2023-10-24,31.889999,31.889999,31.889999,31.889999,0.000000,31.889999
2023-10-25,31.639999,31.639999,31.639999,31.639999,0.000000,31.639999
2023-10-26,31.570000,31.570000,31.570000,31.570000,0.000000,31.570000
2023-10-27,31.440001,31.440001,31.440001,31.440001,0.000000,31.440001
2023-10-30,31.730000,31.730000,31.730000,31.730000,0.000000,31.730000
2023-10-31,31.719999,31.719999,31.719999,31.719999,0.000000,31.719999
2023-11-01,31.799999,31.799999,31.799999,31.799999,0.000000,31.799999
2023-11-02,32.500000,32.500000,32.500000,32.500000,0.000000,32.500000
2023-11-03,33.020000,33.020000,33.020000,33.020000,0.000000,33.020000
2023-11-06,32.959999,32.959999,32.959999,32.959999,0.000000,32.959999
2023-11-07,32.840000,32.840000,32.840000,32.840000,0.000000,32.840000
2023-11-08,32.790001,32.790001,32.790001,32.790001,0.000000,32.790001
2023-11-09,32.610001,32.610001,32.610001,32.610001,0.000000,32.610001
2023-11-10,32.720001,32.720001,32.720001,32.720001,0.000000,32.720001
2023-11-13,32.770000,32.770000,32.770000,32.770000,0.000000,32.770000
2023-11-14,33.570000,33.570000,33.570000,33.570000,0.000000,33.570000
2023-11-15,33.889999,33.889999,33.889999,33.889999,0.000000,33.889999
2023-11-16,33.700001,33.700001,33.700001,33.700001,0.000000,33.700001
2023-11-17,33.959999,33.959999,33.959999,33.959999,0.000000,33.959999
2023-11-20,34.040001,34.040001,34.040001,34.040001,0.000000,34.040001
2023-11-21,33.930000,33.930000,33.930000,33.930000,0.000000,33.930000
2023-11-22,33.889999,33.889999,33.889999,33.889999,0.000000,33.889999
2023-11-24,34.070000,34.070000,34.070000,34.070000,0.000000,34.070000
2023-11-27,34.040001,34.040001,34.040001,34.040001,0.000000,34.040001
2023-11-28,34.169998,34.169998,34.169998,34.169998,0.000000,34.169998
2023-11-29,34.279999,34.279999,34.279999,34.279999,0.000000,34.279999
2023-11-30,34.290001,34.290001,34.290001,34.290001,0.000000,34.290001
2023-12-01,34.639999,34.639999,34.639999,34.639999,0.000000,34.639999
2023-12-04,34.529999,34.529999,34.529999,34.529999,0.000000,34.529999
2023-12-05,34.299999,34.299999,34.299999,34.299999,0.000000,34.299999
2023-12-06,34.389999,34.389999,34.389999,34.389999,0.000000,34.389999
2023-12-07,34.639999,34.639999,34.639999,34.639999,0.000000,34.639999
2023-12-08,34.720001,34.720001,34.720001,34.720001,0.000000,34.720001
2023-12-11,34.700001,34.700001,34.700001,34.700001,0.000000,34.700001
2023-12-12,34.669998,34.669998,34.669998,34.669998,0.000000,34.669998
2023-12-13,35.090000,35.090000,35.090000,35.090000,0.000000,35.090000
2023-12-14,35.790001,35.790001,35.790001,35.790001,0.000000,35.790001
2023-12-15,35.619999,35.619999,35.619999,35.619999,0.000000,35.619999
2023-12-18,35.580002,35.580002,35.580002,35.580002,0.000000,35.580002
2023-12-19,35.830002,35.830002,35.830002,35.830002,0.000000,35.830002
2023-12-20,35.500000,35.500000,35.500000,35.500000,0.000000,35.500000
2023-12-21,35.869999,35.869999,35.869999,35.869999,0.000000,35.869999
2023-12-22,35.900002,35.900002,35.900002,35.900002,0.000000,35.900002
2023-12-26,36.060001,36.060001,36.060001,36.060001,0.000000,36.060001
2023-12-27,36.189999,36.189999,36.189999,36.189999,0.000000,36.189999
2023-12-28,36.200001,36.200001,36.200001,36.200001,0.000000,36.200001
2023-12-29,36.119999,36.119999,36.119999,36.119999,0.000000,36.119999
2024-01-02,,,,,,
2024-01-03,,,,,,
2024-01-04,,,,,,
2024-01-05,,,,,,
2024-01-08,,,,,,
2024-01-09,35.599998,35.599998,35.599998,35.599998,0.000000,35.599998
2024-01-10,35.610001,35.610001,35.610001,35.610001,0.000000,35.610001
2024-01-11,35.509998,35.509998,35.509998,35.509998,0.000000,35.509998
2024-01-12,35.360001,35.360001,35.360001,35.360001,0.000000,35.360001
2024-01-16,34.820000,34.820000,34.820000,34.820000,0.000000,34.820000
2024-01-17,34.430000,34.430000,34.430000,34.430000,0.000000,34.430000
2024-01-18,34.540001,34.540001,34.540001,34.540001,0.000000,34.540001
2024-01-19,34.730000,34.730000,34.730000,34.730000,0.000000,34.730000
2024-01-22,34.880001,34.880001,34.880001,34.880001,0.000000,34.880001
2024-01-23,34.990002,34.990002,34.990002,34.990002,0.000000,34.990002
2024-01-24,34.959999,34.959999,34.959999,34.959999,0.000000,34.959999
2024-01-25,,,,,,
2024-01-26,35.230000,35.230000,35.230000,35.230000,0.000000,35.230000
2024-01-29,35.259998,35.259998,35.259998,35.259998,0.000000,35.259998
2024-01-30,35.209999,35.209999,35.209999,35.209999,0.000000,35.209999
2024-01-31,34.990002,34.990002,34.990002,34.990002,0.000000,34.990002
2024-02-01,35.250000,35.250000,35.250000,35.250000,0.000000,35.250000
2024-02-02,35.049999,35.049999,35.049999,35.049999,0.000000,35.049999
2024-02-05,34.709999,34.709999,34.709999,34.709999,0.000000,34.709999
2024-02-06,35.060001,35.060001,35.060001,35.060001,0.000000,35.060001
2024-02-07,34.910000,34.910000,34.910000,34.910000,0.000000,34.910000
2024-02-08,34.939999,34.939999,34.939999,34.939999,0.000000,34.939999
2024-02-09,35.070000,35.070000,35.070000,35.070000,0.000000,35.070000
2024-02-12,35.299999,35.299999,35.299999,35.299999,0.000000,35.299999
2024-02-13,34.720001,34.720001,34.720001,34.720001,0.000000,34.720001
2024-02-14,34.970001,34.970001,34.970001,34.970001,0.000000,34.970001
2024-02-15,35.209999,35.209999,35.209999,35.209999,0.000000,35.209999
2024-02-16,35.209999,35.209999,35.209999,35.209999,0.000000,35.209999
2024-02-20,35.130001,35.130001,35.130001,35.130001,0.000000,35.130001
2024-02-21,35.200001,35.200001,35.200001,35.200001,0.000000,35.200001
2024-02-22,35.380001,35.380001,35.380001,35.380001,0.000000,35.380001
2024-02-23,35.419998,35.419998,35.419998,35.419998,0.000000,35.419998
2024-02-26,35.349998,35.349998,35.349998,35.349998,0.000000,35.349998
2024-02-27,35.439999,35.439999,35.439999,35.439999,0.000000,35.439999
2024-02-28,35.330002,35.330002,35.330002,35.330002,0.000000,35.330002
2024-02-29,35.470001,35.470001,35.470001,35.470001,0.000000,35.470001
2024-03-01,35.529999,35.529999,35.529999,35.529999,0.000000,35.529999
2024-03-04,35.490002,35.490002,35.490002,35.490002,0.000000,35.490002
2024-03-05,35.520000,35.520000,35.520000,35.520000,0.000000,35.520000
2024-03-06,35.779999,35.779999,35.779999,35.779999,0.000000,35.779999
2024-03-07,36.000000,36.000000,36.000000,36.000000,0.000000,36.000000
2024-03-08,36.020000,36.020000,36.020000,36.020000,0.000000,36.020000
2024-03-11,36.090000,36.090000,36.090000,36.090000,0.000000,36.090000
2024-03-12,36.169998,36.169998,36.169998,36.169998,0.000000,36.169998
2024-03-13,36.310001,36.310001,36.310001,36.310001,0.000000,36.310001
2024-03-14,36.090000,36.090000,36.090000,36.090000,0.000000,36.090000
2024-03-15,35.959999,35.959999,35.959999,35.959999,0.000000,35.959999
2024-03-18,35.950001,35.950001,35.950001,35.950001,0.000000,35.950001
2024-03-19,35.950001,35.950001,35.950001,35.950001,0.000000,35.950001
2024-03-20,36.270000,36.270000,36.270000,36.270000,0.000000,36.270000
2024-03-21,36.410000,36.410000,36.410000,36.410000,0.000000,36.410000
2024-03-22,36.340000,36.340000,36.340000,36.340000,0.000000,36.340000
2024-03-25,36.310001,36.310001,36.310001,36.310001,0.000000,36.310001
2024-03-26,36.349998,36.349998,36.349998,36.349998,0.000000,36.349998
2024-03-27,36.570000,36.570000,36.570000,36.570000,0.000000,36.570000
2024-03-28,36.599998,36.599998,36.599998,36.599998,0.000000,36.599998
2024-04-01,36.450001,36.450001,36.450001,36.450001,0.000000,36.450001
2024-04-02,36.369999,36.369999,36.369999,36.369999,0.000000,36.369999
2024-04-03,36.450001,36.450001,36.450001,36.450001,0.000000,36.450001
2024-04-04,36.310001,36.310001,36.310001,36.310001,0.000000,36.310001
2024-04-05,36.360001,36.360001,36.360001,36.360001,0.000000,36.360001
2024-04-08,36.470001,36.470001,36.470001,36.470001,0.000000,36.470001
2024-04-09,36.610001,36.610001,36.610001,36.610001,0.000000,36.610001
2024-04-10,36.209999,36.209999,36.209999,36.209999,0.000000,36.209999
2024-04-11,36.259998,36.259998,36.259998,36.259998,0.000000,36.259998
2024-04-12,35.779999,35.779999,35.779999,35.779999,0.000000,35.779999
2024-04-15,35.610001,35.610001,35.610001,35.610001,0.000000,35.610001
2024-04-16,35.259998,35.259998,35.259998,35.259998,0.000000,35.259998
2024-04-17,35.349998,35.349998,35.349998,35.349998,0.000000,35.349998
2024-04-18,35.419998,35.419998,35.419998,35.419998,0.000000,35.419998
2024-04-19,35.480000,35.480000,35.480000,35.480000,0.000000,35.480000
2024-04-22,35.759998,35.759998,35.759998,35.759998,0.000000,35.759998
2024-04-23,35.970001,35.970001,35.970001,35.970001,0.000000,35.970001
2024-04-24,35.910000,35.910000,35.910000,35.910000,0.000000,35.910000
2024-04-25,35.970001,35.970001,35.970001,35.970001,0.000000,35.970001
2024-04-26,36.230000,36.230000,36.230000,36.230000,0.000000,36.230000
2024-04-29,36.320000,36.320000,36.320000,36.320000,0.000000,36.320000
2024-04-30,36.060001,36.060001,36.060001,36.060001,0.000000,36.060001
2024-05-01,36.099998,36.099998,36.099998,36.099998,0.000000,36.099998
2024-05-02,36.500000,36.500000,36.500000,36.500000,0.000000,36.500000
2024-05-03,36.740002,36.740002,36.740002,36.740002,0.000000,36.740002
2024-05-06,36.919998,36.919998,36.919998,36.919998,0.000000,36.919998
2024-05-07,37.049999,37.049999,37.049999,37.049999,0.000000,37.049999
2024-05-08,36.990002,36.990002,36.990002,36.990002,0.000000,36.990002
2024-05-09,37.209999,37.209999,37.209999,37.209999,0.000000,37.209999
2024-05-10,37.270000,37.270000,37.270000,37.270000,0.000000,37.270000
2024-05-13,37.330002,37.330002,37.330002,37.330002,0.000000,37.330002
2024-05-14,37.480000,37.480000,37.480000,37.480000,0.000000,37.480000
2024-05-15,37.820000,37.820000,37.820000,37.820000,0.000000,37.820000
2024-05-16,37.759998,37.759998,37.759998,37.759998,0.000000,37.759998
2024-05-17,37.849998,37.849998,37.849998,37.849998,0.000000,37.849998
2024-05-20,37.750000,37.750000,37.750000,37.750000,0.000000,37.750000
2024-05-21,37.759998,37.759998,37.759998,37.759998,0.000000,37.759998
2024-05-22,37.480000,37.480000,37.480000,37.480000,0.000000,37.480000
2024-05-23,37.230000,37.230000,37.230000,37.230000,0.000000,37.230000
2024-05-24,37.430000,37.430000,37.430000,37.430000,0.000000,37.430000
2024-05-28,37.380001,37.380001,37.380001,37.380001,0.000000,37.380001
2024-05-29,36.910000,36.910000,36.910000,36.910000,0.000000,36.910000
2024-05-30,37.020000,37.020000,37.020000,37.020000,0.000000,37.020000
2024-05-31,37.299999,37.299999,37.299999,37.299999,0.000000,37.299999
2024-06-03,37.400002,37.400002,37.400002,37.400002,0.000000,37.400002
2024-06-04,37.270000,37.270000,37.270000,37.270000,0.000000,37.270000
2024-06-05,37.389999,37.389999,37.389999,37.389999,0.000000,37.389999
2024-06-06,37.419998,37.419998,37.419998,37.419998,0.000000,37.419998
2024-06-07,37.169998,37.169998,37.169998,37.169998,0.000000,37.169998
2024-06-10,37.220001,37.220001,37.220001,37.220001,0.000000,37.220001
2024-06-11,36.910000,36.910000,36.910000,36.910000,0.000000,36.910000
2024-06-12,37.259998,37.259998,37.259998,37.259998,0.000000,37.259998
2024-06-13,36.990002,36.990002,36.990002,36.990002,0.000000,36.990002
2024-06-14,36.810001,36.810001,36.810001,36.810001,0.000000,36.810001
2024-06-17,36.910000,36.910000,36.910000,36.910000,0.000000,36.910000
2024-06-18,36.980000,36.980000,36.980000,36.980000,0.000000,36.980000
2024-06-20,36.959999,36.959999,36.959999,36.959999,0.000000,36.959999
2024-06-21,36.860001,36.860001,36.860001,36.860001,0.000000,36.860001
2024-06-24,37.080002,37.080002,37.080002,37.080002,0.000000,37.080002
2024-06-25,37.009998,37.009998,37.009998,37.009998,0.000000,37.009998
2024-06-26,36.830002,36.830002,36.830002,36.830002,0.000000,36.830002
2024-06-27,36.869999,36.869999,36.869999,36.869999,0.000000,36.869999
2024-06-28,36.970001,36.970001,36.970001,36.970001,0.000000,36.970001
2024-07-01,36.910000,36.910000,36.910000,36.910000,0.000000,36.910000
2024-07-02,37.110001,37.110001,37.110001,37.110001,0.000000,37.110001
2024-07-03,37.290001,37.290001,37.290001,37.290001,0.000000,37.290001
2024-07-05,37.610001,37.610001,37.610001,37.610001,0.000000,37.610001
2024-07-08,37.590000,37.590000,37.590000,37.590000,0.000000,37.590000
2024-07-09,37.500000,37.500000,37.500000,37.500000,0.000000,37.500000
2024-07-10,37.759998,37.759998,37.759998,37.759998,0.000000,37.759998
2024-07-11,37.939999,37.939999,37.939999,37.939999,0.000000,37.939999
2024-07-12,38.060001,38.060001,38.060001,38.060001,0.000000,38.060001
2024-07-15,37.900002,37.900002,37.900002,37.900002,0.000000,37.900002
2024-07-16,38.330002,38.330002,38.330002,38.330002,0.000000,38.330002
2024-07-17,38.320000,38.320000,38.320000,38.320000,0.000000,38.320000
2024-07-18,37.950001,37.950001,37.950001,37.950001,0.000000,37.950001
2024-07-19,37.750000,37.750000,37.750000,37.750000,0.000000,37.750000
2024-07-22,37.930000,37.930000,37.930000,37.930000,0.000000,37.930000
2024-07-23,37.849998,37.849998,37.849998,37.849998,0.000000,37.849998
2024-07-24,37.509998,37.509998,37.509998,37.509998,0.000000,37.509998
2024-07-25,37.430000,37.430000,37.430000,37.430000,0.000000,37.430000
2024-07-26,37.759998,37.759998,37.759998,37.759998,0.000000,37.759998
2024-07-29,37.779999,37.779999,37.779999,37.779999,0.000000,37.779999
2024-07-30,37.799999,37.799999,37.799999,37.799999,0.000000,37.799999
2024-07-31,38.279999,38.279999,38.279999,38.279999,0.000000,38.279999
2024-08-01,37.700001,37.700001,37.700001,37.700001,0.000000,37.700001
2024-08-02,37.220001,37.220001,37.220001,37.220001,0.000000,37.220001
2024-08-05,36.590000,36.590000,36.590000,36.590000,0.000000,36.590000
2024-08-06,36.529999,36.529999,36.529999,36.529999,0.000000,36.529999
2024-08-07,36.619999,36.619999,36.619999,36.619999,0.000000,36.619999
2024-08-08,37.160000,37.160000,37.160000,37.160000,0.000000,37.160000
2024-08-09,37.230000,37.230000,37.230000,37.230000,0.000000,37.230000
2024-08-12,37.230000,37.230000,37.230000,37.230000,0.000000,37.230000
2024-08-13,37.689999,37.689999,37.689999,37.689999,0.000000,37.689999
2024-08-14,37.700001,37.700001,37.700001,37.700001,0.000000,37.700001
2024-08-15,38.020000,38.020000,38.020000,38.020000,0.000000,38.020000
2024-08-16,38.220001,38.220001,38.220001,38.220001,0.000000,38.220001
2024-08-19,38.580002,38.580002,38.580002,38.580002,0.000000,38.580002
2024-08-20,38.430000,38.430000,38.430000,38.430000,0.000000,38.430000
2024-08-21,38.540001,38.540001,38.540001,38.540001,0.000000,38.540001
2024-08-22,38.369999,38.369999,38.369999,38.369999,0.000000,38.369999
2024-08-23,38.880001,38.880001,38.880001,38.880001,0.000000,38.880001
2024-08-26,38.790001,38.790001,38.790001,38.790001,0.000000,38.790001
2024-08-27,38.820000,38.820000,38.820000,38.820000,0.000000,38.820000
2024-08-28,38.619999,38.619999,38.619999,38.619999,0.000000,38.619999
2024-08-29,38.709999,38.709999,38.709999,38.709999,0.000000,38.709999
2024-08-30,38.770000,38.770000,38.770000,38.770000,0.000000,38.770000
2024-09-03,38.360001,38.360001,38.360001,38.360001,0.000000,38.360001
2024-09-04,38.330002,38.330002,38.330002,38.330002,0.000000,38.330002
2024-09-05,38.340000,38.340000,38.340000,38.340000,0.000000,38.340000
2024-09-06,37.840000,37.840000,37.840000,37.840000,0.000000,37.840000
2024-09-09,38.000000,38.000000,38.000000,38.000000,0.000000,38.000000
2024-09-10,37.860001,37.860001,37.860001,37.860001,0.000000,37.860001
2024-09-11,37.939999,37.939999,37.939999,37.939999,0.000000,37.939999
2024-09-12,38.080002,38.080002,38.080002,38.080002,0.000000,38.080002
2024-09-13,38.250000,38.250000,38.250000,38.250000,0.000000,38.250000
2024-09-16,38.480000,38.480000,38.480000,38.480000,0.000000,38.480000
2024-09-17,38.459999,38.459999,38.459999,38.459999,0.000000,38.459999
2024-09-18,38.380001,38.380001,38.380001,38.380001,0.000000,38.380001
2024-09-19,38.770000,38.770000,38.770000,38.770000,0.000000,38.770000
2024-09-20,38.570000,38.570000,38.570000,38.570000,0.000000,38.570000
2024-09-23,38.590000,38.590000,38.590000,38.590000,0.000000,38.590000
2024-09-24,38.799999,38.799999,38.799999,38.799999,0.000000,38.799999
2024-09-25,38.439999,38.439999,38.439999,38.439999,0.000000,38.439999
2024-09-26,39.110001,39.110001,39.110001,39.110001,0.000000,39.110001
2024-09-27,39.040001,39.040001,39.040001,39.040001,0.000000,39.040001
2024-09-30,38.959999,38.959999,38.959999,38.959999,0.000000,38.959999
2024-10-01,38.860001,38.860001,38.860001,38.860001,0.000000,38.860001
2024-10-02,38.849998,38.849998,38.849998,38.849998,0.000000,38.849998
2024-10-03,38.630001,38.630001,38.630001,38.630001,0.000000,38.630001
2024-10-04,38.830002,38.830002,38.830002,38.830002,0.000000,38.830002
2024-10-07,38.709999,38.709999,38.709999,38.709999,0.000000,38.709999
2024-10-08,38.580002,38.580002,38.580002,38.580002,0.000000,38.580002
2024-10-09,38.619999,38.619999,38.619999,38.619999,0.000000,38.619999
2024-10-10,38.590000,38.590000,38.590000,38.590000,0.000000,38.590000
2024-10-11,38.849998,38.849998,38.849998,38.849998,0.000000,38.849998
2024-10-14,38.970001,38.970001,38.970001,38.970001,0.000000,38.970001
2024-10-15,38.660000,38.660000,38.660000,38.660000,0.000000,38.660000
2024-10-16,38.840000,38.840000,38.840000,38.840000,0.000000,38.840000
2024-10-17,38.750000,38.750000,38.750000,38.750000,0.000000,38.750000
2024-10-18,38.900002,38.900002,38.900002,38.900002,0.000000,38.900002
2024-10-21,38.560001,38.560001,38.560001,38.560001,0.000000,38.560001
2024-10-22,38.459999,38.459999,38.459999,38.459999,0.000000,38.459999
2024-10-23,38.230000,38.230000,38.230000,38.230000,0.000000,38.230000
2024-10-24,38.320000,38.320000,38.320000,38.320000,0.000000,38.320000
2024-10-25,38.180000,38.180000,38.180000,38.180000,0.000000,38.180000
2024-10-28,38.330002,38.330002,38.330002,38.330002,0.000000,38.330002
2024-10-29,38.270000,38.270000,38.270000,38.270000,0.000000,38.270000
2024-10-30,38.169998,38.169998,38.169998,38.169998,0.000000,38.169998
2024-10-31,38.040001,38.040001,38.040001,38.040001,0.000000,38.040001
2024-11-01,38.080002,38.080002,38.080002,38.080002,0.000000,38.080002
2024-11-04,38.110001,38.110001,38.110001,38.110001,0.000000,38.110001
2024-11-05,38.220001,38.220001,38.220001,38.220001,0.000000,38.220001
2024-11-06,38.270000,38.270000,38.270000,38.270000,0.000000,38.270000
2024-11-07,38.599998,38.599998,38.599998,38.599998,0.000000,38.599998
2024-11-08,38.259998,38.259998,38.259998,38.259998,0.000000,38.259998
2024-11-11,38.279999,38.279999,38.279999,38.279999,0.000000,38.279999
2024-11-12,37.880001,37.880001,37.880001,37.880001,0.000000,37.880001
2024-11-13,37.750000,37.750000,37.750000,37.750000,0.000000,37.750000
2024-11-14,37.779999,37.779999,37.779999,37.779999,0.000000,37.779999
2024-11-15,37.770000,37.770000,37.770000,37.770000,0.000000,37.770000
2024-11-18,37.959999,37.959999,37.959999,37.959999,0.000000,37.959999
2024-11-19,37.900002,37.900002,37.900002,37.900002,0.000000,37.900002
2024-11-20,37.830002,37.830002,37.830002,37.830002,0.000000,37.830002
2024-11-21,37.880001,37.880001,37.880001,37.880001,0.000000,37.880001
2024-11-22,37.959999,37.959999,37.959999,37.959999,0.000000,37.959999
2024-11-25,38.250000,38.250000,38.250000,38.250000,0.000000,38.250000
2024-11-26,38.110001,38.110001,38.110001,38.110001,0.000000,38.110001
2024-11-27,38.230000,38.230000,38.230000,38.230000,0.000000,38.230000
2024-11-29,38.369999,38.369999,38.369999,38.369999,0.000000,38.369999
2024-12-02,38.330002,38.330002,38.330002,38.330002,0.000000,38.330002
2024-12-03,38.419998,38.419998,38.419998,38.419998,0.000000,38.419998
2024-12-04,38.310001,38.310001,38.310001,38.310001,0.000000,38.310001
2024-12-05,38.320000,38.320000,38.320000,38.320000,0.000000,38.320000
2024-12-06,38.279999,38.279999,38.279999,38.279999,0.000000,38.279999
2024-12-09,38.240002,38.240002,38.240002,38.240002,0.000000,38.240002
2024-12-10,38.189999,38.189999,38.189999,38.189999,0.000000,38.189999
2024-12-11,38.320000,38.320000,38.320000,38.320000,0.000000,38.320000
2024-12-12,38.099998,38.099998,38.099998,38.099998,0.000000,38.099998
2024-12-13,37.980000,37.980000,37.980000,37.980000,0.000000,37.980000
2024-12-16,37.869999,37.869999,37.869999,37.869999,0.000000,37.869999
2024-12-17,37.660000,37.660000,37.660000,37.660000,0.000000,37.660000
2024-12-18,36.990002,36.990002,36.990002,36.990002,0.000000,36.990002
2024-12-19,36.880001,36.880001,36.880001,36.880001,0.000000,36.880001
2024-12-20,37.110001,37.110001,37.110001,37.110001,0.000000,37.110001
2024-12-23,37.230000,37.230000,37.230000,37.230000,0.000000,37.230000
2024-12-24,37.349998,37.349998,37.349998,37.349998,0.000000,37.349998
2024-12-26,37.299999,37.299999,37.299999,37.299999,0.000000,37.299999
2024-12-27,37.230000,37.230000,37.230000,37.230000,0.000000,37.230000
2024-12-30,37.080002,37.080002,37.080002,37.080002,0.000000,37.080002
2024-12-31,37.049999,37.049999,37.049999,37.049999,0.000000,37.049999
2025-01-02,36.980000,36.980000,36.980000,36.980000,0.000000,36.980000
2025-01-03,37.180000,37.180000,37.180000,37.180000,0.000000,37.180000
2025-01-06,37.419998,37.419998,37.419998,37.419998,0.000000,37.419998
2025-01-07,37.389999,37.389999,37.389999,37.389999,0.000000,37.389999
2025-01-08,37.299999,37.299999,37.299999,37.299999,0.000000,37.299999
2025-01-10,36.900002,36.900002,36.900002,36.900002,0.000000,36.900002
2025-01-13,36.900002,36.900002,36.900002,36.900002,0.000000,36.900002
2025-01-14,37.099998,37.099998,37.099998,37.099998,0.000000,37.099998
2025-01-15,37.570000,37.570000,37.570000,37.570000,0.000000,37.570000
2025-01-16,37.590000,37.590000,37.590000,37.590000,0.000000,37.590000
2025-01-17,37.669998,37.669998,37.669998,37.669998,0.000000,37.669998
2025-01-21,38.160000,38.160000,38.160000,38.160000,0.000000,38.160000
2025-01-22,38.099998,38.099998,38.099998,38.099998,0.000000,38.099998
2025-01-23,38.290001,38.290001,38.290001,38.290001,0.000000,38.290001
2025-01-24,38.400002,38.400002,38.400002,38.400002,0.000000,38.400002
2025-01-27,38.380001,38.380001,38.380001,38.380001,0.000000,38.380001
2025-01-28,38.400002,38.400002,38.400002,38.400002,0.000000,38.400002
2025-01-29,38.410000,38.410000,38.410000,38.410000,0.000000,38.410000
2025-01-30,38.580002,38.580002,38.580002,38.580002,0.000000,38.580002
2025-01-31,38.320000,38.320000,38.320000,38.320000,0.000000,38.320000
2025-02-03,38.150002,38.150002,38.150002,38.150002,0.000000,38.150002
2025-02-04,38.520000,38.520000,38.520000,38.520000,0.000000,38.520000
2025-02-05,38.590000,38.590000,38.590000,38.590000,0.000000,38.590000
2025-02-06,38.720001,38.720001,38.720001,38.720001,0.000000,38.720001
2025-02-07,38.500000,38.500000,38.500000,38.500000,0.000000,38.500000
2025-02-10,38.630001,38.630001,38.630001,38.630001,0.000000,38.630001
2025-02-11,38.740002,38.740002,38.740002,38.740002,0.000000,38.740002
2025-02-12,38.740002,38.740002,38.740002,38.740002,0.000000,38.740002
2025-02-13,38.919998,38.919998,38.919998,38.919998,0.000000,38.919998
2025-02-14,39.000000,39.000000,39.000000,39.000000,0.000000,39.000000
2025-02-18,39.110001,39.110001,39.110001,39.110001,0.000000,39.110001
2025-02-19,39.080002,39.080002,39.080002,39.080002,0.000000,39.080002
2025-02-20,39.230000,39.230000,39.230000,39.230000,0.000000,39.230000
2025-02-21,38.930000,38.930000,38.930000,38.930000,0.000000,38.930000
2025-02-24,38.869999,38.869999,38.869999,38.869999,0.000000,38.869999
2025-02-25,39.049999,39.049999,39.049999,39.049999,0.000000,39.049999
2025-02-26,38.959999,38.959999,38.959999,38.959999,0.000000,38.959999
2025-02-27,38.799999,38.799999,38.799999,38.799999,0.000000,38.799999
2025-02-28,38.930000,38.930000,38.930000,38.930000,0.000000,38.930000
2025-03-03,38.759998,38.759998,38.759998,38.759998,0.000000,38.759998
2025-03-04,38.619999,38.619999,38.619999,38.619999,0.000000,38.619999
2025-03-05,39.080002,39.080002,39.080002,39.080002,0.000000,39.080002
2025-03-06,38.950001,38.950001,38.950001,38.950001,0.000000,38.950001
2025-03-07,39.250000,39.250000,39.250000,39.250000,0.000000,39.250000
2025-03-10,38.619999,38.619999,38.619999,38.619999,0.000000,38.619999
2025-03-11,38.419998,38.419998,38.419998,38.419998,0.000000,38.419998
2025-03-12,38.509998,38.509998,38.509998,38.509998,0.000000,38.509998
2025-03-13,38.430000,38.430000,38.430000,38.430000,0.000000,38.430000
2025-03-14,38.910000,38.910000,38.910000,38.910000,0.000000,38.910000
2025-03-17,39.240002,39.240002,39.240002,39.240002,0.000000,39.240002
2025-03-18,39.220001,39.220001,39.220001,39.220001,0.000000,39.220001
2025-03-19,39.299999,39.299999,39.299999,39.299999,0.000000,39.299999
2025-03-20,39.209999,39.209999,39.209999,39.209999,0.000000,39.209999
2025-03-21,39.080002,39.080002,39.080002,39.080002,0.000000,39.080002
2025-03-24,39.160000,39.160000,39.160000,39.160000,0.000000,39.160000
2025-03-25,39.150002,39.150002,39.150002,39.150002,0.000000,39.150002
2025-03-26,38.990002,38.990002,38.990002,38.990002,0.000000,38.990002
2025-03-27,38.950001,38.950001,38.950001,38.950001,0.000000,38.950001
2025-03-28,38.619999,38.619999,38.619999,38.619999,0.000000,38.619999
2025-03-31,38.599998,38.599998,38.599998,38.599998,0.000000,38.599998
2025-04-01,38.619999,38.619999,38.619999,38.619999,0.000000,38.619999
2025-04-02,38.680000,38.680000,38.680000,38.680000,0.000000,38.680000
2025-04-03,37.650002,37.650002,37.650002,37.650002,0.000000,37.650002
2025-04-04,36.150002,36.150002,36.150002,36.150002,0.000000,36.150002
2025-04-07,35.630001,35.630001,35.630001,35.630001,0.000000,35.630001
2025-04-08,35.259998,35.259998,35.259998,35.259998,0.000000,35.259998
2025-04-09,36.750000,36.750000,36.750000,36.750000,0.000000,36.750000
2025-04-10,36.200001,36.200001,36.200001,36.200001,0.000000,36.200001
2025-04-11,36.770000,36.770000,36.770000,36.770000,0.000000,36.770000
2025-04-14,37.169998,37.169998,37.169998,37.169998,0.000000,37.169998
2025-04-15,37.279999,37.279999,37.279999,37.279999,0.000000,37.279999
2025-04-16,37.110001,37.110001,37.110001,37.110001,0.000000,37.110001
2025-04-17,37.200001,37.200001,37.200001,37.200001,0.000000,37.200001
2025-04-21,37.070000,37.070000,37.070000,37.070000,0.000000,37.070000
2025-04-22,37.450001,37.450001,37.450001,37.450001,0.000000,37.450001
2025-04-23,37.709999,37.709999,37.709999,37.709999,0.000000,37.709999
2025-04-24,38.130001,38.130001,38.130001,38.130001,0.000000,38.130001
2025-04-25,38.189999,38.189999,38.189999,38.189999,0.000000,38.189999
2025-04-28,38.349998,38.349998,38.349998,38.349998,0.000000,38.349998
2025-04-29,38.369999,38.369999,38.369999,38.369999,0.000000,38.369999
2025-04-30,38.369999,38.369999,38.369999,38.369999,0.000000,38.369999
2025-05-01,38.349998,38.349998,38.349998,38.349998,0.000000,38.349998
2025-05-02,38.779999,38.779999,38.779999,38.779999,0.000000,38.779999
2025-05-05,38.740002,38.740002,38.740002,38.740002,0.000000,38.740002
2025-05-06,38.689999,38.689999,38.689999,38.689999,0.000000,38.689999
2025-05-07,38.660000,38.660000,38.660000,38.660000,0.000000,38.660000
2025-05-08,38.730000,38.730000,38.730000,38.730000,0.000000,38.730000
2025-05-09,38.910000,38.910000,38.910000,38.910000,0.000000,38.910000
2025-05-12,39.439999,39.439999,39.439999,39.439999,0.000000,39.439999
2025-05-13,39.490002,39.490002,39.490002,39.490002,0.000000,39.490002
2025-05-14,39.320000,39.320000,39.320000,39.320000,0.000000,39.320000
2025-05-15,39.430000,39.430000,39.430000,39.430000,0.000000,39.430000
2025-05-16,39.580002,39.580002,39.580002,39.580002,0.000000,39.580002
2025-05-19,39.759998,39.759998,39.759998,39.759998,0.000000,39.759998
2025-05-20,39.849998,39.849998,39.849998,39.849998,0.000000,39.849998
2025-05-21,39.500000,39.500000,39.500000,39.500000,0.000000,39.500000
2025-05-22,39.520000,39.520000,39.520000,39.520000,0.000000,39.520000
2025-05-23,39.580002,39.580002,39.580002,39.580002,0.000000,39.580002
2025-05-27,39.950001,39.950001,39.950001,39.950001,0.000000,39.950001
2025-05-28,39.630001,39.630001,39.630001,39.630001,0.000000,39.630001
2025-05-29,39.750000,39.750000,39.750000,39.750000,0.000000,39.750000
2025-05-30,39.660000,39.660000,39.660000,39.660000,0.000000,39.660000
2025-06-02,39.860001,39.860001,39.860001,39.860001,0.000000,39.860001
2025-06-03,39.860001,39.860001,39.860001,39.860001,0.000000,39.860001
2025-06-04,39.950001,39.950001,39.950001,39.950001,0.000000,39.950001
2025-06-05,40.029999,40.029999,40.029999,40.029999,0.000000,40.029999
2025-06-06,40.270000,40.270000,40.270000,40.270000,0.000000,40.270000
2025-06-09,40.380001,40.380001,40.380001,40.380001,0.000000,40.380001
2025-06-10,40.450001,40.450001,40.450001,40.450001,0.000000,40.450001
2025-06-11,40.439999,40.439999,40.439999,40.439999,0.000000,40.439999
2025-06-12,40.669998,40.669998,40.669998,40.669998,0.000000,40.669998
2025-06-13,40.279999,40.279999,40.279999,40.279999,0.000000,40.279999
2025-06-16,40.490002,40.490002,40.490002,40.490002,0.000000,40.490002
2025-06-17,40.180000,40.180000,40.180000,40.180000,0.000000,40.180000
2025-06-18,40.270000,40.270000,40.270000,40.270000,0.000000,40.270000
2025-06-20,40.150002,40.150002,40.150002,40.150002,0.000000,40.150002
2025-06-23,40.240002,40.240002,40.240002,40.240002,0.000000,40.240002
2025-06-24,40.720001,40.720001,40.720001,40.720001,0.000000,40.720001
2025-06-25,40.669998,40.669998,40.669998,40.669998,0.000000,40.669998
2025-06-26,41.060001,41.060001,41.060001,41.060001,0.000000,41.060001
2025-06-27,41.270000,41.270000,41.270000,41.270000,0.000000,41.270000
2025-06-30,41.290001,41.290001,41.290001,41.290001,0.000000,41.290001
2025-07-01,41.520000,41.520000,41.520000,41.520000,0.000000,41.520000
2025-07-02,41.580002,41.580002,41.580002,41.580002,0.000000,41.580002
2025-07-03,41.740002,41.740002,41.740002,41.740002,0.000000,41.740002
2025-07-07,41.259998,41.259998,41.259998,41.259998,0.000000,41.259998
2025-07-08,41.439999,41.439999,41.439999,41.439999,0.000000,41.439999
2025-07-09,41.570000,41.570000,41.570000,41.570000,0.000000,41.570000
2025-07-10,41.689999,41.689999,41.689999,41.689999,0.000000,41.689999
2025-07-11,41.490002,41.490002,41.490002,41.490002,0.000000,41.490002
2025-07-14,41.410000,41.410000,41.410000,41.410000,0.000000,41.410000
2025-07-15,41.099998,41.099998,41.099998,41.099998,0.000000,41.099998
2025-07-16,41.180000,41.180000,41.180000,41.180000,0.000000,41.180000
2025-07-17,41.400002,41.400002,41.400002,41.400002,0.000000,41.400002
2025-07-18,41.349998,41.349998,41.349998,41.349998,0.000000,41.349998
2025-07-21,41.490002,41.490002,41.490002,41.490002,0.000000,41.490002
2025-07-22,41.689999,41.689999,41.689999,41.689999,0.000000,41.689999
2025-07-23,42.200001,42.200001,42.200001,42.200001,0.000000,42.200001
2025-07-24,41.939999,41.939999,41.939999,41.939999,0.000000,41.939999
2025-07-25,41.970001,41.970001,41.970001,41.970001,0.000000,41.970001
2025-07-28,41.669998,41.669998,41.669998,41.669998,0.000000,41.669998
2025-07-29,41.689999,41.689999,41.689999,41.689999,0.000000,41.689999
2025-07-30,41.450001,41.450001,41.450001,41.450001,0.000000,41.450001
2025-07-31,41.119999,41.119999,41.119999,41.119999,0.000000,41.119999
2025-08-01,40.810001,40.810001,40.810001,40.810001,0.000000,40.810001
2025-08-04,41.259998,41.259998,41.259998,41.259998,0.000000,41.259998
2025-08-05,41.349998,41.349998,41.349998,41.349998,0.000000,41.349998
2025-08-06,41.349998,41.349998,41.349998,41.349998,0.000000,41.349998
2025-08-07,41.650002,41.650002,41.650002,41.650002,0.000000,41.650002
2025-08-08,41.910000,41.910000,41.910000,41.910000,0.000000,41.910000
2025-08-11,41.799999,41.799999,41.799999,41.799999,0.000000,41.799999
2025-08-12,42.360001,42.360001,42.360001,42.360001,0.000000,42.360001
2025-08-13,42.540001,42.540001,42.540001,42.540001,0.000000,42.540001
2025-08-14,42.419998,42.419998,42.419998,42.419998,0.000000,42.419998
2025-08-15,42.380001,42.380001,42.380001,42.380001,0.000000,42.380001
2025-08-18,42.389999,42.389999,42.389999,42.389999,0.000000,42.389999
2025-08-19,42.290001,42.290001,42.290001,42.290001,0.000000,42.290001
2025-08-20,42.279999,42.279999,42.279999,42.279999,0.000000,42.279999
2025-08-21,42.130001,42.130001,42.130001,42.130001,0.000000,42.130001
2025-08-22,42.709999,42.709999,42.709999,42.709999,0.000000,42.709999
2025-08-25,42.430000,42.430000,42.430000,42.430000,0.000000,42.430000
2025-08-26,42.459999,42.459999,42.459999,42.459999,0.000000,42.459999
2025-08-27,42.419998,42.419998,42.419998,42.419998,0.000000,42.419998
2025-08-28,42.509998,42.509998,42.509998,42.509998,0.000000,42.509998
2025-08-29,42.290001,42.290001,42.290001,42.290001,0.000000,42.290001
2025-09-02,41.930000,41.930000,41.930000,41.930000,0.000000,41.930000
2025-09-03,41.959999,41.959999,41.959999,41.959999,0.000000,41.959999
2025-09-04,42.189999,42.189999,42.189999,42.189999,0.000000,42.189999
2025-09-05,42.310001,42.310001,42.310001,42.310001,0.000000,42.310001
2025-09-08,42.439999,42.439999,42.439999,42.439999,0.000000,42.439999
2025-09-09,42.500000,42.500000,42.500000,42.500000,0.000000,42.500000
2025-09-10,42.689999,42.689999,42.689999,42.689999,0.000000,42.689999
2025-09-11,43.020000,43.020000,43.020000,43.020000,0.000000,43.020000
2025-09-12,42.990002,42.990002,42.990002,42.990002,0.000000,42.990002
2025-09-15,43.099998,43.099998,43.099998,43.099998,0.000000,43.099998
2025-09-16,43.189999,43.189999,43.189999,43.189999,0.000000,43.189999
2025-09-17,43.160000,43.160000,43.160000,43.160000,0.000000,43.160000
2025-09-18,43.320000,43.320000,43.320000,43.320000,0.000000,43.320000
2025-09-19,43.119999,43.119999,43.119999,43.119999,0.000000,43.119999
2025-09-22,43.310001,43.310001,43.310001,43.310001,0.000000,43.310001
2025-09-23,43.380001,43.380001,43.380001,43.380001,0.000000,43.380001
2025-09-24,43.189999,43.189999,43.189999,43.189999,0.000000,43.189999
2025-09-25,42.900002,42.900002,42.900002,42.900002,0.000000,42.900002
2025-09-26,43.060001,43.060001,43.060001,43.060001,0.000000,43.060001
2025-09-29,43.099998,43.099998,43.099998,43.099998,0.000000,43.099998
2025-09-30,43.270000,43.270000,43.270000,43.270000,0.000000,43.270000
2025-10-01,43.459999,43.459999,43.459999,43.459999,0.000000,43.459999
2025-10-02,43.500000,43.500000,43.500000,43.500000,0.000000,43.500000
2025-10-03,43.689999,43.689999,43.689999,43.689999,0.000000,43.689999
2025-10-06,43.799999,43.799999,43.799999,43.799999,0.000000,43.799999
2025-10-07,43.549999,43.549999,43.549999,43.549999,0.000000,43.549999
2025-10-08,43.730000,43.730000,43.730000,43.730000,0.000000,43.730000
2025-10-09,43.490002,43.490002,43.490002,43.490002,0.000000,43.490002
2025-10-10,42.669998,42.669998,42.669998,42.669998,0.000000,42.669998
2025-10-13,43.130001,43.130001,43.130001,43.130001,0.000000,43.130001
2025-10-14,43.209999,43.209999,43.209999,43.209999,0.000000,43.209999
2025-10-15,43.419998,43.419998,43.419998,43.419998,0.000000,43.419998
2025-10-16,43.400002,43.400002,43.400002,43.400002,0.000000,43.400002
2025-10-17,43.459999,43.459999,43.459999,43.459999,0.000000,43.459999
2025-10-20,43.610001,43.610001,43.610001,43.610001,0.000000,43.610001
2025-10-21,43.410000,43.410000,43.410000,43.410000,0.000000,43.410000
2025-10-22,43.430000,43.430000,43.430000,43.430000,0.000000,43.430000
2025-10-23,43.570000,43.570000,43.570000,43.570000,0.000000,43.570000
2025-10-24,,,,,,
2025-10-27,44.060001,44.060001,44.060001,44.060001,0.000000,44.060001
2025-10-28,44.060001,44.060001,44.060001,44.060001,0.000000,44.060001
2025-10-29,43.930000,43.930000,43.930000,43.930000,0.000000,43.930000
2025-10-30,43.820000,43.820000,43.820000,43.820000,0.000000,43.820000
2025-10-31,43.910000,43.910000,43.910000,43.910000,0.000000,43.910000
2025-11-03,43.980000,43.980000,43.980000,43.980000,0.000000,43.980000
2025-11-04,43.490002,43.490002,43.490002,43.490002,0.000000,43.490002
2025-11-05,43.650002,43.650002,43.650002,43.650002,0.000000,43.650002
2025-11-06,43.619999,43.619999,43.619999,43.619999,0.000000,43.619999
2025-11-07,43.689999,43.689999,43.689999,43.689999,0.000000,43.689999
2025-11-10,44.080002,44.080002,44.080002,44.080002,0.000000,44.080002
2025-11-11,44.240002,44.240002,44.240002,44.240002,0.000000,44.240002
2025-11-12,44.380001,44.380001,44.380001,44.380001,0.000000,44.380001
2025-11-13,44.009998,44.009998,44.009998,44.009998,0.000000,44.009998
2025-11-14,43.900002,43.900002,43.900002,43.900002,0.000000,43.900002
2025-11-17,43.450001,43.450001,43.450001,43.450001,0.000000,43.450001
2025-11-18,43.270000,43.270000,43.270000,43.270000,0.000000,43.270000
2025-11-19,43.139999,43.139999,43.139999,43.139999,0.000000,43.139999
2025-11-20,42.730000,42.730000,42.730000,42.730000,0.000000,42.730000
2025-11-21,43.240002,43.240002,43.240002,43.240002,0.000000,43.240002
2025-11-24,43.430000,43.430000,43.430000,43.430000,0.000000,43.430000
2025-11-25,43.910000,43.910000,43.910000,43.910000,0.000000,43.910000
2025-11-26,44.250000,44.250000,44.250000,44.250000,0.000000,44.250000
2025-11-28,44.330002,44.330002,44.330002,44.330002,0.000000,44.330002
2025-12-01,44.200001,44.200001,44.200001,44.200001,0.000000,44.200001
2025-12-02,44.369999,44.369999,44.369999,44.369999,0.000000,44.369999
2025-12-03,44.650002,44.650002,44.650002,44.650002,0.000000,44.650002
2025-12-04,44.810001,44.810001,44.810001,44.810001,0.000000,44.810001
2025-12-05,44.799999,44.799999,44.799999,44.799999,0.000000,44.799999
2025-12-08,44.779999,44.779999,44.779999,44.779999,0.000000,44.779999
2025-12-09,44.720001,44.720001,44.720001,44.720001,0.000000,44.720001
2025-12-10,45.180000,45.180000,45.180000,45.180000,0.000000,45.180000
2025-12-11,45.299999,45.299999,45.299999,45.299999,0.000000,45.299999
2025-12-12,44.930000,44.930000,44.930000,44.930000,0.000000,44.930000
2025-12-15,44.990002,44.990002,44.990002,44.990002,0.000000,44.990002
2025-12-16,44.869999,44.869999,44.869999,44.869999,0.000000,44.869999
2025-12-17,44.680000,44.680000,44.680000,44.680000,0.000000,44.680000
2025-12-18,44.799999,44.799999,44.799999,44.799999,0.000000,44.799999
2025-12-19,44.980000,44.980000,44.980000,44.980000,0.000000,44.980000
2025-12-22,45.209999,45.209999,45.209999,45.209999,0.000000,45.209999
2025-12-23,45.419998,45.419998,45.419998,45.419998,0.000000,45.419998
2025-12-24,45.509998,45.509998,45.509998,45.509998,0.000000,45.509998
2025-12-26,45.700001,45.700001,45.700001,45.700001,0.000000,45.700001
2025-12-29,45.619999,45.619999,45.619999,45.619999,0.000000,45.619999
2025-12-30,45.639999,45.639999,45.639999,45.639999,0.000000,45.639999
2025-12-31,45.560001,45.560001,45.560001,45.560001,0.000000,45.560001
2026-01-02,46.020000,46.020000,46.020000,46.020000,0.000000,46.020000
2026-01-05,46.459999,46.459999,46.459999,46.459999,0.000000,46.459999
2026-01-06,46.560001,46.560001,46.560001,46.560001,0.000000,46.560001
2026-01-07,46.320000,46.320000,46.320000,46.320000,0.000000,46.320000
2026-01-08,46.330002,46.330002,46.330002,46.330002,0.000000,46.330002
2026-01-09,46.599998,46.599998,46.599998,46.599998,0.000000,46.599998
2026-01-12,46.770000,46.770000,46.770000,46.770000,0.000000,46.770000
2026-01-13,46.740002,46.740002,46.740002,46.740002,0.000000,46.740002
2026-01-14,46.790001,46.790001,46.790001,46.790001,0.000000,46.790001
2026-01-15,47.049999,47.049999,47.049999,47.049999,0.000000,47.049999
2026-01-16,47.049999,47.049999,47.049999,47.049999,0.000000,47.049999
2026-01-20,46.490002,46.490002,46.490002,46.490002,0.000000,46.490002
2026-01-21,47.020000,47.020000,47.020000,47.020000,0.000000,47.020000
2026-01-22,47.320000,47.320000,47.320000,47.320000,0.000000,47.320000
2026-01-23,47.490002,47.490002,47.490002,47.490002,0.000000,47.490002
2026-01-26,47.660000,47.660000,47.660000,47.660000,0.000000,47.660000
2026-01-27,48.130001,48.130001,48.130001,48.130001,0.000000,48.130001
2026-01-28,48.130001,48.130001,48.130001,48.130001,0.000000,48.130001
2026-01-29,48.209999,48.209999,48.209999,48.209999,0.000000,48.209999
2026-01-30,47.849998,47.849998,47.849998,47.849998,0.000000,47.849998
2026-02-02,48.189999,48.189999,48.189999,48.189999,0.000000,48.189999
2026-02-03,48.700001,48.700001,48.700001,48.700001,0.000000,48.700001
2026-02-04,48.650002,48.650002,48.650002,48.650002,0.000000,48.650002
2026-02-05,48.290001,48.290001,48.290001,48.290001,0.000000,48.290001
2026-02-06,49.040001,49.040001,49.040001,49.040001,0.000000,49.040001
2026-02-09,49.279999,49.279999,49.279999,49.279999,0.000000,49.279999
2026-02-10,49.299999,49.299999,49.299999,49.299999,0.000000,49.299999
2026-02-11,49.700001,49.700001,49.700001,49.700001,0.000000,49.700001
2026-02-12,49.139999,49.139999,49.139999,49.139999,0.000000,49.139999
2026-02-13,49.310001,49.310001,49.310001,49.310001,0.000000,49.310001
2026-02-17,49.220001,49.220001,49.220001,49.220001,0.000000,49.220001
2026-02-18,49.270000,49.270000,49.270000,49.270000,0.000000,49.270000
2026-02-19,49.150002,49.150002,49.150002,49.150002,0.000000,49.150002
2026-02-20,49.540001,49.540001,49.540001,49.540001,0.000000,49.540001
2026-02-23,49.080002,49.080002,49.080002,49.080002,0.000000,49.080002
2026-02-24,49.160000,49.160000,49.160000,49.160000,0.000000,49.160000
2026-02-25,49.509998,49.509998,49.509998,49.509998,0.000000,49.509998
2026-02-26,49.560001,49.560001,49.560001,49.560001,0.000000,49.560001
2026-02-27,49.660000,49.660000,49.660000,49.660000,0.000000,49.660000
2026-03-02,49.090000,49.090000,49.090000,49.090000,0.000000,49.090000
2026-03-03,48.020000,48.020000,48.020000,48.020000,0.000000,48.020000
2026-03-04,48.310001,48.310001,48.310001,48.310001,0.000000,48.310001
2026-03-05,47.799999,47.799999,47.799999,47.799999,0.000000,47.799999
2026-03-06,47.369999,47.369999,47.369999,47.369999,0.000000,47.369999
2026-03-09,47.439999,47.439999,47.439999,47.439999,0.000000,47.439999
2026-03-10,47.470001,47.470001,47.470001,47.470001,0.000000,47.470001
2026-03-11,47.500000,47.500000,47.500000,47.500000,0.000000,47.500000
2026-03-12,46.880001,46.880001,46.880001,46.880001,0.000000,46.880001
2026-03-13,46.619999,46.619999,46.619999,46.619999,0.000000,46.619999
2026-03-16,47.080002,47.080002,47.080002,47.080002,0.000000,47.080002
2026-03-17,47.310001,47.310001,47.310001,47.310001,0.000000,47.310001
2026-03-18,46.650002,46.650002,46.650002,46.650002,0.000000,46.650002
2026-03-19,46.849998,46.849998,46.849998,46.849998,0.000000,46.849998
2026-03-20,46.040001,46.040001,46.040001,46.040001,0.000000,46.040001
2026-03-23,46.740002,46.740002,46.740002,46.740002,0.000000,46.740002
2026-03-24,46.790001,46.790001,46.790001,46.790001,0.000000,46.790001
2026-03-25,47.040001,47.040001,47.040001,47.040001,0.000000,47.040001
2026-03-26,46.560001,46.560001,46.560001,46.560001,0.000000,46.560001
2026-03-27,46.130001,46.130001,46.130001,46.130001,0.000000,46.130001
2026-03-30,46.139999,46.139999,46.139999,46.139999,0.000000,46.139999
2026-03-31,46.970001,46.970001,46.970001,46.970001,0.000000,46.970001
2026-04-01,47.099998,47.099998,47.099998,47.099998,0.000000,47.099998
2026-04-02,47.020000,47.020000,47.020000,47.020000,0.000000,47.020000
2026-04-06,47.150002,47.150002,47.150002,47.150002,0.000000,47.150002
2026-04-07,47.150002,47.150002,47.150002,47.150002,0.000000,47.150002
2026-04-08,48.380001,48.380001,48.380001,48.380001,0.000000,48.380001
2026-04-09,48.410000,48.410000,48.410000,48.410000,0.000000,48.410000
2026-04-10,48.360001,48.360001,48.360001,48.360001,0.000000,48.360001
2026-04-13,48.619999,48.619999,48.619999,48.619999,0.000000,48.619999
2026-04-14,48.860001,48.860001,48.860001,48.860001,0.000000,48.860001
2026-04-15,48.820000,48.820000,48.820000,48.820000,0.000000,48.820000
2026-04-16,48.950001,48.950001,48.950001,48.950001,0.000000,48.950001
2026-04-17,49.400002,49.400002,49.400002,49.400002,0.000000,49.400002
2026-04-20,49.419998,49.419998,49.419998,49.419998,0.000000,49.419998
2026-04-21,49.040001,49.040001,49.040001,49.040001,0.000000,49.040001
2026-04-22,49.070000,49.070000,49.070000,49.070000,0.000000,49.070000
2026-04-23,48.810001,48.810001,48.810001,48.810001,0.000000,48.810001
2026-04-24,48.880001,48.880001,48.880001,48.880001,0.000000,48.880001
2026-04-27,48.830002,48.830002,48.830002,48.830002,0.000000,48.830002
2026-04-28,48.689999,48.689999,48.689999,48.689999,0.000000,48.689999
2026-04-29,48.509998,48.509998,48.509998,48.509998,0.000000,48.509998
2026-04-30,49.130001,49.130001,49.130001,49.130001,0.000000,49.130001
2026-05-01,49.049999,49.049999,49.049999,49.049999,0.000000,49.049999
2026-05-04,48.630001,48.630001,48.630001,48.630001,0.000000,48.630001
2026-05-05,48.950001,48.950001,48.950001,48.950001,0.000000,48.950001
2026-05-06,49.919998,49.919998,49.919998,49.919998,0.000000,49.919998
2026-05-07,49.639999,49.639999,49.639999,49.639999,0.000000,49.639999
2026-05-08,49.810001,49.810001,49.810001,49.810001,0.000000,49.810001
2026-05-11,49.450001,49.450001,49.450001,49.450001,0.000000,49.450001
2026-05-12,49.279999,49.279999,49.279999,49.279999,0.000000,49.279999
2026-05-13,49.259998,49.259998,49.259998,49.259998,0.000000,49.259998
2026-05-14,49.340000,49.340000,49.340000,49.340000,0.000000,49.340000
2026-05-15,48.759998,48.759998,48.759998,48.759998,0.000000,48.759998
2026-05-18,49.049999,49.049999,49.049999,49.049999,0.000000,49.049999
2026-05-19,48.730000,48.730000,48.730000,48.730000,0.000000,48.730000
2026-05-20,49.299999,49.299999,49.299999,49.299999,0.000000,49.299999
2026-05-21,49.320000,49.320000,49.320000,49.320000,0.000000,49.320000
2026-05-22,49.549999,49.549999,49.549999,49.549999,0.000000,49.549999
2026-05-26,49.820000,49.820000,49.820000,49.820000,0.000000,49.820000
2026-05-27,50.080002,50.080002,50.080002,50.080002,0.000000,50.080002
2026-05-28,50.320000,50.320000,50.320000,50.320000,0.000000,50.320000
2026-05-29,50.480000,50.480000,50.480000,50.480000,0.000000,50.480000
2026-06-01,50.759998,50.759998,50.759998,50.759998,0.000000,50.759998
2026-06-02,50.799999,50.799999,50.799999,50.799999,0.000000,50.799999
2026-06-03,50.430000,50.430000,50.430000,50.430000,0.000000,50.430000
2026-06-04,50.669998,50.669998,50.669998,50.669998,0.000000,50.669998
2026-06-05,49.930000,49.930000,49.930000,49.930000,0.000000,49.930000
2026-06-08,49.939999,49.939999,49.939999,49.939999,0.000000,49.939999
2026-06-09,50.090000,50.090000,50.090000,50.090000,0.000000,50.090000
2026-06-10,49.730000,49.730000,49.730000,49.730000,0.000000,49.730000
2026-06-11,50.360001,50.360001,50.360001,50.360001,0.000000,50.360001
2026-06-12,50.549999,50.549999,50.549999,50.549999,0.000000,50.549999
2026-06-15,50.689999,50.689999,50.689999,50.689999,0.000000,50.689999
2026-06-16,50.630001,50.630001,50.630001,50.630001,0.000000,50.630001
2026-06-17,49.950001,49.950001,49.950001,49.950001,0.000000,49.950001
2026-06-18,49.919998,49.919998,49.919998,49.919998,0.000000,49.919998
2026-06-22,49.820000,49.820000,49.820000,49.820000,0.000000,49.820000
2026-06-23,49.630001,49.630001,49.630001,49.630001,0.000000,49.630001
2026-06-24,49.900002,49.900002,49.900002,49.900002,0.000000,49.900002
2026-06-25,50.040001,50.040001,50.040001,50.040001,0.000000,50.040001
2026-06-26,50.349998,50.349998,50.349998,50.349998,0.000000,50.349998
2026-06-29,50.349998,50.349998,50.349998,50.349998,0.000000,50.349998
2026-06-30,50.230000,50.230000,50.230000,50.230000,0.000000,50.230000
2026-07-01,50.310001,50.310001,50.310001,50.310001,0.000000,50.310001
2026-07-02,50.950001,50.950001,50.950001,50.950001,0.000000,50.950001
2026-07-06,51.049999,51.049999,51.049999,51.049999,0.000000,51.049999
2026-07-07,51.169998,51.169998,51.169998,51.169998,0.000000,51.169998
2026-07-08,50.669998,50.669998,50.669998,50.669998,0.000000,50.669998
2026-07-09,50.750000,50.750000,50.750000,50.750000,0.000000,50.750000
2026-07-10,51.029999,51.029999,51.029999,51.029999,0.000000,51.029999
2026-07-13,51.090000,51.090000,51.090000,51.090000,0.000000,51.090000
2026-07-14,51.009998,51.009998,51.009998,51.009998,0.000000,51.009998
2026-07-15,51.240002,51.240002,51.240002,51.240002,0.000000,51.240002
2026-07-16,51.529999,51.529999,51.529999,51.529999,0.000000,51.529999
2026-07-17,0.000000,0.000000,0.000000,51.230000,0.000000,51.230000
2026-07-20,51.029999,51.029999,51.029999,51.029999,0.000000,51.029999
2026-07-21,51.110001,51.110001,51.110001,51.110001,0.000000,51.110001
2026-07-22,51.080002,51.080002,51.080002,51.080002,0.000000,51.080002
2026-07-23,50.660000,50.660000,50.660000,50.660000,0.000000,50.660000
2026-07-24,51.070000,51.070000,51.070000,51.070000,0.000000,51.070000
2026-07-27,51.439999,51.439999,51.439999,51.439999,0.000000,51.439999
2026-07-28,52.259998,52.259998,52.259998,52.259998,0.000000,52.259998
2026-07-29,52.470001,52.470001,52.470001,52.470001,0.000000,52.470001
2026-07-30,52.570000,52.570000,52.570000,52.570000,0.000000,52.570000
2026-07-31,52.439999,52.439999,52.439999,52.439999,0.000000,52.439999
2026-08-03,52.779999,52.779999,52.779999,52.779999,0.000000,52.779999
2026-08-04,52.900002,52.900002,52.900002,52.900002,0.000000,52.900002
2026-08-05,52.910000,52.910000,52.910000,52.910000,0.000000,52.910000
2026-08-06,52.799999,52.799999,52.799999,52.799999,0.000000,52.799999
2026-08-07,53.200001,53.200001,53.200001,53.200001,0.000000,53.200001
2026-08-10,53.270000,53.270000,53.270000,53.270000,0.000000,53.270000
2026-08-11,53.230000,53.230000,53.230000,53.230000,0.000000,53.230000
2026-08-12,53.099998,53.099998,53.099998,53.099998,0.000000,53.099998
2026-08-13,53.320000,53.320000,53.320000,53.320000,0.000000,53.320000
2026-08-14,53.230000,53.230000,53.230000,53.230000,0.000000,53.230000
2026-08-17,,,,,,
