Date,Open,High,Low,Close,Adjusted_close
2025-08-18,200.85,200.85,200.85,200.85,200.85
2025-08-19,200.83,200.83,200.83,200.83,200.83
2025-08-20,200.6,200.6,200.6,200.6,200.6
2025-08-21,200.43,200.43,200.43,200.43,200.43
2025-08-22,201.01,201.01,201.01,201.01,201.01
2025-08-25,200.83,200.83,200.83,200.83,200.83
2025-08-26,201.26,201.26,201.26,201.26,201.26
2025-08-27,201.49,201.49,201.49,201.49,201.49
2025-08-28,201.88,201.88,201.88,201.88,201.88
2025-08-29,201.94,201.94,201.94,201.94,201.94
2025-09-02,201.33,201.33,201.33,201.33,201.33
2025-09-03,201.5,201.5,201.5,201.5,201.5
2025-09-04,201.85,201.85,201.85,201.85,201.85
2025-09-05,202.41,202.41,202.41,202.41,202.41
2025-09-08,202.4,202.4,202.4,202.4,202.4
2025-09-09,202.23,202.23,202.23,202.23,202.23
2025-09-10,202.6,202.6,202.6,202.6,202.6
2025-09-11,203.17,203.17,203.17,203.17,203.17
2025-09-12,202.97,202.97,202.97,202.97,202.97
2025-09-15,203.38,203.38,203.38,203.38,203.38
2025-09-16,203.54,203.54,203.54,203.54,203.54
2025-09-17,203.35,203.35,203.35,203.35,203.35
2025-09-18,203.4,203.4,203.4,203.4,203.4
2025-09-19,203.21,203.21,203.21,203.21,203.21
2025-09-22,203.65,203.65,203.65,203.65,203.65
2025-09-23,204.07,204.07,204.07,204.07,204.07
2025-09-24,204.14,204.14,204.14,204.14,204.14
2025-09-25,203.56,203.56,203.56,203.56,203.56
2025-09-26,203.55,203.55,203.55,203.55,203.55
2025-09-29,203.74,203.74,203.74,203.74,203.74
2025-09-30,203.46,203.46,203.46,203.46,203.46
2025-10-01,203.5,203.5,203.5,203.5,203.5
2025-10-02,203.4,203.4,203.4,203.4,203.4
2025-10-03,203.65,203.65,203.65,203.65,203.65
2025-10-06,203.56,203.56,203.56,203.56,203.56
2025-10-07,203.31,203.31,203.31,203.31,203.31
2025-10-08,203.19,203.19,203.19,203.19,203.19
2025-10-09,202.81,202.81,202.81,202.81,202.81
2025-10-10,202.32,202.32,202.32,202.32,202.32
2025-10-13,202.28,202.28,202.28,202.28,202.28
2025-10-14,202.41,202.41,202.41,202.41,202.41
2025-10-15,203.18,203.18,203.18,203.18,203.18
2025-10-16,203.29,203.29,203.29,203.29,203.29
2025-10-17,202.99,202.99,202.99,202.99,202.99
2025-10-20,203.16,203.16,203.16,203.16,203.16
2025-10-21,203.32,203.32,203.32,203.32,203.32
2025-10-22,203.03,203.03,203.03,203.03,203.03
2025-10-23,203.01,203.01,203.01,203.01,203.01
2025-10-24,203.48,203.48,203.48,203.48,203.48
2025-10-27,204.79,204.79,204.79,204.79,204.79
2025-10-28,204.95,204.95,204.95,204.95,204.95
2025-10-29,204.74,204.74,204.74,204.74,204.74
2025-10-30,204.44,204.44,204.44,204.44,204.44
2025-10-31,204.57,204.57,204.57,204.57,204.57
2025-11-03,204.25,204.25,204.25,204.25,204.25
2025-11-04,203.86,203.86,203.86,203.86,203.86
2025-11-05,203.9,203.9,203.9,203.9,203.9
2025-11-06,204.17,204.17,204.17,204.17,204.17
2025-11-07,203.94,203.94,203.94,203.94,203.94
2025-11-10,204.34,204.34,204.34,204.34,204.34
2025-11-11,204.98,204.98,204.98,204.98,204.98
2025-11-12,205.03,205.03,205.03,205.03,205.03
2025-11-13,204.65,204.65,204.65,204.65,204.65
2025-11-14,204.55,204.55,204.55,204.55,204.55
2025-11-17,204.46,204.46,204.46,204.46,204.46
2025-11-18,204.25,204.25,204.25,204.25,204.25
2025-11-19,204.31,204.31,204.31,204.31,204.31
2025-11-20,204.56,204.56,204.56,204.56,204.56
2025-11-21,204.67,204.67,204.67,204.67,204.67
2025-11-24,205.06,205.06,205.06,205.06,205.06
2025-11-25,205.18,205.18,205.18,205.18,205.18
2025-11-26,205.6,205.6,205.6,205.6,205.6
2025-11-28,205.61,205.61,205.61,205.61,205.61
2025-12-01,205.35,205.35,205.35,205.35,205.35
2025-12-02,205.42,205.42,205.42,205.42,205.42
2025-12-03,205.91,205.91,205.91,205.91,205.91
2025-12-04,205.86,205.86,205.86,205.86,205.86
2025-12-05,206.12,206.12,206.12,206.12,206.12
2025-12-08,205.79,205.79,205.79,205.79,205.79
2025-12-09,205.55,205.55,205.55,205.55,205.55
2025-12-10,205.65,205.65,205.65,205.65,205.65
2025-12-11,205.78,205.78,205.78,205.78,205.78
2025-12-12,205.62,205.62,205.62,205.62,205.62
2025-12-15,205.8,205.8,205.8,205.8,205.8
2025-12-16,205.84,205.84,205.84,205.84,205.84
2025-12-17,205.72,205.72,205.72,205.72,205.72
2025-12-18,206.16,206.16,206.16,206.16,206.16
2025-12-19,206.2,206.2,206.2,206.2,206.2
2025-12-22,206.51,206.51,206.51,206.51,206.51
2025-12-23,206.62,206.62,206.62,206.62,206.62
2025-12-24,206.76,206.76,206.76,206.76,206.76
2025-12-26,206.9,206.9,206.9,206.9,206.9
2025-12-29,206.98,206.98,206.98,206.98,206.98
2025-12-30,207.11,207.11,207.11,207.11,207.11
2025-12-31,207.16,207.16,207.16,207.16,207.16
2026-01-02,207.1,207.1,207.1,207.1,207.1
2026-01-05,207.49,207.49,207.49,207.49,207.49
2026-01-06,207.62,207.62,207.62,207.62,207.62
2026-01-07,207.63,207.63,207.63,207.63,207.63
2026-01-08,207.5,207.5,207.5,207.5,207.5
2026-01-09,207.77,207.77,207.77,207.77,207.77
2026-01-12,207.78,207.78,207.78,207.78,207.78
2026-01-13,207.87,207.87,207.87,207.87,207.87
2026-01-14,207.81,207.81,207.81,207.81,207.81
2026-01-15,207.91,207.91,207.91,207.91,207.91
2026-01-16,207.95,207.95,207.95,207.95,207.95
2026-01-20,207.43,207.43,207.43,207.43,207.43
2026-01-21,207.96,207.96,207.96,207.96,207.96
2026-01-22,208.59,208.59,208.59,208.59,208.59
2026-01-23,208.7,208.7,208.7,208.7,208.7
2026-01-26,208.88,208.88,208.88,208.88,208.88
2026-01-27,209.15,209.15,209.15,209.15,209.15
2026-01-28,208.77,208.77,208.77,208.77,208.77
2026-01-29,208.52,208.52,208.52,208.52,208.52
2026-01-30,208.55,208.55,208.55,208.55,208.55
2026-02-02,208.74,208.74,208.74,208.74,208.74
2026-02-03,208.7,208.7,208.7,208.7,208.7
2026-02-04,208.66,208.66,208.66,208.66,208.66
2026-02-05,208.53,208.53,208.53,208.53,208.53
2026-02-06,208.91,208.91,208.91,208.91,208.91
2026-02-09,209.24,209.24,209.24,209.24,209.24
2026-02-10,209.59,209.59,209.59,209.59,209.59
2026-02-11,209.49,209.49,209.49,209.49,209.49
2026-02-12,209.55,209.55,209.55,209.55,209.55
2026-02-13,209.75,209.75,209.75,209.75,209.75
2026-02-17,209.68,209.68,209.68,209.68,209.68
2026-02-18,209.92,209.92,209.92,209.92,209.92
2026-02-19,209.89,209.89,209.89,209.89,209.89
2026-02-20,209.85,209.85,209.85,209.85,209.85
2026-02-23,209.67,209.67,209.67,209.67,209.67
2026-02-24,209.6,209.6,209.6,209.6,209.6
2026-02-25,209.73,209.73,209.73,209.73,209.73
2026-02-26,209.82,209.82,209.82,209.82,209.82
2026-02-27,209.52,209.52,209.52,209.52,209.52
2026-03-02,208.95,208.95,208.95,208.95,208.95
2026-03-03,208.4,208.4,208.4,208.4,208.4
2026-03-04,209.02,209.02,209.02,209.02,209.02
2026-03-05,208.75,208.75,208.75,208.75,208.75
2026-03-06,208.02,208.02,208.02,208.02,208.02
2026-03-09,207.67,207.67,207.67,207.67,207.67
2026-03-10,208.29,208.29,208.29,208.29,208.29
2026-03-11,207.93,207.93,207.93,207.93,207.93
2026-03-12,206.97,206.97,206.97,206.97,206.97
2026-03-13,206.34,206.34,206.34,206.34,206.34
2026-03-16,206.65,206.65,206.65,206.65,206.65
2026-03-17,207.19,207.19,207.19,207.19,207.19
2026-03-18,206.76,206.76,206.76,206.76,206.76
2026-03-19,206.3,206.3,206.3,206.3,206.3
2026-03-20,205.49,205.49,205.49,205.49,205.49
2026-03-23,206,206,206,206,206
2026-03-24,205.67,205.67,205.67,205.67,205.67
2026-03-25,206.36,206.36,206.36,206.36,206.36
2026-03-26,205.25,205.25,205.25,205.25,205.25
2026-03-27,204.45,204.45,204.45,204.45,204.45
2026-03-30,204.48,204.48,204.48,204.48,204.48
2026-03-31,205.51,205.51,205.51,205.51,205.51
2026-04-01,206.41,206.41,206.41,206.41,206.41
2026-04-02,206.41,206.41,206.41,206.41,206.41
2026-04-06,206.61,206.61,206.61,206.61,206.61
2026-04-07,206.63,206.63,206.63,206.63,206.63
2026-04-08,208.4,208.4,208.4,208.4,208.4
2026-04-09,208.68,208.68,208.68,208.68,208.68
2026-04-10,208.82,208.82,208.82,208.82,208.82
2026-04-13,208.98,208.98,208.98,208.98,208.98
2026-04-14,209.97,209.97,209.97,209.97,209.97
2026-04-15,209.97,209.97,209.97,209.97,209.97
2026-04-16,209.89,209.89,209.89,209.89,209.89
2026-04-17,210.76,210.76,210.76,210.76,210.76
2026-04-20,210.62,210.62,210.62,210.62,210.62
2026-04-21,210.21,210.21,210.21,210.21,210.21
2026-04-22,210.32,210.32,210.32,210.32,210.32
2026-04-23,210.1,210.1,210.1,210.1,210.1
2026-04-24,210.27,210.27,210.27,210.27,210.27
2026-04-27,210.24,210.24,210.24,210.24,210.24
2026-04-28,209.85,209.85,209.85,209.85,209.85
2026-04-29,209.38,209.38,209.38,209.38,209.38
2026-04-30,209.7,209.7,209.7,209.7,209.7
2026-05-01,210.13,210.13,210.13,210.13,210.13
2026-05-04,209.57,209.57,209.57,209.57,209.57
2026-05-05,209.83,209.83,209.83,209.83,209.83
2026-05-06,210.72,210.72,210.72,210.72,210.72
2026-05-07,210.6,210.6,210.6,210.6,210.6
2026-05-08,211,211,211,211,211
2026-05-11,210.81,210.81,210.81,210.81,210.81
2026-05-12,210.21,210.21,210.21,210.21,210.21
2026-05-13,210.31,210.31,210.31,210.31,210.31
2026-05-14,210.42,210.42,210.42,210.42,210.42
2026-05-15,209.56,209.56,209.56,209.56,209.56
2026-05-18,209.34,209.34,209.34,209.34,209.34
2026-05-19,208.67,208.67,208.67,208.67,208.67
2026-05-20,209.5,209.5,209.5,209.5,209.5
2026-05-21,209.6,209.6,209.6,209.6,209.6
2026-05-22,209.9,209.9,209.9,209.9,209.9
2026-05-26,210.6,210.6,210.6,210.6,210.6
2026-05-27,210.81,210.81,210.81,210.81,210.81
2026-05-28,211.06,211.06,211.06,211.06,211.06
2026-05-29,211.38,211.38,211.38,211.38,211.38
2026-06-01,211.34,211.34,211.34,211.34,211.34
2026-06-02,211.49,211.49,211.49,211.49,211.49
2026-06-03,211.2,211.2,211.2,211.2,211.2
2026-06-04,211.47,211.47,211.47,211.47,211.47
2026-06-05,210.83,210.83,210.83,210.83,210.83
2026-06-08,210.78,210.78,210.78,210.78,210.78
2026-06-09,210.89,210.89,210.89,210.89,210.89
2026-06-10,210.68,210.68,210.68,210.68,210.68
2026-06-11,211.44,211.44,211.44,211.44,211.44
2026-06-12,211.86,211.86,211.86,211.86,211.86
2026-06-15,212.57,212.57,212.57,212.57,212.57
2026-06-16,212.67,212.67,212.67,212.67,212.67
2026-06-17,212.15,212.15,212.15,212.15,212.15
2026-06-18,212.19,212.19,212.19,212.19,212.19
2026-06-22,211.97,211.97,211.97,211.97,211.97
2026-06-23,211.65,211.65,211.65,211.65,211.65
2026-06-24,211.76,211.76,211.76,211.76,211.76
2026-06-25,211.77,211.77,211.77,211.77,211.77
2026-06-26,211.83,211.83,211.83,211.83,211.83
2026-06-29,212.02,212.02,212.02,212.02,212.02
2026-06-30,212.01,212.01,212.01,212.01,212.01
2026-07-01,211.94,211.94,211.94,211.94,211.94
2026-07-02,212.23,212.23,212.23,212.23,212.23
2026-07-06,212.52,212.52,212.52,212.52,212.52
2026-07-07,212.27,212.27,212.27,212.27,212.27
2026-07-08,211.81,211.81,211.81,211.81,211.81
2026-07-09,212.09,212.09,212.09,212.09,212.09
2026-07-10,212.17,212.17,212.17,212.17,212.17
2026-07-13,211.72,211.72,211.72,211.72,211.72
2026-07-14,211.75,211.75,211.75,211.75,211.75
2026-07-15,212.16,212.16,212.16,212.16,212.16
2026-07-16,211.94,211.94,211.94,211.94,211.94
2026-07-17,211.89,211.89,211.89,211.89,211.89
2026-07-20,211.72,211.72,211.72,211.72,211.72
2026-07-21,211.45,211.45,211.45,211.45,211.45
2026-07-22,211.21,211.21,211.21,211.21,211.21
2026-07-23,210.32,210.32,210.32,210.32,210.32
2026-07-24,210.27,210.27,210.27,210.27,210.27
2026-07-27,210.47,210.47,210.47,210.47,210.47
2026-07-28,210.41,210.41,210.41,210.41,210.41
2026-07-29,210.05,210.05,210.05,210.05,210.05
2026-07-30,210.42,210.42,210.42,210.42,210.42
2026-07-31,210.36,210.36,210.36,210.36,210.36
2026-08-03,211.01,211.01,211.01,211.01,211.01
2026-08-04,211.68,211.68,211.68,211.68,211.68
2026-08-05,211.73,211.73,211.73,211.73,211.73
2026-08-06,211.55,211.55,211.55,211.55,211.55
2026-08-07,212.14,212.14,212.14,212.14,212.14
2026-08-10,211.82,211.82,211.82,211.82,211.82
2026-08-11,211.81,211.81,211.81,211.81,211.81
2026-08-12,212.02,212.02,212.02,212.02,212.02
2026-08-13,212.43,212.43,212.43,212.43,212.43
