ticker,fund_group,source,condition,horizon,full_avg,full_trades,full_hit,frozen_avg,frozen_trades,frozen_hit,abs_full_avg
AFBIX,long,sparse,ext_vix_chg_le-5,1,0.39296767842922353,863,0.7879490150637312,0.27732758293030246,78,0.8333333333333334,0.39296767842922353
AFBSX,inverse,sparse,ext_vix_chg_le-5,1,0.3887531937627287,863,0.7775202780996524,0.2706352631731451,78,0.8205128205128205,0.3887531937627287
BIPIX,pair_scan,pair_scan,SPY_down_XLE_up,1,0.3105228138920897,132,0.5681818181818182,0.5136396908850037,98,0.6020408163265306,0.3105228138920897
BIPSX,pair_scan,pair_scan,QQQ_down_XLU_up,2,0.32512738854372014,205,0.5707317073170731,0.6329725831516134,87,0.6551724137931034,0.32512738854372014
BITIX,pair_scan,pair_scan,FXY_down_JNK_up,1,5.724982432397754,159,0.5723270440251572,0.4673080441480837,101,0.5841584158415841,5.724982432397754
BKPIX,pair_scan,pair_scan,GDX_up_SPY_down,2,0.450697378957913,249,0.5863453815261044,0.44734671314074864,76,0.6447368421052632,0.450697378957913
BKPSX,pair_scan,pair_scan,EEM_down_GDX_up,2,0.43113023319580934,246,0.5813008130081301,0.4469342995892518,72,0.6111111111111112,0.43113023319580934
BLPIX,long,gap_extra,ext_vix_chg_ge5,1,1.0837703814050874,990,0.9353535353535354,1.077939605155951,89,0.9775280898876404,1.0837703814050874
BLPSX,inverse,gap_extra,ext_vix_chg_ge5,1,1.0797138539184399,990,0.9323232323232323,1.0747692053359585,89,0.9775280898876404,1.0797138539184399
BMPIX,pair_scan,pair_scan,GDX_up_XLF_down,1,0.4225416905429784,357,0.5546218487394958,0.48304220679361104,93,0.5591397849462365,0.4225416905429784
BMPSX,pair_scan,pair_scan,GDX_up_SPY_down,1,0.42832833997392816,265,0.5660377358490566,0.6009484762557763,76,0.618421052631579,0.42832833997392816
BTCFX,pair_scan,pair_scan,SLV_up_SPY_down,2,0.39563254183485075,151,0.5827814569536424,0.38939300065170035,80,0.6,0.39563254183485075
CNPIX,pair_scan,pair_scan,JNK_up_QQQ_down,1,0.402937953429717,194,0.5876288659793815,0.5335890200930732,46,0.6086956521739131,0.402937953429717
CNPSX,pair_scan,pair_scan,JNK_up_QQQ_down,1,0.39900225099872416,194,0.5876288659793815,0.5295882487011493,46,0.6086956521739131,0.39900225099872416
CYPIX,pair_scan,pair_scan,EEM_down_GDX_up,1,0.38284232686214675,427,0.6323185011709602,0.5316883494789348,72,0.6805555555555556,0.38284232686214675
CYPSX,pair_scan,pair_scan,EEM_down_GDX_up,1,0.39249029574651473,398,0.628140703517588,0.5271144393097938,72,0.6666666666666666,0.39249029574651473
ENPIX,long,sparse,SPY_bin_-1_-0.5,1,0.39155406130666975,183,0.6174863387978142,0.6544093975461401,33,0.7272727272727273,0.39155406130666975
ENPSX,inverse,sparse,SPY_bin_-1_-0.5,1,0.37761956880464786,178,0.6179775280898876,0.6455844040065545,33,0.7272727272727273,0.37761956880464786
FNPIX,pair_scan,pair_scan,EEM_down_GDX_up,1,0.4704235674630244,299,0.5919732441471572,0.3330518083082811,72,0.6111111111111112,0.4704235674630244
FNPSX,pair_scan,pair_scan,EEM_down_GDX_up,1,0.47810347128399855,307,0.5895765472312704,0.3247718867950551,72,0.6111111111111112,0.47810347128399855
FYAIX,long,sparse,ext_vix_chg_ge5,1,0.3139592015267064,990,0.793939393939394,0.27771209447715833,89,0.8539325842696629,0.3139592015267064
FYASX,inverse,sparse,ext_vix_chg_ge5,1,0.31506795708281854,990,0.7919191919191919,0.2758473334963046,89,0.8539325842696629,0.31506795708281854
HCPIX,pair_scan,pair_scan,LQD_up_XLK_down,1,0.24989923290568306,333,0.5585585585585585,0.3901285748610608,71,0.5774647887323944,0.24989923290568306
HCPSX,pair_scan,pair_scan,QQQ_down_XLF_up,2,0.23830809779974277,251,0.6175298804780877,0.29771877948849607,67,0.6567164179104478,0.23830809779974277
IDPIX,pair_scan,pair_scan,EEM_down_GDX_up,1,0.385219388084639,337,0.5816023738872403,0.5508128048438667,72,0.6527777777777778,0.385219388084639
IDPSX,pair_scan,pair_scan,GDX_up_XLK_down,1,0.3473203361018804,527,0.6148007590132827,0.6745503371487782,75,0.68,0.3473203361018804
INPIX,pair_scan,pair_scan,TIP_up_TLT_down,1,0.5498677457477297,172,0.622093023255814,0.4403106787005474,42,0.5952380952380952,0.5498677457477297
INPSX,pair_scan,pair_scan,TIP_up_TLT_down,1,0.5453034361223891,172,0.6162790697674418,0.43674952402770273,42,0.5714285714285714,0.5453034361223891
LGPIX,long,main,XLK_bin_lt-2,1,0.24875883907046253,271,0.5830258302583026,0.4321539253388065,41,0.6097560975609756,0.24875883907046253
LGPSX,inverse,main,XLK_bin_lt-2,1,0.24446391683503585,271,0.5830258302583026,0.4275894898214412,41,0.6097560975609756,0.24446391683503585
LVPIX,long,gap_extra,ext_vix_chg_ge5,1,1.006224334678444,990,0.897979797979798,0.7860604287503701,89,0.9213483146067416,1.006224334678444
LVPSX,inverse,gap_extra,ext_vix_chg_ge5,1,1.0044854373165195,990,0.8949494949494949,0.7817030207930407,89,0.9213483146067416,1.0044854373165195
MDPIX,pair_scan,pair_scan,GDX_up_XLK_down,1,0.2452799078790785,501,0.5948103792415169,0.41595893451162624,75,0.6533333333333333,0.2452799078790785
MDPSX,pair_scan,pair_scan,EEM_down_GDX_up,1,0.24084937207772636,398,0.5577889447236181,0.3215000110896491,72,0.5833333333333334,0.24084937207772636
MGPIX,pair_scan,pair_scan,GDX_up_XLK_down,1,0.2024626331204012,603,0.6053067993366501,0.4257088728685728,75,0.64,0.2024626331204012
MLPIX,pair_scan,pair_scan,EEM_down_GDX_up,1,0.275937691101375,244,0.5860655737704918,0.28450011842354717,72,0.5555555555555556,0.275937691101375
MLPSX,pair_scan,pair_scan,EEM_down_GDX_up,1,0.2576546692069498,238,0.5756302521008403,0.27986828568406014,72,0.5555555555555556,0.2576546692069498
OEPIX,long,sparse,ext_vix_chg_ge5,1,2.164058383389845,990,0.7555555555555555,2.1027748331979916,89,0.7640449438202247,2.164058383389845
OEPSX,inverse,sparse,ext_vix_chg_ge5,1,2.154299956414191,990,0.7555555555555555,2.0997177345278972,89,0.7752808988764045,2.154299956414191
OTPIX,pair_scan,pair_scan,GLD_up_XLF_down,1,0.2319218108228169,599,0.6160267111853088,0.2226793917396103,100,0.57,0.2319218108228169
OTPSX,pair_scan,pair_scan,GLD_up_XLF_down,1,0.2279526104100526,599,0.6126878130217028,0.21850495518401267,100,0.57,0.2279526104100526
PHPIX,pair_scan,pair_scan,GDX_up_QQQ_down,1,0.24910651221690355,436,0.5504587155963303,0.49762736791479967,80,0.6,0.24910651221690355
PHPSX,pair_scan,pair_scan,QQQ_down_XLF_up,2,0.29162320654764456,168,0.6071428571428571,0.6504799015560212,67,0.6865671641791045,0.29162320654764456
PMPIX,pair_scan,pair_scan,JNK_down_SPY_up,2,0.34521871581722724,225,0.5688888888888889,0.43717968280440395,41,0.6585365853658537,0.34521871581722724
PMPSX,pair_scan,pair_scan,QQQ_up_SLV_down,2,0.35068626466083297,1051,0.5528068506184586,0.20870998062155058,75,0.6,0.35068626466083297
REPIX,pair_scan,pair_scan,GDX_up_XLV_down,1,0.3242834279669484,382,0.5732984293193717,0.4180427309556019,96,0.6354166666666666,0.3242834279669484
REPSX,pair_scan,pair_scan,GDX_up_XLF_down,1,0.36019881245599983,494,0.5647773279352226,0.42870386057476617,93,0.5698924731182796,0.36019881245599983
SGPIX,pair_scan,pair_scan,EEM_down_GDX_up,1,0.2814282142922791,331,0.5800604229607251,0.320882963358872,72,0.625,0.2814282142922791
SGPSX,pair_scan,pair_scan,EEM_down_GDX_up,1,0.23593881678543546,341,0.5689149560117303,0.31683490529621944,72,0.625,0.23593881678543546
SLPIX,pair_scan,pair_scan,EEM_down_GDX_up,1,0.2551900938357707,296,0.5743243243243243,0.3044662639150371,72,0.5833333333333334,0.2551900938357707
SLPSX,pair_scan,pair_scan,EEM_down_GDX_up,1,0.2850275120302731,279,0.5698924731182796,0.29997971856735184,72,0.5694444444444444,0.2850275120302731
SMPIX,pair_scan,pair_scan,UUP_down_XLU_down,1,0.7290981198469656,133,0.5939849624060151,0.7723737632147805,75,0.6266666666666667,0.7290981198469656
SMPSX,pair_scan,pair_scan,UUP_down_XLU_down,1,0.7704448257570978,133,0.5939849624060151,0.7721892122107722,75,0.6266666666666667,0.7704448257570978
SRPIX,long,sparse,ext_vix_chg_le-5,1,1.1799002117073651,863,0.7508690614136733,0.5525462109700733,78,0.6538461538461539,1.1799002117073651
SRPSX,inverse,gap_extra,ext_vix_chg_le-5,1,1.167755210663142,863,0.746234067207416,0.5222465172164538,78,0.6538461538461539,1.167755210663142
SVPIX,pair_scan,pair_scan,GDX_up_SPY_down,1,0.3050664457341833,303,0.5544554455445545,0.4530980243781575,76,0.6052631578947368,0.3050664457341833
SVPSX,pair_scan,pair_scan,GDX_up_QQQ_down,1,0.20633143528987455,576,0.5503472222222222,0.3981141969259367,80,0.6125,0.20633143528987455
TEPIX,pair_scan,pair_scan,GDX_up_XLK_down,1,0.4107473030786223,460,0.6239130434782608,0.4921780879960403,75,0.6133333333333333,0.4107473030786223
TEPSX,pair_scan,pair_scan,GDX_up_XLK_down,1,0.40742105227462266,455,0.621978021978022,0.4873447297878168,75,0.6133333333333333,0.40742105227462266
UAPIX,pair_scan,pair_scan,GDX_up_SPY_down,1,0.5246904434964945,509,0.5658153241650294,0.8357865074836875,76,0.5921052631578947,0.5246904434964945
UAPSX,pair_scan,pair_scan,GDX_up_SPY_down,1,0.49171332060252154,525,0.56,0.8296399782611107,76,0.5921052631578947,0.49171332060252154
UBPIX,pair_scan,pair_scan,GDX_up_IWM_down,1,0.5839281350391494,227,0.5594713656387665,0.9167723297177539,82,0.6219512195121951,0.5839281350391494
UBPSX,pair_scan,pair_scan,GDX_up_QQQ_down,1,0.48424806221276206,368,0.5516304347826086,0.8405940824332644,80,0.625,0.48424806221276206
UDPIX,pair_scan,pair_scan,GDX_up_XLK_down,1,0.48536655416918445,489,0.623721881390593,0.6342509338350351,75,0.6533333333333333,0.48536655416918445
UDPSX,pair_scan,pair_scan,GDX_up_XLK_down,1,0.4822800108306488,489,0.621676891615542,0.6306027071383289,75,0.6533333333333333,0.4822800108306488
UEPIX,pair_scan,pair_scan,GDX_up_SPY_down,1,0.42067837659488816,128,0.59375,0.410993113988879,76,0.631578947368421,0.42067837659488816
UEPSX,pair_scan,pair_scan,GDX_up_SPY_down,1,0.41068305989173765,141,0.5957446808510638,0.40491331892520915,76,0.631578947368421,0.41068305989173765
UGPIX,pair_scan,pair_scan,TIP_up_TLT_down,2,1.5775627327836892,348,0.5660919540229885,0.8596148718310019,42,0.6190476190476191,1.5775627327836892
UGPSX,pair_scan,pair_scan,TIP_up_TLT_down,2,1.5719523082031623,348,0.5689655172413793,0.8577273864924138,42,0.6190476190476191,1.5719523082031623
UJPIX,pair_scan,pair_scan,HYG_down_XLK_down,1,1.3112354301594886,127,0.6299212598425197,0.9386572980659891,100,0.65,1.3112354301594886
UJPSX,pair_scan,pair_scan,XLK_down_XLV_down,1,0.8389240813017305,120,0.625,1.4210679181796688,78,0.6923076923076923,0.8389240813017305
ULPIX,pair_scan,pair_scan,GDX_up_SPY_down,1,0.42233645126039904,541,0.5988909426987061,0.6753282700808451,76,0.631578947368421,0.42233645126039904
ULPSX,pair_scan,pair_scan,GDX_up_XLK_down,1,0.44045153576454293,530,0.6094339622641509,0.7003617645966486,75,0.64,0.44045153576454293
UMPIX,pair_scan,pair_scan,EEM_down_GDX_up,1,0.498642170744366,381,0.5564304461942258,0.6471930464082101,72,0.5833333333333334,0.498642170744366
UMPSX,pair_scan,pair_scan,GDX_up_XLK_down,1,0.48328699732419295,503,0.5944333996023857,0.8243648388251604,75,0.6533333333333333,0.48328699732419295
UNPIX,pair_scan,pair_scan,GDX_up_SPY_down,1,0.575086579355873,289,0.5778546712802768,0.8380881821413348,76,0.618421052631579,0.575086579355873
UNPSX,pair_scan,pair_scan,HYG_down_XLE_down,2,0.6306695275747989,154,0.6233766233766234,0.4674082068212107,76,0.6578947368421053,0.6306695275747989
UOPIX,ultra_long,sparse,XLV_bin_-2_-1,1,0.4598985329663603,251,0.5537848605577689,1.1887610936519846,42,0.5714285714285714,0.4598985329663603
UOPSX,pair_scan,pair_scan,GLD_up_XLF_down,1,0.44718286812587654,593,0.612141652613828,0.4338716423902659,100,0.57,0.44718286812587654
UTPIX,pair_scan,pair_scan,XLK_down_XLV_down,1,0.2169099839851374,123,0.5772357723577236,0.42944774844795,40,0.725,0.2169099839851374
UTPSX,pair_scan,pair_scan,GDX_up_JNK_down,1,0.2054427917092719,509,0.5520628683693517,0.30699726283406154,79,0.569620253164557,0.2054427917092719
UUPIX,pair_scan,pair_scan,GDX_up_QQQ_down,1,0.9314818835796116,165,0.5757575757575758,0.9286338271530248,80,0.5875,0.9314818835796116
UUPSX,pair_scan,pair_scan,GDX_up_QQQ_down,1,0.9241336454910076,165,0.5757575757575758,0.9240630856074443,80,0.5875,0.9241336454910076
WCPIX,pair_scan,pair_scan,GDX_up_SPY_down,1,0.3255614227348121,278,0.5755395683453237,0.4270709102038403,76,0.5789473684210527,0.3255614227348121
WCPSX,pair_scan,pair_scan,FXY_up_TIP_up,1,0.35503325841441596,135,0.6148148148148148,0.2861914286172011,118,0.6101694915254238,0.35503325841441596
