ticker,fund_group,source,condition,horizon,full_avg,full_trades,full_hit,frozen_avg,frozen_trades,frozen_hit,pass,abs_full_avg
AFBIX,long,sparse,ext_vix_chg_le-5,1,0.3929676784292235,863,0.7879490150637312,0.2773275829303024,78,0.8333333333333334,,0.3929676784292235
AFBSX,inverse,sparse,ext_vix_chg_le-5,1,0.3887531937627287,863,0.7775202780996524,0.2706352631731451,78,0.8205128205128205,,0.3887531937627287
BIPIX,long,triple_scan,SPY_down_up_up_TLT_XLU,1,0.5645281619363985,149,0.5503355704697986,0.9421543356419063,43,0.627906976744186,True,0.5645281619363985
BIPSX,inverse,triple_scan,LQD_down_up_down_XLE_XLK,1,0.6066940813555878,125,0.576,0.7828795443217178,48,0.5833333333333334,True,0.6066940813555878
BITIX,long,triple_scan,EEM_up_up_up_GLD_JNK,1,7.792269762314485,120,0.6416666666666667,0.8835371092142577,105,0.6666666666666666,True,7.792269762314485
BKPIX,long,triple_scan,GDX_up_down_down_SPY_XLF,2,0.6337654653610436,179,0.5921787709497207,0.4569040503125589,60,0.6333333333333333,True,0.6337654653610436
BKPSX,inverse,triple_scan,GDX_up_down_down_SPY_XLF,2,0.6391482146214832,173,0.6011560693641619,0.45280246462585655,60,0.6333333333333333,True,0.6391482146214832
BLPIX,long,gap_extra,ext_vix_chg_ge5,1,1.0837703814050874,990,0.9353535353535354,1.077939605155951,89,0.9775280898876404,,1.0837703814050874
BLPSX,inverse,gap_extra,ext_vix_chg_ge5,1,1.07971385391844,990,0.9323232323232324,1.0747692053359583,89,0.9775280898876404,,1.07971385391844
BMPIX,long,triple_scan,EEM_down_up_down_GDX_XLU,1,0.6481634090421035,135,0.5555555555555556,0.7749618862786309,35,0.5714285714285714,True,0.6481634090421035
BMPSX,inverse,triple_scan,EEM_down_up_down_GDX_XLU,1,0.6452034805276036,135,0.5555555555555556,0.7711887137671006,35,0.5714285714285714,True,0.6452034805276036
BTCFX,long,triple_scan,QQQ_down_down_down_XLF_XLV,1,0.6996624554639056,176,0.5681818181818182,0.753280787992598,72,0.5694444444444444,True,0.6996624554639056
CNPIX,long,triple_scan,GLD_up_up_down_JNK_QQQ,1,0.42928461467651385,126,0.6190476190476191,0.7229001352824327,31,0.6451612903225806,True,0.42928461467651385
CNPSX,inverse,triple_scan,GLD_up_up_down_JNK_QQQ,1,0.42441339304788916,126,0.6190476190476191,0.7168246384797542,31,0.6451612903225806,True,0.42441339304788916
CYPIX,long,triple_scan,EEM_down_up_down_GDX_LQD,1,0.482419539663279,156,0.6153846153846154,0.8940418264974653,34,0.7058823529411765,True,0.482419539663279
CYPSX,inverse,triple_scan,EEM_down_up_down_GDX_LQD,1,0.4926978198012525,152,0.618421052631579,0.8908459619415194,34,0.7058823529411765,True,0.4926978198012525
ENPIX,long,triple_scan,GDX_up_down_down_LQD_XLE,1,0.6836187690944082,134,0.5746268656716418,0.822895560794911,38,0.631578947368421,True,0.6836187690944082
ENPSX,inverse,triple_scan,GDX_up_down_down_LQD_XLE,1,0.6835891062664996,134,0.5746268656716418,0.8229494988966738,38,0.631578947368421,True,0.6835891062664996
FNPIX,long,triple_scan,GDX_up_down_down_XLK_XLU,1,0.6017703137039694,195,0.6256410256410256,0.6548339607222351,36,0.6944444444444444,True,0.6017703137039694
FNPSX,inverse,triple_scan,GDX_up_down_down_SPY_XLF,1,0.5863096372384896,282,0.6063829787234043,0.6693797036490506,60,0.6666666666666666,True,0.5863096372384896
FYAIX,long,sparse,ext_vix_chg_ge5,1,0.3139592015267064,990,0.793939393939394,0.2777120944771583,89,0.8539325842696629,,0.3139592015267064
FYASX,inverse,sparse,ext_vix_chg_ge5,1,0.3150679570828185,990,0.7919191919191919,0.2758473334963046,89,0.8539325842696629,,0.3150679570828185
HCPIX,long,triple_scan,FXY_up_up_down_GDX_QQQ,1,0.3626694194731027,494,0.6133603238866396,0.5303230192260707,41,0.5609756097560976,True,0.3626694194731027
HCPSX,inverse,triple_scan,FXY_up_up_down_GDX_QQQ,1,0.36339481518028566,485,0.6144329896907217,0.5241567455208652,41,0.5609756097560976,True,0.36339481518028566
IDPIX,long,triple_scan,JNK_up_down_up_QQQ_XLE,1,0.5326826164604108,140,0.6214285714285714,0.20060608962808424,31,0.6129032258064516,True,0.5326826164604108
IDPSX,inverse,triple_scan,GDX_up_down_down_XLK_XLU,1,0.4861954293547424,226,0.6283185840707964,0.845450244041701,36,0.7222222222222222,True,0.4861954293547424
INPIX,pair_scan,pair_scan,TIP_up_TLT_down,1,0.5498677457477297,172,0.622093023255814,0.4403106787005474,42,0.5952380952380952,,0.5498677457477297
INPSX,pair_scan,pair_scan,TIP_up_TLT_down,1,0.5453034361223891,172,0.6162790697674418,0.4367495240277027,42,0.5714285714285714,,0.5453034361223891
LGPIX,long,triple_scan,IWM_up_up_up_TIP_XLE,1,-0.36872344132899826,138,0.6014492753623188,0.20025699477060466,75,0.6266666666666667,True,0.36872344132899826
LGPSX,inverse,triple_scan,GDX_up_down_down_TLT_XLK,1,0.34434703657989413,120,0.5916666666666667,0.5867759359565766,37,0.6756756756756757,True,0.34434703657989413
LVPIX,long,gap_extra,ext_vix_chg_ge5,1,1.006224334678444,990,0.897979797979798,0.7860604287503701,89,0.9213483146067416,,1.006224334678444
LVPSX,inverse,gap_extra,ext_vix_chg_ge5,1,1.0044854373165195,990,0.8949494949494949,0.7817030207930407,89,0.9213483146067416,,1.0044854373165195
MDPIX,long,triple_scan,GDX_up_down_down_XLK_XLU,1,0.36130673977823957,140,0.6142857142857143,0.6377389404987441,36,0.6666666666666666,True,0.36130673977823957
MDPSX,inverse,triple_scan,GDX_up_down_down_XLK_XLU,1,0.3571313157997616,140,0.6142857142857143,0.6343415993567906,36,0.6666666666666666,True,0.3571313157997616
MGPIX,long,triple_scan,GDX_up_down_down_XLF_XLU,1,0.30361258713631606,260,0.5961538461538461,0.5814995171931567,49,0.6530612244897959,True,0.30361258713631606
MGPSX,inverse,triple_scan,GDX_up_down_down_XLF_XLU,1,0.29410843194007996,258,0.5930232558139535,0.5758610345805997,49,0.6530612244897959,True,0.29410843194007996
MLPIX,long,triple_scan,GDX_up_down_down_SPY_XLF,1,0.42021209828572176,216,0.6018518518518519,0.5588510809221118,60,0.65,True,0.42021209828572176
MLPSX,inverse,triple_scan,GDX_up_down_down_SPY_XLF,1,0.4170282475380811,219,0.6027397260273972,0.5552566473939436,60,0.65,True,0.4170282475380811
OEPIX,long,sparse,ext_vix_chg_ge5,1,2.164058383389845,990,0.7555555555555555,2.102774833197992,89,0.7640449438202247,,2.164058383389845
OEPSX,inverse,sparse,ext_vix_chg_ge5,1,2.154299956414191,990,0.7555555555555555,2.099717734527897,89,0.7752808988764045,,2.154299956414191
OTPIX,long,triple_scan,GDX_up_down_down_LQD_SPY,1,0.3786957928985537,125,0.608,0.5145615852912048,42,0.6666666666666666,True,0.3786957928985537
OTPSX,inverse,triple_scan,GDX_up_down_down_LQD_SPY,1,0.37318538083179986,125,0.6,0.5068658353388548,42,0.6666666666666666,True,0.37318538083179986
PHPIX,long,triple_scan,GLD_down_down_up_QQQ_XLF,2,0.36969924598492676,143,0.6363636363636364,0.7081701480909285,30,0.7,True,0.36969924598492676
PHPSX,inverse,triple_scan,FXY_up_up_down_GDX_SPY,1,0.35613543868374026,311,0.5594855305466238,0.6951959838836429,38,0.5789473684210527,True,0.35613543868374026
PMPIX,long,triple_scan,SPY_down_up_up_TIP_UUP,1,0.6501757745620047,291,0.5567010309278351,1.5109579725791322,32,0.78125,True,0.6501757745620047
PMPSX,inverse,triple_scan,JNK_down_up_up_SPY_XLK,2,1.1377217408648859,201,0.5522388059701493,0.22404962213925803,33,0.6363636363636364,True,1.1377217408648859
REPIX,long,triple_scan,FXY_up_down_up_GLD_XLF,1,0.47723095958644807,131,0.5877862595419847,-0.2458296963558053,30,0.5666666666666667,True,0.47723095958644807
REPSX,inverse,triple_scan,FXY_up_down_up_GLD_XLF,1,0.47348581003101914,131,0.5877862595419847,-0.2476118920326363,30,0.5666666666666667,True,0.47348581003101914
SGPIX,long,triple_scan,GDX_up_down_down_SPY_UUP,1,0.3906175860139122,219,0.6027397260273972,0.551098676721963,39,0.6153846153846154,True,0.3906175860139122
SGPSX,inverse,triple_scan,GDX_up_down_down_SPY_UUP,1,0.37638523085722914,207,0.5942028985507246,0.5467507332363084,39,0.6153846153846154,True,0.37638523085722914
SLPIX,long,triple_scan,GDX_up_down_down_JNK_XLF,1,0.43407317191806494,174,0.5862068965517241,0.5174665581869781,58,0.5689655172413793,True,0.43407317191806494
SLPSX,inverse,triple_scan,GDX_up_down_down_JNK_XLF,1,0.43083230236902204,174,0.5804597701149425,0.5148883794267403,58,0.5689655172413793,True,0.43083230236902204
SMPIX,long,triple_scan,GDX_up_down_down_SPY_UUP,1,1.0302196614298085,200,0.66,1.4640556868622654,39,0.6923076923076923,True,1.0302196614298085
SMPSX,inverse,triple_scan,GDX_up_down_down_SPY_UUP,1,1.0204834571277426,198,0.6565656565656566,1.46386134006133,39,0.6923076923076923,True,1.0204834571277426
SPPIX,long,triple_scan,EEM_up_up_down_GLD_IWM,1,0.3315668152982321,290,0.5758620689655173,0.9217735695831965,34,0.5882352941176471,True,0.3315668152982321
SPPSX,inverse,triple_scan,EEM_up_up_down_GLD_IWM,1,0.32853163889864007,290,0.5655172413793104,0.9332267900854604,34,0.5588235294117647,True,0.32853163889864007
SRPIX,long,sparse,ext_vix_chg_le-5,1,1.1799002117073651,863,0.7508690614136733,0.5525462109700733,78,0.6538461538461539,,1.1799002117073651
SRPSX,inverse,gap_extra,ext_vix_chg_le-5,1,1.167755210663142,863,0.746234067207416,0.5222465172164538,78,0.6538461538461539,,1.167755210663142
SVPIX,long,triple_scan,GDX_up_down_down_SPY_UUP,1,0.39320900711507417,149,0.5973154362416108,0.5693900370556344,39,0.5641025641025641,True,0.39320900711507417
SVPSX,inverse,triple_scan,GDX_up_down_down_SPY_UUP,1,0.389194768945796,149,0.5973154362416108,0.5660882377468142,39,0.5641025641025641,True,0.389194768945796
TEPIX,long,triple_scan,EEM_down_up_down_GDX_UUP,1,0.7544835895600164,177,0.655367231638418,1.1482052809912526,33,0.6666666666666666,True,0.7544835895600164
TEPSX,inverse,triple_scan,EEM_down_up_down_GDX_UUP,1,0.6808894586318265,177,0.6497175141242938,1.1424382862851798,33,0.6666666666666666,True,0.6808894586318265
UAPIX,ultra_long,triple_scan,GDX_up_down_down_JNK_XLF,1,0.855317780930168,174,0.5804597701149425,1.0110332176159231,58,0.5689655172413793,True,0.855317780930168
UAPSX,inverse,triple_scan,GDX_up_down_down_JNK_XLF,1,0.7495399201664097,180,0.5777777777777777,1.0053259209016052,58,0.5689655172413793,True,0.7495399201664097
UBPIX,ultra_long,triple_scan,GDX_up_down_down_QQQ_XLV,1,1.107986844563412,161,0.6149068322981367,1.775995822277723,39,0.7692307692307693,True,1.107986844563412
UBPSX,inverse,triple_scan,GDX_up_down_down_QQQ_XLV,1,1.0185743465084733,178,0.6123595505617978,1.7708725703188004,39,0.7692307692307693,True,1.0185743465084733
UDPIX,ultra_long,triple_scan,GDX_up_down_down_UUP_XLK,1,0.6926671559358933,223,0.6233183856502242,0.842396694780944,40,0.6,True,0.6926671559358933
UDPSX,inverse,triple_scan,GDX_up_down_down_UUP_XLK,1,0.6909158260209876,223,0.6233183856502242,0.8390872352059529,40,0.6,True,0.6909158260209876
UEPIX,pair_scan,pair_scan,GDX_up_SPY_down,1,0.4206783765948881,128,0.59375,0.410993113988879,76,0.631578947368421,,0.4206783765948881
UEPSX,pair_scan,pair_scan,GDX_up_SPY_down,1,0.4106830598917376,141,0.5957446808510638,0.4049133189252091,76,0.631578947368421,,0.4106830598917376
UFPIX,ultra_long,triple_scan,JNK_down_down_up_TIP_XLV,3,0.9327782259019,306,0.5588235294117647,0.3541194820977159,34,0.5882352941176471,True,0.9327782259019
UFPSX,inverse,triple_scan,JNK_down_down_up_TIP_XLV,3,0.9313284948803469,306,0.5588235294117647,0.3533449172769558,34,0.5882352941176471,True,0.9313284948803469
UGPIX,ultra_long,triple_scan,LQD_up_down_up_XLF_XLV,2,2.2134177433454267,220,0.5727272727272728,0.4375640672526115,30,0.7,True,2.2134177433454267
UGPSX,inverse,triple_scan,LQD_up_down_up_XLF_XLV,2,2.2033231008302594,220,0.5772727272727273,0.43432946654668686,30,0.7,True,2.2033231008302594
UHPIX,ultra_long,triple_scan,TIP_down_up_down_UUP_XLE,1,0.8612781866487544,128,0.609375,1.6751103194192203,41,0.6585365853658537,True,0.8612781866487544
UHPSX,inverse,triple_scan,GLD_down_down_down_LQD_SPY,3,2.4358252915351963,134,0.5970149253731343,0.6427575134112862,55,0.5818181818181818,True,2.4358252915351963
UJPIX,pair_scan,pair_scan,HYG_down_XLK_down,1,1.3112354301594886,127,0.6299212598425197,0.9386572980659892,100,0.65,,1.3112354301594886
UJPSX,inverse,triple_scan,QQQ_down_down_down_SPY_XLV,1,0.9452549257788121,127,0.6299212598425197,1.1312308595201008,85,0.6470588235294118,True,0.9452549257788121
UKPIX,ultra_long,triple_scan,QQQ_up_up_down_SPY_TIP,2,0.2711573753509887,209,0.569377990430622,0.7745293137099802,40,0.6,True,0.2711573753509887
UKPSX,inverse,triple_scan,QQQ_up_up_down_SPY_TIP,2,0.3899149966596362,181,0.585635359116022,0.7678283507889103,40,0.6,True,0.3899149966596362
ULPIX,ultra_long,triple_scan,GDX_up_down_down_SPY_UUP,1,0.6646604553845289,210,0.6285714285714286,1.0442530388236584,39,0.6410256410256411,True,0.6646604553845289
ULPSX,inverse,triple_scan,GDX_up_down_down_UUP_XLK,1,0.6298687447400736,245,0.6285714285714286,0.8607204473972911,40,0.625,True,0.6298687447400736
UMPIX,ultra_long,triple_scan,GDX_up_down_down_XLK_XLU,1,0.7601035932933276,153,0.6013071895424836,1.273292383679829,36,0.6666666666666666,True,0.7601035932933276
UMPSX,inverse,triple_scan,GDX_up_down_down_XLK_XLU,1,0.8371194456698327,149,0.6040268456375839,1.2678553447163412,36,0.6666666666666666,True,0.8371194456698327
UNPIX,ultra_long,triple_scan,GDX_up_down_down_XLF_XLK,1,0.6016241618245658,251,0.601593625498008,1.186842178369326,49,0.673469387755102,True,0.6016241618245658
UNPSX,pair_scan,pair_scan,HYG_down_XLE_down,2,0.6306695275747989,154,0.6233766233766234,0.4674082068212107,76,0.6578947368421053,,0.6306695275747989
UOPIX,ultra_long,triple_scan,GDX_up_down_down_LQD_SPY,1,0.6985753790195129,139,0.5899280575539568,1.0171768499853733,42,0.6666666666666666,True,0.6985753790195129
UOPSX,inverse,triple_scan,GDX_up_down_down_LQD_SPY,1,0.7412905529781435,125,0.6,1.0143486792407113,42,0.6666666666666666,True,0.7412905529781435
USPIX,ultra_long,triple_scan,EEM_up_up_up_SLV_XLV,1,0.49747529425272285,136,0.5661764705882353,0.6852998567451373,61,0.5901639344262295,True,0.49747529425272285
USPSX,inverse,triple_scan,EEM_up_up_up_GLD_HYG,1,0.48663813708408077,121,0.5537190082644629,0.9778102094410872,46,0.6739130434782609,True,0.48663813708408077
UTPIX,ultra_long,triple_scan,FXY_up_up_down_GDX_XLK,1,0.3792684267341154,508,0.5826771653543307,0.5563531971108809,38,0.5789473684210527,True,0.3792684267341154
UTPSX,inverse,triple_scan,FXY_up_up_down_GDX_XLK,1,0.37960631872019834,508,0.5826771653543307,0.5529098511164146,38,0.5789473684210527,True,0.37960631872019834
UUPIX,ultra_long,triple_scan,GDX_up_down_down_SPY_XLF,1,0.9429283813960913,136,0.6397058823529411,1.0896897045026066,60,0.6166666666666667,True,0.9429283813960913
UUPSX,pair_scan,pair_scan,GDX_up_QQQ_down,1,0.9241336454910076,165,0.5757575757575758,0.9240630856074444,80,0.5875,,0.9241336454910076
UVPIX,ultra_long,triple_scan,FXY_down_up_down_IWM_JNK,1,0.46456083548855437,268,0.5559701492537313,0.9053203449588673,30,0.6333333333333333,True,0.46456083548855437
UVPSX,inverse,triple_scan,LQD_down_down_up_XLF_XLK,2,0.4154079426121731,148,0.5675675675675675,0.34510331075970213,44,0.5681818181818182,True,0.4154079426121731
UXPSX,inverse,triple_scan,SLV_up_down_down_TIP_TLT,2,0.2260833878153247,200,0.57,0.2118936056471965,34,0.5882352941176471,True,0.2260833878153247
WCPIX,long,triple_scan,GLD_up_up_up_SPY_XLE,2,0.5354687214750777,153,0.5620915032679739,0.21310109012680173,51,0.5686274509803921,True,0.5354687214750777
WCPSX,inverse,triple_scan,GDX_up_down_down_XLK_XLV,1,0.474890809525854,220,0.6045454545454545,1.0319270291024862,36,0.6666666666666666,True,0.474890809525854
