ticker,n_strategies,constraints_met,base_full_avg,base_full_trades,base_full_hit,base_frozen_avg,base_frozen_trades,base_frozen_hit,sel_full_avg,sel_full_trades,sel_full_hit,sel_frozen_avg,sel_frozen_trades,sel_frozen_hit,density_full_req,density_frozen_req
BIPIX,3,True,0.12009112589180324,5044,0.535289452815226,0.2819885617293095,396,0.5505050505050505,0.3908470137622039,1005,0.6009950248756218,0.7268200430546776,139,0.6474820143884892,200,40
BIPSX,3,True,0.13707391115913525,5038,0.5398967844382692,0.32116331679848303,396,0.5681818181818182,0.3815997621796976,1243,0.5720032180209171,0.6822274283090267,146,0.6301369863013698,200,40
BITIX,3,True,0.1087684645405741,681,0.5198237885462555,0.1762859231317608,355,0.5380281690140845,0.32848436222845584,378,0.5396825396825397,0.3949656055098951,211,0.5592417061611374,200,40
BKPIX,3,True,0.11840632380787593,4815,0.5329179646936656,0.15991523729732157,393,0.5597964376590331,0.3899591631930237,1056,0.5804924242424242,0.6290633521777246,142,0.6408450704225352,200,40
BKPSX,3,True,0.12601655200499723,4739,0.5374551593163115,0.13704828024615204,392,0.5510204081632653,0.375371418563669,1147,0.5867480383609416,0.4497472172168021,151,0.6291390728476821,200,40
BLPIX,1,True,0.13166712415629897,2711,0.5639985245296938,0.14199979518317984,330,0.5787878787878787,0.24703242157607017,606,0.570957095709571,0.6112842817025174,35,0.6,120,30
BLPSX,1,True,0.1370676573500092,2412,0.5601160862354893,0.13465208619152275,327,0.5657492354740061,0.24454020171054983,611,0.5679214402618658,0.6552476085146761,34,0.6176470588235294,120,30
BMPIX,3,True,0.10931947133774624,4263,0.5402298850574713,0.13453830400247843,392,0.5433673469387755,0.46598163803527876,507,0.5857988165680473,0.5164619389579798,79,0.5949367088607594,200,40
BMPSX,3,True,0.1052918081425751,4087,0.5380474675801321,0.14034710165343212,388,0.5412371134020618,0.5027473543256454,449,0.5812917594654788,0.5446804829807509,88,0.6022727272727273,200,40
BTCFX,3,True,0.29734049313282823,964,0.5259336099585062,0.0907771093547597,390,0.5076923076923077,0.5231358617936654,408,0.5465686274509803,0.4546206848631122,158,0.5506329113924051,200,40
CNPIX,3,True,0.11444645811491598,3216,0.542910447761194,0.12234169078477244,354,0.5423728813559322,0.36903924950478756,464,0.6012931034482759,0.3801896740831638,95,0.631578947368421,160,35
CNPSX,3,True,0.10770323332415364,3020,0.5423841059602649,0.1109970502562466,337,0.5400593471810089,0.30533391421983547,630,0.5857142857142857,0.3433480387378391,72,0.5833333333333334,160,35
CYPIX,3,True,0.08449895423816411,4069,0.5485377242565741,0.0808108744633951,391,0.5319693094629157,0.3606748256980441,848,0.6002358490566038,0.4499546781181327,101,0.6336633663366337,200,40
CYPSX,3,True,0.07672800720110125,3971,0.5484764542936288,0.08387786409433655,387,0.5348837209302325,0.2447863800449036,666,0.6021021021021021,0.43123866340199646,124,0.6209677419354839,200,40
ENPIX,3,True,0.12701303310464251,4676,0.5417023096663816,0.2171959507151897,392,0.5790816326530612,0.347452478769757,1263,0.5684877276326208,0.5566564169910247,143,0.6573426573426573,200,40
ENPSX,3,True,0.13433723990022006,4608,0.5407986111111112,0.2215586313669422,392,0.5918367346938775,0.3546694945245439,1180,0.5711864406779661,0.3478361979806367,153,0.6143790849673203,200,40
FNPIX,3,True,0.11864146561434018,4488,0.5389928698752228,0.0943894294179629,395,0.5544303797468354,0.37045023483035194,1109,0.6068530207394048,0.3293504338301096,171,0.6140350877192983,200,40
FNPSX,3,True,0.10490689458690686,4357,0.5382143676841864,0.08716562204090819,396,0.5631313131313131,0.39017579926254015,1089,0.5996326905417815,0.3216566857847756,177,0.615819209039548,200,40
GVPSX,1,True,0.20712178632637632,400,0.58,0.25643708257385023,36,0.6388888888888888,0.20712178632637632,400,0.58,0.25643708257385023,36,0.6388888888888888,120,30
HCPIX,3,True,0.10127968223957891,3649,0.5393258426966292,0.10251428705753432,365,0.5232876712328767,0.3618142573921003,747,0.6117804551539491,0.3939158793188376,123,0.5934959349593496,120,30
HCPSX,3,True,0.10248383486992514,3547,0.537919368480406,0.10603430227481313,361,0.5263157894736842,0.36124026368882406,738,0.6111111111111112,0.38927122746593534,123,0.5934959349593496,120,30
IDPIX,3,True,0.10390222430357722,4401,0.5401045216996138,0.14493282497707546,396,0.553030303030303,0.3454699123857734,839,0.6090584028605482,0.5269421089321691,149,0.6375838926174496,200,40
IDPSX,3,True,0.0953007056683486,4376,0.5397623400365631,0.15992798231589364,396,0.547979797979798,0.23804643540091042,691,0.5861070911722142,0.4718491545914149,86,0.6744186046511628,200,40
INPIX,3,True,0.11564909332194329,5034,0.5536352800953516,0.09365515307525156,396,0.5378787878787878,0.35446212700938656,1051,0.6051379638439581,0.7001095604989405,153,0.6339869281045751,200,40
INPSX,3,True,0.12303876798241109,4960,0.5536290322580645,0.09800937096271928,396,0.5328282828282829,0.3872889356987163,833,0.6158463385354142,0.42678444952137295,140,0.5857142857142857,200,40
LGPIX,1,True,0.0977175201814206,3408,0.5613262910798122,0.13611611058440748,383,0.5796344647519582,0.4525320198282627,193,0.6632124352331606,0.5220552663904051,50,0.64,120,30
LGPSX,1,True,0.08977150160554868,3292,0.5577156743620899,0.10657831262470026,359,0.5710306406685237,0.4481961876690473,193,0.6632124352331606,0.5162568231335469,50,0.64,120,30
LVPIX,1,True,0.11001746888923258,1669,0.5566207309766327,0.10758078372332894,266,0.6015037593984962,0.44511963354951023,186,0.6344086021505376,0.3861065340849544,50,0.66,120,30
LVPSX,1,True,0.12545029185666134,1548,0.5581395348837209,0.12176790261295205,238,0.6050420168067226,0.4386915466404039,170,0.6352941176470588,0.3810326181666535,50,0.66,120,30
MDPIX,1,True,0.1425768280663698,2057,0.5542051531356345,0.12456129904046385,285,0.5543859649122806,0.2931349460820169,393,0.5928753180661578,0.5774339628416361,60,0.6833333333333333,120,30
MDPSX,1,True,0.13657239669374946,2027,0.5540207202762704,0.13651992434119573,263,0.5437262357414449,0.2805766926817632,387,0.5891472868217055,0.5764150046266961,57,0.6666666666666666,120,30
MGPIX,1,True,0.12338151133544313,2219,0.5651194231635872,0.13701421186330875,310,0.5451612903225806,0.27589538516662093,400,0.64,0.7139340254663638,49,0.7551020408163265,120,30
MGPSX,1,True,0.12381010830685756,2186,0.5649588289112535,0.1701996113696343,315,0.5619047619047619,0.2712729139570114,400,0.635,0.7078731296997836,49,0.7551020408163265,120,30
MLPIX,1,True,0.1196760316937851,1655,0.5359516616314199,0.08398409751266817,257,0.5019455252918288,0.42021209828572176,216,0.6018518518518519,0.5588510809221118,60,0.65,120,30
MLPSX,1,True,0.12366676557261602,1490,0.5308724832214765,0.05264657192737046,216,0.4861111111111111,0.4170282475380811,219,0.6027397260273972,0.5552566473939436,60,0.65,120,30
OEPIX,3,True,0.1146722318647109,4136,0.5372340425531915,0.19902641446710634,395,0.5569620253164557,0.3143317010964087,1100,0.5690909090909091,0.3401860491921373,151,0.6158940397350994,200,40
OEPSX,3,True,0.10095957601709792,4058,0.5369640216855593,0.17867350590298323,394,0.5558375634517766,0.3073798720058097,1096,0.5702554744525548,0.3362980517100761,151,0.6158940397350994,200,40
OTPIX,3,True,0.10795947122704658,3748,0.5562966915688368,0.15733618647612588,377,0.583554376657825,0.2681140812427552,1000,0.599,0.3990070052505635,100,0.66,120,30
OTPSX,1,True,0.10322082523808276,3025,0.5596694214876033,0.15517988431816887,375,0.5813333333333334,0.3476785010318912,301,0.6112956810631229,0.49083075645867147,47,0.6170212765957447,120,30
PHPIX,3,True,0.12256213607360694,3773,0.5385634773389876,0.32072579675589097,391,0.5831202046035806,0.34941885767473424,713,0.603085553997195,0.4782942770772816,88,0.625,200,40
PHPSX,3,True,0.13417273790502113,3557,0.5417486646050043,0.30272789446667864,391,0.5754475703324808,0.3287257223425543,779,0.5738125802310655,0.575679744172535,137,0.6131386861313869,160,35
PMPIX,3,True,0.18560029812455148,4622,0.5199048031155344,0.5238741574069844,395,0.6126582278481013,0.41339746824738866,1480,0.552027027027027,0.7841123337375777,122,0.639344262295082,200,40
PMPSX,3,True,0.19831657706835076,4666,0.5216459494213459,0.4936434210671465,395,0.6075949367088608,0.42835300393186815,1485,0.5521885521885522,0.7801247388632605,122,0.639344262295082,200,40
REPIX,3,True,0.11117085097779544,4665,0.5348338692390139,0.05437211372202123,390,0.5435897435897435,0.3191943303360945,1029,0.5908649173955296,0.23723137463472432,153,0.5816993464052288,200,40
REPSX,3,True,0.12447628231134392,4539,0.536021150033047,0.04996353048120001,384,0.546875,0.4018279790947249,1201,0.5661948376353039,0.3367939842645411,134,0.6044776119402985,160,35
RRPIX,1,True,0.29503847144469303,210,0.5666666666666667,0.2535319353836,34,0.5882352941176471,0.29503847144469303,210,0.5666666666666667,0.2535319353836,34,0.5882352941176471,120,30
RRPSX,1,True,0.2942216326244474,197,0.5532994923857868,0.24971670575299207,34,0.5882352941176471,0.2942216326244474,197,0.5532994923857868,0.24971670575299207,34,0.5882352941176471,120,30
SGPIX,3,True,0.10473700990306918,2656,0.5338855421686747,0.09996135268456015,309,0.5275080906148867,0.27356379591442237,441,0.562358276643991,0.4507671793318205,75,0.64,160,35
SGPSX,3,True,0.11348942184520983,2575,0.5355339805825243,0.1053562333946836,309,0.5307443365695793,0.24823107011599532,473,0.5623678646934461,0.36929153440499657,76,0.618421052631579,160,35
SLPIX,1,True,0.11993029303086934,2693,0.538804307463795,0.13454032632265234,315,0.5523809523809524,0.32072459112924045,366,0.5956284153005464,0.7132760435953878,49,0.673469387755102,120,30
SLPSX,1,True,0.13022416908134674,2758,0.5402465554749819,0.15445661362972138,345,0.553623188405797,0.3314921801370492,331,0.595166163141994,0.709705756110671,49,0.673469387755102,120,30
SMPIX,3,True,0.14131395054303644,5667,0.5267337215457915,0.3303959335308705,396,0.5681818181818182,0.44022426854431695,1617,0.5819418676561534,1.1773474825563603,171,0.6549707602339181,200,40
SMPSX,3,True,0.14193470286071175,5705,0.5291849255039439,0.34529728184194525,396,0.5681818181818182,0.44549615215771476,1635,0.5834862385321101,0.902432131926966,235,0.6085106382978723,200,40
SNPIX,1,True,0.1671913094804869,465,0.556989247311828,0.31253119629870496,118,0.5677966101694916,0.3705735828518337,158,0.569620253164557,0.8807136883415989,35,0.6,120,30
SNPSX,1,True,0.1121228245592229,584,0.5273972602739726,0.23204585984231382,143,0.5314685314685315,0.42142984675081474,148,0.6148648648648649,0.7513806793307626,45,0.7111111111111111,120,30
SPPIX,1,True,0.1671652170307366,849,0.5559481743227326,0.21132811667599877,129,0.5038759689922481,0.2866728234755039,423,0.5791962174940898,0.38860477244767555,56,0.5714285714285714,120,30
SPPSX,1,True,0.19245794664048005,833,0.5546218487394958,0.2684913299536947,133,0.5263157894736842,0.28939703277508283,423,0.5791962174940898,0.39473524705681395,56,0.5714285714285714,120,30
SVPIX,3,True,0.13963864775204235,2488,0.5413987138263665,0.07779659984695163,291,0.5360824742268041,0.22698371717522084,515,0.537864077669903,0.4241706698692492,83,0.6024096385542169,200,40
SVPSX,3,True,0.13785094352643468,2107,0.5415282392026578,0.10672734061564608,278,0.5503597122302158,0.2321159756926032,531,0.544256120527307,0.47604831737965514,75,0.6,200,40
TEPIX,3,True,0.09827655986965501,5299,0.5414229099830157,0.20984409838879348,396,0.5959595959595959,0.443516731113518,1121,0.6092774308652988,0.6421782569486711,177,0.6384180790960452,200,40
TEPSX,3,True,0.10622351113066404,5217,0.5418823078397547,0.2330279729651293,396,0.5959595959595959,0.4277609030640376,1121,0.6048171275646744,0.6381700892192773,177,0.6384180790960452,200,40
UAPIX,3,True,0.1401090017227137,5197,0.5387723686742352,0.1945826831239948,395,0.5443037974683544,0.32680616465354856,2090,0.5550239234449761,0.8560124116876302,108,0.6388888888888888,200,40
UAPSX,3,True,0.14254033877896588,5174,0.5382682643989176,0.15893664736210567,395,0.5316455696202531,0.3453936292903662,1955,0.5641943734015346,0.6767945072550704,155,0.6516129032258065,200,40
UBPIX,3,True,0.13472518848802584,4389,0.5146958304853042,0.32687767032695947,396,0.5580808080808081,0.46446749738442583,1068,0.5720973782771536,0.46957535022397445,160,0.58125,200,40
UBPSX,3,True,0.11787571674534733,4375,0.5138285714285714,0.2910155298056628,396,0.5580808080808081,0.4597776411916945,1068,0.5702247191011236,0.4635725855925538,160,0.575,200,40
UCPIX,1,True,0.3188250673844444,132,0.553030303030303,0.3119471173971214,33,0.6666666666666666,0.3188250673844444,132,0.553030303030303,0.3119471173971214,33,0.6666666666666666,120,30
UCPSX,1,True,0.28566297534554486,240,0.5583333333333333,0.6160092704686673,81,0.6419753086419753,0.40692938822828933,125,0.568,0.6399253997234257,59,0.6101694915254238,120,30
UDPIX,3,True,0.09084971330128105,5187,0.5386543281280124,0.13689508153666707,396,0.5505050505050505,0.39474821455115455,1194,0.5795644891122278,0.43721974541678876,151,0.6225165562913907,200,40
UDPSX,3,True,0.08626180031110063,5110,0.5360078277886497,0.12855955047346063,396,0.547979797979798,0.2690793100952441,1171,0.5713065755764304,0.4675858662947823,157,0.643312101910828,200,40
UEPIX,1,True,0.20510875191364203,884,0.5757918552036199,0.24479210099387008,197,0.583756345177665,0.42067837659488816,128,0.59375,0.410993113988879,76,0.631578947368421,120,30
UEPSX,1,True,0.17650542990655235,950,0.5757894736842105,0.22672310142695715,199,0.6030150753768844,0.41068305989173765,141,0.5957446808510638,0.40491331892520915,76,0.631578947368421,120,30
UFPIX,1,True,0.18682334948140805,1048,0.5591603053435115,0.18729753138016278,144,0.5625,0.24212589430949344,435,0.5609195402298851,0.26210362829664585,48,0.5625,120,30
UFPSX,1,True,0.2035719079143445,974,0.5595482546201233,0.2754534984093567,134,0.5746268656716418,0.23775407696753612,435,0.5655172413793104,0.25983883881608066,48,0.5833333333333334,120,30
UGPIX,3,True,0.1352084664914497,4305,0.526829268292683,0.26526114744613827,390,0.5128205128205128,0.43570429875420413,1346,0.5542347696879644,0.7745917023230866,129,0.5658914728682171,200,40
UGPSX,3,True,0.13475408728668709,4277,0.5281739537058686,0.3136007336813161,385,0.5246753246753246,0.4305142510746046,1433,0.5715282623866015,0.7960178716370345,122,0.5655737704918032,200,40
UHPIX,3,True,0.10817438317892697,2628,0.5235920852359208,0.11660977856668384,375,0.5386666666666666,0.4119279683720628,861,0.5656213704994193,0.3734522373930633,195,0.5743589743589743,200,40
UHPSX,3,True,0.12094578254292254,2508,0.5143540669856459,0.07728195709114777,375,0.5093333333333333,0.3661193460403721,955,0.5602094240837696,0.26514124249337817,173,0.5606936416184971,200,40
UIPIX,1,True,0.25865868158810074,126,0.5555555555555556,0.261868221665643,35,0.6857142857142857,0.25865868158810074,126,0.5555555555555556,0.261868221665643,35,0.6857142857142857,120,30
UIPSX,1,True,0.2821883538192701,244,0.5532786885245902,0.35186322048970886,66,0.6363636363636364,0.23490920787922834,153,0.5555555555555556,0.5261029859106525,38,0.6052631578947368,120,30
UJPIX,3,True,0.15840814391733687,5540,0.5333935018050542,0.3858119490716536,396,0.5555555555555556,0.3425666566154296,2454,0.5660146699266504,0.7399349563245333,202,0.6188118811881188,200,40
UJPSX,3,True,0.13421624508210994,5479,0.5276510312100748,0.3656490571993701,396,0.5555555555555556,0.33958287223168065,2407,0.5691732447029497,0.7375293422567707,213,0.6384976525821596,200,40
UKPIX,3,True,0.23563206900047554,699,0.5565092989985694,0.21963041257203963,166,0.5783132530120482,0.37485349544338165,329,0.5714285714285714,0.40906227346774593,93,0.6451612903225806,120,30
UKPSX,1,True,0.22841575999351438,742,0.5714285714285714,0.28772451629132373,185,0.6,0.3899149966596362,181,0.585635359116022,0.7678283507889103,40,0.6,120,30
ULPIX,3,True,0.11421283132784066,5424,0.5396386430678466,0.18628945645413886,395,0.5594936708860759,0.30012285719988163,1424,0.5709269662921348,0.3521845042895577,176,0.5909090909090909,200,40
ULPSX,3,True,0.10075071120951222,5141,0.5403617973156973,0.17181134547118646,395,0.5594936708860759,0.3666383250042983,1518,0.5823451910408433,0.4149992940598045,159,0.5911949685534591,200,40
UMPIX,3,True,0.13284550210445573,5005,0.5424575424575424,0.0713608691336512,393,0.5089058524173028,0.3992354189538264,1247,0.5813953488372093,0.5683524768805426,107,0.6261682242990654,200,40
UMPSX,3,True,0.13282643217510465,4935,0.5428571428571428,0.08647599290402212,392,0.5204081632653061,0.39512205988698973,1247,0.5805934242181235,0.5626542356070467,107,0.6261682242990654,200,40
UNPIX,3,True,0.12263983035625797,4411,0.534119247336205,0.2596242829069479,393,0.5648854961832062,0.2688281031450328,2071,0.5639787542250121,0.4517143820318748,144,0.6041666666666666,200,40
UNPSX,3,True,0.07985063935197627,4347,0.531861053600184,0.21226992467622466,392,0.5739795918367347,0.3657072392637404,1200,0.5675,0.6034928136876251,157,0.6178343949044586,200,40
UOPIX,3,True,0.13440579621463872,5904,0.5436991869918699,0.25114908748814013,396,0.5782828282828283,0.4285196142362991,1671,0.5792938360263316,0.49987239938128813,206,0.5970873786407767,200,40
UOPSX,3,True,0.12039845407912819,5858,0.5384090133151246,0.2354447387812546,396,0.5757575757575758,0.463473410548548,1603,0.5807860262008734,0.5985941750638769,205,0.6048780487804878,200,40
USPIX,1,True,0.33113671646369675,315,0.5555555555555556,0.6343427643851861,121,0.6115702479338843,0.49747529425272285,136,0.5661764705882353,0.6852998567451373,61,0.5901639344262295,120,30
USPSX,1,True,0.35648255614878716,242,0.5537190082644629,0.8793119539559011,83,0.6506024096385542,0.48663813708408077,121,0.5537190082644629,0.9778102094410872,46,0.6739130434782609,120,30
UTPIX,1,True,0.10637134900459704,4089,0.5441428222059184,0.1435158329707296,376,0.5664893617021277,0.3792684267341154,508,0.5826771653543307,0.5563531971108809,38,0.5789473684210527,120,30
UTPSX,3,True,0.10678713423517365,3925,0.5421656050955413,0.1565727805619926,368,0.5760869565217391,0.35395172784994844,763,0.5845347313237221,0.3639392786047291,85,0.5882352941176471,160,35
UUPIX,3,True,0.11232847107086494,4581,0.5210652695917922,0.19222602221010396,393,0.5318066157760815,0.29115884304463113,1955,0.5421994884910486,0.833118433142023,141,0.6099290780141844,200,40
UUPSX,3,True,0.12681686392566707,4551,0.5218633267413755,0.19509695313703032,393,0.5241730279898219,0.2871747517272624,1955,0.5411764705882353,0.8285147485676003,141,0.6099290780141844,200,40
UVPIX,3,True,0.2088141077267305,1376,0.5363372093023255,0.27465402725890453,202,0.5247524752475248,0.3899147103200598,565,0.5663716814159292,0.611838551517602,87,0.5977011494252874,120,30
UVPSX,1,True,0.1872749428686289,1557,0.5452793834296724,0.23048881278655234,217,0.5253456221198156,0.3499391459180637,266,0.5714285714285714,0.7055760172944784,34,0.5588235294117647,120,30
UWPSX,1,True,0.3913202202965446,128,0.5625,0.4397272093760715,41,0.5609756097560976,0.3913202202965446,128,0.5625,0.4397272093760715,41,0.5609756097560976,120,30
UXPSX,1,True,0.22628622351054845,201,0.572139303482587,0.2134638844159993,35,0.6,0.22628622351054845,201,0.572139303482587,0.2134638844159993,35,0.6,120,30
WCPIX,1,True,0.1422617052942185,4457,0.549697105676464,0.0644051717738611,393,0.5368956743002544,0.3159994063371265,529,0.6049149338374291,0.4121847007776333,41,0.5853658536585366,120,30
WCPSX,1,True,0.13186847864242407,4385,0.5473204104903079,0.08691212481574326,395,0.5468354430379747,0.3121054602332016,529,0.6011342155009451,0.40594396039482683,41,0.5609756097560976,120,30
