ticker,fund_group,source,condition,horizon,full_avg,full_trades,full_hit,frozen_avg,frozen_trades,frozen_hit,abs_full_avg,pass,tokens
AFBIX,long,sparse,ext_vix_chg_le-5,1,0.3929676784292235,863,0.7879490150637312,0.2773275829303024,78,0.8333333333333334,0.3929676784292235,,set()
AFBSX,inverse,sparse,ext_vix_chg_le-5,1,0.3887531937627287,863,0.7775202780996524,0.2706352631731451,78,0.8205128205128205,0.3887531937627287,,set()
BIPIX,,condition_expansion,combo_GDX_up__self_big_down,1,0.7378345435049001,173,0.6473988439306358,1.2543989310289507,35,0.7142857142857143,0.7378345435049001,,
BIPSX,,condition_expansion,combo_GDX_up__self_big_down,1,0.7463399329828332,172,0.6511627906976745,1.2466020093319097,35,0.7142857142857143,0.7463399329828332,,
BITIX,long,triple_scan,EEM_up_up_up_GLD_JNK,1,1.0701213975178894,120,0.6416666666666667,0.8835371092142577,105,0.6666666666666666,1.0701213975178894,True,
BKPIX,,condition_expansion,combo_XLV_down__ext_sect_rotation_ge0_5,2,0.7571448863978736,129,0.5503875968992248,0.3434221768679572,39,0.6666666666666666,0.7571448863978736,,
BKPSX,inverse,triple_scan,GDX_up_down_down_SPY_XLF,2,0.6391482146214832,173,0.6011560693641619,0.4528024646258565,60,0.6333333333333333,0.6391482146214832,True,
BLPIX,long,gap_extra,ext_vix_chg_ge5,1,1.0837703814050874,990,0.9353535353535354,1.077939605155951,89,0.9775280898876404,1.0837703814050874,,set()
BLPSX,inverse,gap_extra,ext_vix_chg_ge5,1,1.07971385391844,990,0.9323232323232324,1.0747692053359583,89,0.9775280898876404,1.07971385391844,,set()
BMPIX,long,triple_scan,EEM_down_up_down_GDX_XLU,1,0.6481634090421035,135,0.5555555555555556,0.7749618862786309,35,0.5714285714285714,0.6481634090421035,True,
BMPSX,,condition_expansion,combo_XLV_down__ext_usd_gold_ratio_le-1,1,0.6828396307517393,174,0.5804597701149425,0.735338985677243,48,0.5625,0.6828396307517393,,
BTCFX,,condition_expansion,combo_IWM_big_down__ext_vix_close_up,1,0.7516297420039313,144,0.5972222222222222,0.857476095875337,67,0.6119402985074627,0.7516297420039313,,
CNPIX,,condition_expansion,combo_XLV_down__ext_usd_gold_ratio_le-1,1,0.5433056963237041,177,0.6384180790960452,0.3062079165024504,48,0.6666666666666666,0.5433056963237041,,
CNPSX,,condition_expansion,combo_XLV_down__ext_usd_gold_ratio_le-1,1,0.5094759448266358,163,0.6380368098159509,0.3034318653718948,48,0.6666666666666666,0.5094759448266358,,
CYPIX,,condition_expansion,combo_SPY_down__ext_usd_gold_ratio_le-1,1,0.5813477323791004,182,0.6098901098901099,0.7432461326591457,42,0.6190476190476191,0.5813477323791004,,
CYPSX,,condition_expansion,combo_EEM_down__ext_usd_gold_ratio_le-1,1,0.8142654682439411,125,0.64,0.950352193435835,30,0.7,0.8142654682439411,,
ENPIX,long,triple_scan,GDX_up_down_down_LQD_XLE,1,0.6836187690944082,134,0.5746268656716418,0.822895560794911,38,0.631578947368421,0.6836187690944082,True,
ENPSX,inverse,triple_scan,GDX_up_down_down_LQD_XLE,1,0.6835891062664996,134,0.5746268656716418,0.8229494988966738,38,0.631578947368421,0.6835891062664996,True,
FNPIX,long,triple_scan,GDX_up_down_down_XLK_XLU,1,0.6017703137039694,195,0.6256410256410256,0.6548339607222351,36,0.6944444444444444,0.6017703137039694,True,
FNPSX,inverse,triple_scan,GDX_up_down_down_SPY_XLF,1,0.5863096372384896,282,0.6063829787234043,0.6693797036490506,60,0.6666666666666666,0.5863096372384896,True,
FYAIX,long,sparse,ext_vix_chg_ge5,1,0.3139592015267064,990,0.793939393939394,0.2777120944771583,89,0.8539325842696629,0.3139592015267064,,set()
FYASX,inverse,sparse,ext_vix_chg_ge5,1,0.3150679570828185,990,0.7919191919191919,0.2758473334963046,89,0.8539325842696629,0.3150679570828185,,set()
GVPSX,,condition_expansion,combo_TLT_down__self_3down,1,0.2066190604415276,399,0.5789473684210527,0.2521150159507885,35,0.6285714285714286,0.2066190604415276,,
HCPIX,,condition_expansion,combo_SLV_big_up__ext_sect_rotation_le-0_5,2,0.3912219263187004,142,0.6408450704225352,0.2861177662219066,36,0.6944444444444444,0.3912219263187004,,
HCPSX,,condition_expansion,combo_SLV_big_up__ext_sect_rotation_le-0_5,2,0.3871023030216001,142,0.6338028169014085,0.2820004637401394,36,0.6944444444444444,0.3871023030216001,,
IDPIX,long,triple_scan,JNK_up_down_up_QQQ_XLE,1,0.5326826164604108,140,0.6214285714285714,0.2006060896280842,31,0.6129032258064516,0.5326826164604108,True,
IDPSX,,condition_expansion,combo_XLV_down__ext_usd_gold_ratio_le-1,1,0.5126428581834165,209,0.6220095693779905,0.5005466943824063,48,0.6041666666666666,0.5126428581834165,,
INPIX,,condition_expansion,combo_XLK_down__ext_usd_gold_ratio_le-1,1,0.7230066064032009,149,0.6510067114093959,0.8891787096298075,39,0.5897435897435898,0.7230066064032009,,
INPSX,,condition_expansion,combo_XLK_down__ext_usd_gold_ratio_le-1,1,0.7235664777893204,145,0.6413793103448275,0.8796504123689548,39,0.5897435897435898,0.7235664777893204,,
LGPIX,,condition_expansion,combo_XLV_down__ext_usd_gold_ratio_le-1,1,0.4330415042127286,191,0.6596858638743456,0.447396058277015,48,0.625,0.4330415042127286,,
LGPSX,,condition_expansion,combo_XLV_down__ext_usd_gold_ratio_le-1,1,0.4287139965894248,191,0.6596858638743456,0.4415697976069033,48,0.625,0.4287139965894248,,
LVPIX,long,gap_extra,ext_vix_chg_ge5,1,1.006224334678444,990,0.897979797979798,0.7860604287503701,89,0.9213483146067416,1.006224334678444,,set()
LVPSX,inverse,gap_extra,ext_vix_chg_ge5,1,1.0044854373165195,990,0.8949494949494949,0.7817030207930407,89,0.9213483146067416,1.0044854373165195,,set()
MDPIX,long,triple_scan,GDX_up_down_down_XLK_XLU,1,0.3613067397782395,140,0.6142857142857143,0.6377389404987441,36,0.6666666666666666,0.3613067397782395,True,
MDPSX,inverse,triple_scan,GDX_up_down_down_XLK_XLU,1,0.3571313157997616,140,0.6142857142857143,0.6343415993567906,36,0.6666666666666666,0.3571313157997616,True,
MGPIX,long,triple_scan,GDX_up_down_down_XLF_XLU,1,0.303612587136316,260,0.5961538461538461,0.5814995171931567,49,0.6530612244897959,0.303612587136316,True,
MGPSX,inverse,triple_scan,GDX_up_down_down_XLF_XLU,1,0.2941084319400799,258,0.5930232558139535,0.5758610345805997,49,0.6530612244897959,0.2941084319400799,True,
MLPIX,,condition_expansion,combo_XLK_down__ext_usd_gold_ratio_le-1,1,0.4207312833296626,125,0.584,0.508506888764228,39,0.5897435897435898,0.4207312833296626,,
MLPSX,inverse,triple_scan,GDX_up_down_down_SPY_XLF,1,0.4170282475380811,219,0.6027397260273972,0.5552566473939436,60,0.65,0.4170282475380811,True,
OEPIX,long,sparse,ext_vix_chg_ge5,1,2.164058383389845,990,0.7555555555555555,2.102774833197992,89,0.7640449438202247,2.164058383389845,,set()
OEPSX,inverse,sparse,ext_vix_chg_ge5,1,2.154299956414191,990,0.7555555555555555,2.099717734527897,89,0.7752808988764045,2.154299956414191,,set()
OTPIX,,condition_expansion,combo_HYG_down__ext_usd_gold_ratio_le-1,1,0.4760231540865312,147,0.6054421768707483,0.3099187156157562,44,0.5681818181818182,0.4760231540865312,,
OTPSX,,condition_expansion,combo_HYG_down__ext_usd_gold_ratio_le-1,1,0.3918693273022831,159,0.5974842767295597,0.3049950933237597,44,0.5681818181818182,0.3918693273022831,,
PHPIX,,condition_expansion,combo_IWM_down__ext_usd_gold_ratio_le-1,1,0.5369988156712479,156,0.6602564102564102,0.3210333893408904,46,0.6086956521739131,0.5369988156712479,,
PHPSX,,condition_expansion,combo_IWM_down__ext_usd_gold_ratio_le-1,1,0.534430592581767,150,0.6533333333333333,0.3170777589987928,46,0.6086956521739131,0.534430592581767,,
PMPIX,,condition_expansion,combo_IWM_big_down__ext_sect_rotation_le-0_5,2,0.7842955324590886,144,0.5625,1.8599706007666736,32,0.6875,0.7842955324590886,,
PMPSX,,condition_expansion,combo_ext_tnx_chgbp_down__self_big_down,1,0.916582744096313,181,0.56353591160221,0.4182883658242796,33,0.7272727272727273,0.916582744096313,,
REPIX,,condition_expansion,combo_XLF_big_down__ext_tnx_yield_ge1,1,0.4895611858251699,696,0.5689655172413793,0.3937713678471036,44,0.7272727272727273,0.4895611858251699,,
REPSX,,condition_expansion,combo_XLF_big_down__ext_tnx_yield_ge1,1,0.4903357828837029,696,0.5704022988505747,0.3893881123497646,44,0.7272727272727273,0.4903357828837029,,
RRPIX,,condition_expansion,combo_XLV_big_down__ext_sect_rotation_up,1,0.2924330411360788,209,0.5645933014354066,0.2357731029423433,33,0.5757575757575758,0.2924330411360788,,
RRPSX,,condition_expansion,combo_XLV_big_down__ext_sect_rotation_up,1,0.2914918027261898,196,0.5510204081632653,0.2321545364520851,33,0.5757575757575758,0.2914918027261898,,
SGPIX,,condition_expansion,combo_XLK_down__ext_usd_gold_ratio_le-1,1,0.4110533606471299,170,0.5941176470588235,0.574305141018179,39,0.6153846153846154,0.4110533606471299,,
SGPSX,,condition_expansion,combo_SPY_down__ext_usd_gold_ratio_le-1,1,0.4443005996484413,133,0.6165413533834586,0.4773864713000321,42,0.5952380952380952,0.4443005996484413,,
SLPIX,long,triple_scan,GDX_up_down_down_JNK_XLF,1,0.4340731719180649,174,0.5862068965517241,0.5174665581869781,58,0.5689655172413793,0.4340731719180649,True,
SLPSX,,condition_expansion,combo_SPY_down__ext_usd_gold_ratio_le-1,1,0.4925670108699525,144,0.625,0.4574656378272482,42,0.5714285714285714,0.4925670108699525,,
SMPIX,,condition_expansion,combo_IWM_down__ext_usd_gold_ratio_le-1,1,1.3437688857154075,153,0.6405228758169934,0.9893703588837894,46,0.6086956521739131,1.3437688857154075,,
SMPSX,,condition_expansion,combo_SPY_down__ext_usd_gold_ratio_le-1,1,1.363618840256718,123,0.6666666666666666,1.1894478034441167,42,0.6428571428571429,1.363618840256718,,
SNPIX,,condition_expansion,combo_XLF_big_up__ext_tnx_chgbp_down,1,0.2438432284074638,218,0.555045871559633,0.5232691111955513,39,0.6410256410256411,0.2438432284074638,,
SNPSX,pair_scan,pair_scan,XLK_up_XLC_up,1,0.2850814861900453,157,0.554140127388535,0.3446864129992599,55,0.5818181818181818,0.2850814861900453,,"{'XLK', 'XLC'}"
SPPIX,long,triple_scan,EEM_up_up_down_GLD_IWM,1,0.3315668152982321,290,0.5758620689655173,0.9217735695831965,34,0.5882352941176471,0.3315668152982321,True,
SPPSX,inverse,triple_scan,EEM_up_up_down_GLD_IWM,1,0.32853163889864,290,0.5655172413793104,0.9332267900854604,34,0.5588235294117647,0.32853163889864,True,
SRPIX,long,sparse,ext_vix_chg_le-5,1,1.1799002117073651,863,0.7508690614136733,0.5525462109700733,78,0.6538461538461539,1.1799002117073651,,set()
SRPSX,inverse,gap_extra,ext_vix_chg_le-5,1,1.167755210663142,863,0.746234067207416,0.5222465172164538,78,0.6538461538461539,1.167755210663142,,set()
SVPIX,,condition_expansion,combo_XLK_down__ext_usd_gold_ratio_le-1,1,0.4218092371479148,152,0.5657894736842105,0.5772300138882558,39,0.6410256410256411,0.4218092371479148,,
SVPSX,,condition_expansion,combo_XLK_down__ext_usd_gold_ratio_le-1,1,0.4180549824449813,152,0.5592105263157895,0.573298191790139,39,0.6153846153846154,0.4180549824449813,,
TEPIX,,condition_expansion,combo_XLK_down__ext_usd_gold_ratio_le-1,1,0.9159013690573952,151,0.6754966887417219,0.8700871873171752,39,0.6153846153846154,0.9159013690573952,,
TEPSX,,condition_expansion,combo_XLK_down__ext_usd_gold_ratio_le-1,1,0.8520188363003972,157,0.6687898089171974,0.8632064449556693,39,0.6153846153846154,0.8520188363003972,,
UAPIX,,condition_expansion,combo_SPY_down__ext_usd_gold_ratio_le-1,1,1.0028427965627276,141,0.624113475177305,0.8908076153688705,42,0.5714285714285714,1.0028427965627276,,
UAPSX,,condition_expansion,combo_XLK_down__ext_usd_gold_ratio_le-1,1,0.7820974356050887,180,0.6111111111111112,1.1522220285577736,39,0.6410256410256411,0.7820974356050887,,
UBPIX,ultra_long,triple_scan,GDX_up_down_down_QQQ_XLV,1,1.107986844563412,161,0.6149068322981367,1.775995822277723,39,0.7692307692307693,1.107986844563412,True,
UBPSX,inverse,triple_scan,GDX_up_down_down_QQQ_XLV,1,1.0185743465084731,178,0.6123595505617978,1.7708725703188004,39,0.7692307692307693,1.0185743465084731,True,
UDPIX,,condition_expansion,combo_XLV_down__ext_usd_gold_ratio_le-1,1,0.7632836712465578,195,0.6666666666666666,0.8369795848199768,48,0.6875,0.7632836712465578,,
UDPSX,,condition_expansion,combo_XLV_down__ext_usd_gold_ratio_le-1,1,0.7607156810698377,195,0.6666666666666666,0.8324836220718327,48,0.6875,0.7607156810698377,,
UEPIX,pair_scan,pair_scan,GDX_up_SPY_down,1,0.4206783765948881,128,0.59375,0.410993113988879,76,0.631578947368421,0.4206783765948881,,
UEPSX,pair_scan,pair_scan,GDX_up_SPY_down,1,0.4106830598917376,141,0.5957446808510638,0.4049133189252091,76,0.631578947368421,0.4106830598917376,,
UFPIX,ultra_long,triple_scan,JNK_down_down_up_LQD_XLV,2,0.2860321091131218,303,0.5808580858085809,0.4795577502657645,38,0.5526315789473685,0.2860321091131218,True,
UFPSX,inverse,triple_scan,JNK_down_down_up_LQD_XLV,2,0.2811816217558483,303,0.5775577557755776,0.4774573712183044,38,0.5526315789473685,0.2811816217558483,True,
UGPIX,ultra_long,triple_scan,QQQ_down_down_down_UUP_XLE,1,1.1686116036453986,195,0.5897435897435898,1.372463591378508,30,0.5666666666666667,1.1686116036453986,True,
UGPSX,inverse,triple_scan,QQQ_down_down_down_UUP_XLE,1,1.157335479620609,195,0.5897435897435898,1.3644902335481783,30,0.5666666666666667,1.157335479620609,True,
UHPIX,ultra_long,triple_scan,TIP_down_up_down_UUP_XLE,1,0.8612781866487544,128,0.609375,1.6751103194192205,41,0.6585365853658537,0.8612781866487544,True,
UHPSX,inverse,triple_scan,TIP_down_up_down_UUP_XLE,1,0.8301187700187769,128,0.6015625,1.5847312339928583,41,0.6341463414634146,0.8301187700187769,True,
UJPIX,pair_scan,pair_scan,HYG_down_XLK_down,1,1.3112354301594886,127,0.6299212598425197,0.9386572980659892,100,0.65,1.3112354301594886,,
UJPSX,inverse,triple_scan,QQQ_down_down_down_SPY_XLV,1,0.945254925778812,127,0.6299212598425197,1.1312308595201008,85,0.6470588235294118,0.945254925778812,True,
UKPIX,ultra_long,triple_scan,QQQ_up_up_down_SPY_TIP,2,0.2711573753509887,209,0.569377990430622,0.7745293137099802,40,0.6,0.2711573753509887,True,
UKPSX,inverse,triple_scan,QQQ_up_up_down_SPY_TIP,2,0.3899149966596362,181,0.585635359116022,0.7678283507889103,40,0.6,0.3899149966596362,True,
ULPIX,,condition_expansion,combo_XLV_down__ext_usd_gold_ratio_le-1,1,0.7947168985049337,191,0.6335078534031413,0.8326644018135004,48,0.6041666666666666,0.7947168985049337,,
ULPSX,,condition_expansion,combo_XLV_down__ext_usd_gold_ratio_le-1,1,0.8606417692629985,168,0.625,0.8276019648300196,48,0.6041666666666666,0.8606417692629985,,
UMPIX,ultra_long,triple_scan,GDX_up_down_down_XLK_XLU,1,0.7601035932933276,153,0.6013071895424836,1.273292383679829,36,0.6666666666666666,0.7601035932933276,True,
UMPSX,inverse,triple_scan,GDX_up_down_down_XLK_XLU,1,0.8371194456698327,149,0.6040268456375839,1.2678553447163412,36,0.6666666666666666,0.8371194456698327,True,
UNPIX,,condition_expansion,combo_XLK_down__ext_usd_gold_ratio_le-1,1,0.6595963522628482,124,0.5967741935483871,0.823919748675604,39,0.6410256410256411,0.6595963522628482,,
UNPSX,pair_scan,pair_scan,HYG_down_XLE_down,2,0.6306695275747989,154,0.6233766233766234,0.4674082068212107,76,0.6578947368421053,0.6306695275747989,,
UOPIX,,condition_expansion,combo_HYG_down__ext_usd_gold_ratio_le-1,1,0.9616462023055252,143,0.6013986013986014,0.6123879989076908,44,0.5681818181818182,0.9616462023055252,,
UOPSX,,condition_expansion,combo_HYG_down__ext_usd_gold_ratio_le-1,1,0.9571930095133716,143,0.6013986013986014,0.609546408188511,44,0.5681818181818182,0.9571930095133716,,
USPIX,ultra_long,triple_scan,EEM_up_up_up_SLV_XLV,1,0.4974752942527228,136,0.5661764705882353,0.6852998567451373,61,0.5901639344262295,0.4974752942527228,True,
USPSX,inverse,triple_scan,EEM_up_up_up_GLD_HYG,1,0.4866381370840807,121,0.5537190082644629,0.9778102094410872,46,0.6739130434782609,0.4866381370840807,True,
UTPIX,ultra_long,triple_scan,FXY_up_up_down_GDX_XLK,1,0.3792684267341154,508,0.5826771653543307,0.5563531971108809,38,0.5789473684210527,0.3792684267341154,True,
UTPSX,inverse,triple_scan,FXY_up_up_down_GDX_XLK,1,0.3796063187201983,508,0.5826771653543307,0.5529098511164146,38,0.5789473684210527,0.3796063187201983,True,
UUPIX,ultra_long,triple_scan,GDX_up_down_down_SPY_XLF,1,0.9429283813960913,136,0.6397058823529411,1.0896897045026066,60,0.6166666666666667,0.9429283813960913,True,
UUPSX,pair_scan,pair_scan,GDX_up_QQQ_down,1,0.9241336454910076,165,0.5757575757575758,0.9240630856074444,80,0.5875,0.9241336454910076,,
UVPIX,ultra_long,triple_scan,FXY_down_up_down_IWM_JNK,1,0.4645608354885543,268,0.5559701492537313,0.9053203449588672,30,0.6333333333333333,0.4645608354885543,True,
UVPSX,inverse,triple_scan,LQD_down_down_up_XLF_XLK,2,0.4154079426121731,148,0.5675675675675675,0.3451033107597021,44,0.5681818181818182,0.4154079426121731,True,
UWPSX,pair_scan,pair_scan,XLV_up_XLC_down,1,0.3913202202965446,128,0.5625,0.4397272093760715,41,0.5609756097560976,0.3913202202965446,,"{'XLV', 'XLC'}"
UXPSX,inverse,triple_scan,SLV_up_down_down_TIP_TLT,2,0.2260833878153247,200,0.57,0.2118936056471965,34,0.5882352941176471,0.2260833878153247,True,
WCPIX,long,triple_scan,GLD_up_up_up_SPY_XLE,2,0.5338175273662602,153,0.5620915032679739,0.2131010901268017,51,0.5686274509803921,0.5338175273662602,True,
WCPSX,inverse,triple_scan,GDX_up_down_down_XLK_XLV,1,0.474890809525854,220,0.6045454545454545,1.0319270291024862,36,0.6666666666666666,0.474890809525854,True,
