full_avg,full_trades,full_hit,frozen_avg,frozen_trades,frozen_hit,ticker,fund_group,source,condition,horizon,dual_pass
0.7546630349332986,110,0.6090909090909091,0.7461305579101533,10,0.7,UUPIX,ultra_long,main,SPY_bin_lt-2,1,True
0.7501335718906492,110,0.6090909090909091,0.7430898497626628,10,0.7,UUPSX,inverse,main,SPY_bin_lt-2,1,True
0.7262388524996114,144,0.625,1.7185271081061042,17,0.7647058823529411,UOPIX,ultra_long,main,FXY_big_up,1,True
0.7233529230176249,144,0.625,1.717479306059568,17,0.7647058823529411,UOPSX,inverse,main,FXY_big_up,1,True
0.6922652032883337,107,0.616822429906542,2.4696054851567055,13,0.7692307692307693,UOPIX,ultra_long,main,FXY_bin_1_2,1,True
0.6888810233983342,107,0.616822429906542,2.467519788820059,13,0.7692307692307693,UOPSX,inverse,main,FXY_bin_1_2,1,True
0.7428260344522277,89,0.6853932584269663,0.21056128776313637,27,0.6666666666666666,UOPSX,inverse,main,GDX_bin_0.5_1,1,True
0.5773785029536842,74,0.6756756756756757,0.21234421250157695,27,0.6666666666666666,UOPIX,ultra_long,main,GDX_bin_0.5_1,1,True
0.5887041303877133,273,0.5824175824175825,1.0416789427025315,15,0.6,UUPIX,ultra_long,main,XLF_bin_lt-2,1,True
0.5727817885192914,258,0.5736434108527132,1.0381738991093732,15,0.6,UUPSX,inverse,main,XLF_bin_lt-2,1,True
0.5101641986128703,96,0.5625,1.3357877995767808,28,0.6428571428571429,PMPIX,long,main,GLD_bin_lt-2,1,True
0.49119808130729875,146,0.5958904109589042,1.1539635256497522,17,0.5882352941176471,ULPIX,ultra_long,main,FXY_big_up,1,True
0.4869881814595897,146,0.5958904109589042,1.1481940666279895,17,0.5882352941176471,ULPSX,inverse,main,FXY_big_up,1,True
0.4430253937595784,116,0.603448275862069,0.9177201028267976,17,0.5882352941176471,INPIX,long,main,FXY_big_up,1,True
0.3546713041527447,140,0.6214285714285714,0.8543038521330365,17,0.7647058823529411,OTPSX,inverse,main,FXY_big_up,1,True
0.4863631469002063,144,0.5972222222222222,1.4319135998005386,17,0.7647058823529411,TEPIX,long,main,FXY_big_up,1,True
0.41689701092636205,763,0.562254259501966,0.43159044596169127,44,0.5681818181818182,UUPIX,ultra_long,main,XLF_big_down,1,True
0.3702936083939105,761,0.5611038107752957,0.42682757196519067,44,0.5681818181818182,UUPSX,inverse,main,XLF_big_down,1,True
0.3482326856431846,373,0.613941018766756,0.5870516460860729,61,0.6229508196721312,UOPIX,ultra_long,main,GLD_bin_0.5_1,1,True
0.3601215342809343,144,0.625,0.8535784094394995,17,0.7647058823529411,OTPIX,long,main,FXY_big_up,1,True
0.3396906008792937,543,0.5911602209944752,0.7051757048265258,29,0.6551724137931034,UOPIX,ultra_long,main,TLT_big_up,1,True
0.33698252925685573,543,0.5911602209944752,0.701411900893086,29,0.6551724137931034,UOPSX,inverse,main,TLT_big_up,1,True
0.30400307031656887,278,0.579136690647482,0.6876697404547767,21,0.6190476190476191,LGPIX,long,main,IWM_bin_lt-2,1,True
0.2992544771251379,278,0.579136690647482,0.6797539817365928,21,0.6190476190476191,LGPSX,inverse,main,IWM_bin_lt-2,1,True
0.24446391683503585,271,0.5830258302583026,0.4275894898214412,41,0.6097560975609756,LGPSX,inverse,main,XLK_bin_lt-2,1,True
0.4056012201521475,93,0.6129032258064516,0.8358595048432914,29,0.7241379310344828,ENPSX,inverse,main,GLD_bin_lt-2,1,True
0.4114052668915487,93,0.6129032258064516,0.8425948186927669,29,0.7241379310344828,ENPIX,long,main,GLD_bin_lt-2,1,True
0.24875883907046253,271,0.5830258302583026,0.4321539253388065,41,0.6097560975609756,LGPIX,long,main,XLK_bin_lt-2,1,True
0.2725491268898158,543,0.5543278084714549,0.4656294579371166,29,0.5517241379310345,ULPIX,ultra_long,main,TLT_big_up,1,True
0.26851915609353516,543,0.5543278084714549,0.46231265162092106,29,0.5517241379310345,ULPSX,inverse,main,TLT_big_up,1,True
0.21255303751493654,428,0.5794392523364486,0.2235991420846407,29,0.5517241379310345,REPIX,long,main,TLT_bin_1_2,1,True
0.25393475195445964,811,0.5647348951911221,0.3499945955382739,44,0.6363636363636364,UDPSX,inverse,main,XLF_big_down,1,True
0.21412380106148918,569,0.5606326889279437,0.7268425529838819,36,0.5833333333333334,UUPIX,ultra_long,main,SLV_bin_-0.5_0,1,True
0.21195400315675467,573,0.5619546247818499,0.7235504013431108,36,0.5833333333333334,UUPSX,inverse,main,SLV_bin_-0.5_0,1,True
0.20879789158428616,532,0.5864661654135338,0.8042880699455444,29,0.7241379310344828,TEPSX,inverse,main,TLT_big_up,1,True
0.39296767842922353,863,0.7879490150637312,0.27732758293030246,78,0.8333333333333334,AFBIX,long,sparse,ext_vix_chg_le-5,1,True
0.3887531937627287,863,0.7775202780996524,0.2706352631731451,78,0.8205128205128205,AFBSX,inverse,sparse,ext_vix_chg_le-5,1,True
0.3343790922889203,135,0.5777777777777777,0.27505271517009533,17,0.5882352941176471,CNPIX,long,sparse,FXY_big_up,1,True
0.31267897141271844,141,0.574468085106383,0.26850930509194115,17,0.5882352941176471,CNPSX,inverse,sparse,FXY_big_up,1,True
0.39155406130666975,183,0.6174863387978142,0.6544093975461401,33,0.7272727272727273,ENPIX,long,sparse,SPY_bin_-1_-0.5,1,True
0.3855293215400593,106,0.6226415094339622,0.8425948186927669,29,0.7241379310344828,ENPIX,long,sparse,GLD_bin_lt-2,1,True
0.37761956880464786,178,0.6179775280898876,0.6455844040065545,33,0.7272727272727273,ENPSX,inverse,sparse,SPY_bin_-1_-0.5,1,True
0.38028355582572393,106,0.6226415094339622,0.8358595048432914,29,0.7241379310344828,ENPSX,inverse,sparse,GLD_bin_lt-2,1,True
0.3139592015267064,990,0.793939393939394,0.27771209447715833,89,0.8539325842696629,FYAIX,long,sparse,ext_vix_chg_ge5,1,True
0.31506795708281854,990,0.7919191919191919,0.2758473334963046,89,0.8539325842696629,FYASX,inverse,sparse,ext_vix_chg_ge5,1,True
0.2916015591935244,365,0.5698630136986301,1.5545367355999937,24,0.6666666666666666,IDPIX,long,sparse,self_3down,1,True
0.5124480175628428,144,0.625,0.9177201028267976,17,0.5882352941176471,INPIX,long,sparse,FXY_big_up,1,True
0.30400307031656887,278,0.579136690647482,0.6876697404547767,21,0.6190476190476191,LGPIX,long,sparse,IWM_bin_lt-2,1,True
0.24875883907046253,271,0.5830258302583026,0.4321539253388065,41,0.6097560975609756,LGPIX,long,sparse,XLK_bin_lt-2,1,True
0.2992544771251379,278,0.579136690647482,0.6797539817365928,21,0.6190476190476191,LGPSX,inverse,sparse,IWM_bin_lt-2,1,True
0.24446391683503585,271,0.5830258302583026,0.4275894898214412,41,0.6097560975609756,LGPSX,inverse,sparse,XLK_bin_lt-2,1,True
0.23798829697246482,593,0.5750421585160203,0.555595800563112,51,0.6274509803921569,LGPSX,inverse,sparse,XLV_big_down,1,True
2.164058383389845,990,0.7555555555555555,2.1027748331979916,89,0.7640449438202247,OEPIX,long,sparse,ext_vix_chg_ge5,1,True
1.0880388655303914,937,0.6403415154749199,1.0981808702009872,79,0.6835443037974683,OEPIX,long,sparse,ext_vix5d_ge10,1,True
2.154299956414191,990,0.7555555555555555,2.0997177345278972,89,0.7752808988764045,OEPSX,inverse,sparse,ext_vix_chg_ge5,1,True
1.0836406607104438,937,0.6403415154749199,1.094485616056569,79,0.6962025316455697,OEPSX,inverse,sparse,ext_vix5d_ge10,1,True
0.3636263701715437,146,0.6301369863013698,0.8535784094394995,17,0.7647058823529411,OTPIX,long,sparse,FXY_big_up,1,True
0.35940963967946327,146,0.6301369863013698,0.8543038521330365,17,0.7647058823529411,OTPSX,inverse,sparse,FXY_big_up,1,True
0.39529029178487196,96,0.6041666666666666,0.5624614629306097,66,0.6363636363636364,PHPIX,long,sparse,XLV_up_SPY_down,2,True
0.6375868845628665,106,0.5754716981132075,1.4033737403989155,29,0.6551724137931034,PMPIX,long,sparse,GLD_bin_lt-2,1,True
0.5528646462174654,106,0.5660377358490566,1.399287660431038,29,0.6551724137931034,PMPSX,inverse,sparse,GLD_bin_lt-2,1,True
0.27240277529864265,448,0.5848214285714286,0.2235991420846407,29,0.5517241379310345,REPIX,long,sparse,TLT_bin_1_2,1,True
0.2632205803678687,448,0.5803571428571429,0.2218080263088007,29,0.5517241379310345,REPSX,inverse,sparse,TLT_bin_1_2,1,True
1.1799002117073651,863,0.7508690614136733,0.5525462109700733,78,0.6538461538461539,SRPIX,long,sparse,ext_vix_chg_le-5,1,True
0.49646539985682525,146,0.6027397260273972,1.4319135998005386,17,0.7647058823529411,TEPIX,long,sparse,FXY_big_up,1,True
0.23529968683762248,543,0.5893186003683242,0.8042880699455444,29,0.7241379310344828,TEPSX,inverse,sparse,TLT_big_up,1,True
0.3338640292586904,543,0.5580110497237569,0.5970038255899938,29,0.5517241379310345,UAPIX,ultra_long,sparse,TLT_big_up,1,True
0.24139532956163048,448,0.5580357142857143,0.5970038255899938,29,0.5517241379310345,UAPIX,ultra_long,sparse,TLT_bin_1_2,1,True
0.3310803229349509,543,0.5598526703499079,0.5899498529995388,29,0.5517241379310345,UAPSX,inverse,sparse,TLT_big_up,1,True
0.2394065928881425,448,0.5602678571428571,0.5899498529995388,29,0.5517241379310345,UAPSX,inverse,sparse,TLT_bin_1_2,1,True
0.2142845920782482,241,0.6016597510373444,0.5394854722804026,20,0.7,UBPIX,ultra_long,sparse,EEM_bin_lt-2,5,True
0.20975395435050787,241,0.5975103734439834,0.538306514349973,20,0.7,UBPSX,inverse,sparse,EEM_bin_lt-2,5,True
0.3647317956224875,595,0.5529411764705883,0.765858434837354,51,0.5686274509803921,UDPIX,ultra_long,sparse,XLV_big_down,1,True
0.26912068341750833,860,0.5662790697674419,0.35587476564802567,44,0.6363636363636364,UDPIX,ultra_long,sparse,XLF_big_down,1,True
0.3617694254109393,593,0.5531197301854974,0.7625998202125447,51,0.5686274509803921,UDPSX,inverse,sparse,XLV_big_down,1,True
0.27377038893455313,861,0.5679442508710801,0.3499945955382739,44,0.6363636363636364,UDPSX,inverse,sparse,XLF_big_down,1,True
0.4833329753299899,245,0.5551020408163265,1.1924886552923972,15,0.6,UGPIX,ultra_long,sparse,XLF_bin_lt-2,1,True
0.49501736981042443,245,0.5591836734693878,1.1920167969231417,15,0.6,UGPSX,inverse,sparse,XLF_bin_lt-2,1,True
0.5758692293572448,172,0.5813953488372093,0.5766317016519247,57,0.631578947368421,UJPIX,ultra_long,sparse,IWM_bin_-1_-0.5,1,True
0.35232885637350747,537,0.553072625698324,1.059520438919609,35,0.6857142857142857,UJPIX,ultra_long,sparse,XLK_bin_-1_-0.5,1,True
0.38892375416862546,130,0.5923076923076923,1.0248029708536293,52,0.7115384615384616,UJPIX,ultra_long,sparse,XLE_bin_-2_-1,1,True
1.0882555646956635,90,0.6111111111111112,1.5298425725059879,47,0.6170212765957447,UJPIX,ultra_long,sparse,QQQ_bin_-2_-1,1,True
0.35154591018725273,542,0.551660516605166,1.0577631342304576,35,0.6857142857142857,UJPSX,inverse,sparse,XLK_bin_-1_-0.5,1,True
0.6331747277152138,131,0.5877862595419847,0.5750577086649948,57,0.631578947368421,UJPSX,inverse,sparse,IWM_bin_-1_-0.5,1,True
0.49119808130729875,146,0.5958904109589042,1.1539635256497522,17,0.5882352941176471,ULPIX,ultra_long,sparse,FXY_big_up,1,True
0.2725491268898158,543,0.5543278084714549,0.4656294579371166,29,0.5517241379310345,ULPIX,ultra_long,sparse,TLT_big_up,1,True
0.4869881814595897,146,0.5958904109589042,1.1481940666279895,17,0.5882352941176471,ULPSX,inverse,sparse,FXY_big_up,1,True
0.26851915609353516,543,0.5543278084714549,0.46231265162092106,29,0.5517241379310345,ULPSX,inverse,sparse,TLT_big_up,1,True
0.3566542526964678,397,0.5667506297229219,0.7610342366474947,51,0.6078431372549019,UNPIX,ultra_long,sparse,XLV_big_down,1,True
0.7330922971106894,146,0.6301369863013698,1.7185271081061042,17,0.7647058823529411,UOPIX,ultra_long,sparse,FXY_big_up,1,True
0.6922652032883337,107,0.616822429906542,2.4696054851567055,13,0.7692307692307693,UOPIX,ultra_long,sparse,FXY_bin_1_2,1,True
0.694305341299663,134,0.6940298507462687,0.21234421250157695,27,0.6666666666666666,UOPIX,ultra_long,sparse,GDX_bin_0.5_1,1,True
0.4598985329663603,251,0.5537848605577689,1.1887610936519846,42,0.5714285714285714,UOPIX,ultra_long,sparse,XLV_bin_-2_-1,1,True
0.26491911927652184,625,0.5952,0.5870516460860729,61,0.6229508196721312,UOPIX,ultra_long,sparse,GLD_bin_0.5_1,1,True
0.3396906008792937,543,0.5911602209944752,0.7051757048265258,29,0.6551724137931034,UOPIX,ultra_long,sparse,TLT_big_up,1,True
0.730376031581675,146,0.6301369863013698,1.717479306059568,17,0.7647058823529411,UOPSX,inverse,sparse,FXY_big_up,1,True
0.6888810233983342,107,0.616822429906542,2.467519788820059,13,0.7692307692307693,UOPSX,inverse,sparse,FXY_bin_1_2,1,True
0.31941846872991997,183,0.6174863387978142,0.21056128776313637,27,0.6666666666666666,UOPSX,inverse,sparse,GDX_bin_0.5_1,1,True
0.33698252925685573,543,0.5911602209944752,0.701411900893086,29,0.6551724137931034,UOPSX,inverse,sparse,TLT_big_up,1,True
0.7546630349332986,110,0.6090909090909091,0.7461305579101533,10,0.7,UUPIX,ultra_long,sparse,SPY_bin_lt-2,1,True
0.5978241650129921,274,0.583941605839416,1.0416789427025315,15,0.6,UUPIX,ultra_long,sparse,XLF_bin_lt-2,1,True
0.41689701092636205,763,0.562254259501966,0.43159044596169127,44,0.5681818181818182,UUPIX,ultra_long,sparse,XLF_big_down,1,True
0.4685234235308566,534,0.552434456928839,0.9439101770668664,46,0.5652173913043478,UUPIX,ultra_long,sparse,SPY_big_down,1,True
0.21455502656403053,573,0.5619546247818499,0.7268425529838819,36,0.5833333333333334,UUPIX,ultra_long,sparse,SLV_bin_-0.5_0,1,True
0.7501335718906492,110,0.6090909090909091,0.7430898497626628,10,0.7,UUPSX,inverse,sparse,SPY_bin_lt-2,1,True
0.5925139488407223,274,0.583941605839416,1.0381738991093732,15,0.6,UUPSX,inverse,sparse,XLF_bin_lt-2,1,True
0.4117353454333626,763,0.562254259501966,0.42682757196519067,44,0.5681818181818182,UUPSX,inverse,sparse,XLF_big_down,1,True
0.4634352745263497,534,0.5543071161048689,0.9399705831739934,46,0.5652173913043478,UUPSX,inverse,sparse,SPY_big_down,1,True
0.21195400315675467,573,0.5619546247818499,0.7235504013431108,36,0.5833333333333334,UUPSX,inverse,sparse,SLV_bin_-0.5_0,1,True
0.246007747642262,146,0.6027397260273972,0.5630155058653775,17,0.6470588235294118,BLPIX,long,gap_extra,FXY_big_up,1,True
0.33927257627151786,97,0.5773195876288659,0.2240569972259757,33,0.6060606060606061,BLPIX,long,gap_extra,GLD_gt2,1,True
0.28162775063858764,60,0.7333333333333333,0.21107105410414487,33,0.696969696969697,BLPIX,long,gap_extra,GLD_gt2,2,True
1.0837703814050874,990,0.9353535353535354,1.077939605155951,89,0.9775280898876404,BLPIX,long,gap_extra,ext_vix_chg_ge5,1,True
0.5470023122052953,990,0.8212121212121212,0.5125598185710467,89,0.8314606741573034,BLPIX,long,gap_extra,ext_vix_chg_ge5,2,True
0.3710141325358693,990,0.7797979797979798,0.33485225303883454,89,0.7528089887640449,BLPIX,long,gap_extra,ext_vix_chg_ge5,3,True
0.2532067532412051,990,0.7535353535353535,0.24105655392479236,89,0.7415730337078652,BLPIX,long,gap_extra,ext_vix_chg_ge5,5,True
0.5261303105746352,937,0.6905016008537886,0.5615641999705959,79,0.6962025316455697,BLPIX,long,gap_extra,ext_vix5d_ge10,1,True
0.5217547253774008,937,0.8185699039487727,0.5430273070734041,79,0.759493670886076,BLPIX,long,gap_extra,ext_vix5d_ge10,2,True
0.5267805170988414,938,0.906183368869936,0.564014205281225,79,0.8860759493670886,BLPIX,long,gap_extra,ext_vix5d_ge10,3,True
0.43949626214899523,938,0.9317697228144989,0.4779862934610451,79,0.9620253164556962,BLPIX,long,gap_extra,ext_vix5d_ge10,5,True
0.24218256227611384,146,0.6027397260273972,0.5582882546377947,17,0.6470588235294118,BLPSX,inverse,gap_extra,FXY_big_up,1,True
0.2777695121360958,60,0.7333333333333333,0.20692289942971093,33,0.696969696969697,BLPSX,inverse,gap_extra,GLD_gt2,2,True
1.0797138539184399,990,0.9323232323232323,1.0747692053359585,89,0.9775280898876404,BLPSX,inverse,gap_extra,ext_vix_chg_ge5,1,True
0.5427135422042637,990,0.8181818181818182,0.5081715227801711,89,0.8202247191011236,BLPSX,inverse,gap_extra,ext_vix_chg_ge5,2,True
0.36706256696532563,990,0.7808080808080808,0.3309213265369251,89,0.7528089887640449,BLPSX,inverse,gap_extra,ext_vix_chg_ge5,3,True
0.2496842425516292,990,0.7505050505050505,0.23694987826654265,89,0.7415730337078652,BLPSX,inverse,gap_extra,ext_vix_chg_ge5,5,True
0.5224090925628907,937,0.6894343649946638,0.5576520157797392,79,0.6962025316455697,BLPSX,inverse,gap_extra,ext_vix5d_ge10,1,True
0.5176156244411696,937,0.816435432230523,0.5387311073647172,79,0.759493670886076,BLPSX,inverse,gap_extra,ext_vix5d_ge10,2,True
0.5227274945976008,938,0.906183368869936,0.5597471580056366,79,0.8860759493670886,BLPSX,inverse,gap_extra,ext_vix5d_ge10,3,True
0.4357831680628932,938,0.9307036247334755,0.47375455083235835,79,0.9620253164556962,BLPSX,inverse,gap_extra,ext_vix5d_ge10,5,True
0.2778903424031855,58,0.7413793103448276,0.21928052378614943,33,0.7272727272727273,LVPIX,long,gap_extra,GLD_gt2,2,True
1.006224334678444,990,0.897979797979798,0.7860604287503701,89,0.9213483146067416,LVPIX,long,gap_extra,ext_vix_chg_ge5,1,True
0.5052919566825923,990,0.7878787878787878,0.3837193971511743,89,0.8202247191011236,LVPIX,long,gap_extra,ext_vix_chg_ge5,2,True
0.3436747621867279,990,0.7616161616161616,0.26148537935147725,89,0.7865168539325843,LVPIX,long,gap_extra,ext_vix_chg_ge5,3,True
0.4952478913209573,937,0.6862326574172892,0.4148010525322963,79,0.7088607594936709,LVPIX,long,gap_extra,ext_vix5d_ge10,1,True
0.48514341822509266,937,0.7982924226254002,0.39146938451841273,79,0.7848101265822784,LVPIX,long,gap_extra,ext_vix5d_ge10,2,True
0.48839312211248265,938,0.9008528784648188,0.40112371050467455,79,0.9113924050632911,LVPIX,long,gap_extra,ext_vix5d_ge10,3,True
0.40661576545333766,938,0.9168443496801706,0.33648937969923093,79,0.9240506329113924,LVPIX,long,gap_extra,ext_vix5d_ge10,5,True
0.27358454455526976,58,0.7413793103448276,0.21496823178347682,33,0.7272727272727273,LVPSX,inverse,gap_extra,GLD_gt2,2,True
1.0044854373165195,990,0.8949494949494949,0.7817030207930407,89,0.9213483146067416,LVPSX,inverse,gap_extra,ext_vix_chg_ge5,1,True
0.4999233924566524,990,0.7878787878787878,0.3798712291955616,89,0.8202247191011236,LVPSX,inverse,gap_extra,ext_vix_chg_ge5,2,True
0.3390023917977632,990,0.7585858585858586,0.2573619171586477,89,0.7865168539325843,LVPSX,inverse,gap_extra,ext_vix_chg_ge5,3,True
0.4890692186546205,937,0.6819637139807898,0.4107047745473577,79,0.7088607594936709,LVPSX,inverse,gap_extra,ext_vix5d_ge10,1,True
0.47932602802306085,937,0.7950907150480256,0.3876418580764597,79,0.7848101265822784,LVPSX,inverse,gap_extra,ext_vix5d_ge10,2,True
0.48225011733776013,938,0.8987206823027718,0.397359013765148,79,0.9113924050632911,LVPSX,inverse,gap_extra,ext_vix5d_ge10,3,True
0.40142369545872586,938,0.9136460554371002,0.3325463615894513,79,0.9113924050632911,LVPSX,inverse,gap_extra,ext_vix5d_ge10,5,True
1.167755210663142,863,0.746234067207416,0.5222465172164538,78,0.6538461538461539,SRPSX,inverse,gap_extra,ext_vix_chg_le-5,1,True
