name,category,isin,ft_name,yahoo_symbol
AB GLOBAL HIGH YIELD PORTFOLIO I INC USD,GLOBAL,LU0154094527,AB FCP I - Global High Yield Portfolio I2 USD Acc,0P0000MPP7.SI
AB INTERNATIONAL HEALTH CARE PORTFOLIO C ACC USD,INTERNATIONAL,LU0058720904,AB SICAV I - International Health Care Portfolio A Acc,XAYP.F
AB INTERNATIONAL TECHNOLOGY PORTFOLIO I ACC USD,INTERNATIONAL,LU2485953454,AB SICAV I-International Technology Portfolio Class S14 USD Acc,0P0001P7SF
AB SICAV I GLOBAL REAL ESTATE SECURITIES PORTFOLIO A USD,GLOBAL,LU0074935502,AB SICAV I - Global Real Estate Securities Portfolio A Acc,XAY6.HM
AB SICAV I INTERNATIONAL HEALTH CARE PORTFOLIO A USD USD,INTERNATIONAL,LU0058720904,AB SICAV I - International Health Care Portfolio A Acc,XAYP.F
AB SICAV I INTERNATIONAL TECHNOLOGY PORTFOLIO A USD USD,INTERNATIONAL,LU0060230025,AB SICAV I - International Technology Portfolio A Acc,0P00000I4D
ABRDN SICAV I - GLOBAL DYNAMIC DIVIDEND FUND X INC USD USD,GLOBAL,LU2329614494,abrdn SICAV I - Global Dynamic Dividend Fund X Acc USD,0P0001M1PV
ABRDN SICAV I - NORTH AMERICAN SMALLER COMPANIES A ACC USD USD,AMERICAN,LU0566484027,abrdn SICAV I - North American Smaller Companies Fund A Acc USD,0P0000ZNPV
ABRDN SICAV I FUTURE GLOBAL EQUITY A ACC USD,GLOBAL,LU0107464264,abrdn SICAV I - Future Global Equity Fund A Acc USD,AEFJ.MU
ALLIANZ BEST STYLES GLOBAL EQUITY WT ACC USD,GLOBAL,LU2929389422,Allianz Global Investors Fund - Allianz Best Styles US Equity CT2 (USD) Accumulation,0P0001UAGR
ALLIANZ GLOBAL ARTIFICIAL INTELLIGENCE RT USD ACC USD,GLOBAL,LU2231172441,Allianz Global Investors Fund - Allianz Global Artificial Intelligence W2 (USD),0P0001KQC9
ALLIANZ GLOBAL ASIA PACIFIC INCOME A INC USD,GLOBAL,LU0348744763,Allianz Global Investors Fund - Allianz Asia Pacific Income A USD,AZHI.F
ALLIANZ GLOBAL CYBER SECURITY AT ACC USD,GLOBAL,LU2289118288,Allianz Global Investors Fund - Allianz Cyber Security IT USD Acc,0P0001LPJK
ALLIANZ GLOBAL INV ALLIANZ INCOME AND GROWTH USD,GLOBAL,LU0820561818,Allianz Global Investors Fund - Allianz Income and Growth AM USD,0P000148G1.BE
ALLIANZ GLOBAL INV CHINA A-SHARES AT ACC USD,GLOBAL,LU1997245177,Allianz Global Investors Fund - Allianz China A Shares AT USD,0P0001OZ17
ALLIANZ GLOBAL INV CHINA EQUITY A USD DIS USD,GLOBAL,LU0348825331,Allianz Global Investors Fund - Allianz China Equity A USD,UQ24.F
ALLIANZ GLOBAL INV GLOBAL EQUITY UNCONSTRAINED AT USD,GLOBAL,LU0342679015,Allianz Global Investors Fund - Allianz Global Equity Unconstrained AT USD,DJET.MU
ALLIANZ GLOBAL INV GLOBAL HI TECH GTH A ACC NAV USD,GLOBAL,LU0348723411,Allianz Global Investors Fund - Allianz Global HiTech Growth A USD,ZZRZ.F
ALLIANZ GLOBAL INV GLOBAL SUSTAINABILITY A DIS USD,GLOBAL,LU0158827948,Allianz Global Investors Fund - Allianz Global Sustainability A USD,UQ2K.F
ALLIANZ GLOBAL INV HKD INCOME AM USD USD,GLOBAL,LU0880094791,Allianz Global Investors Fund - Allianz HKD Income AT HKD,0P000148G2.HK
ALLIANZ GLOBAL INV HONG KONG EQUITY A USD USD,GLOBAL,LU0348735423,Allianz Global Investors Fund - Allianz Hong Kong Equity A USD,UQ2G.F
ALLIANZ GLOBAL INV INCOME AND GROWTH AM USD IN USD,GLOBAL,LU0820561818,Allianz Global Investors Fund - Allianz Income and Growth AM USD,0P000148G1.BE
ALLIANZ GLOBAL INV LITTLE DRAGONS A USD DIS USD,GLOBAL,LU0348766576,Allianz Global Investors Fund - Allianz Little Dragons A USD,UQ26.F
ALLIANZ GLOBAL INV ORIENTAL INCOME A USD USD,GLOBAL,LU0348783233,Allianz Global Investors Fund - Allianz Oriental Income A USD,0P000148G1.BE
ALLIANZ GLOBAL INV US EQUITY A USD INC NAV USD,GLOBAL,LU0256863811,Allianz Global Investors Fund - Allianz US Equity Fund A USD,DJEU.HM
ALLIANZ GLOBAL SUSTAINABILITY AM H2 INC USD,GLOBAL,LU2089283258,Allianz Global Investors Fund - Allianz Global Sustainability AM H2 USD,0P0001J2E3
ALLSPRING WORLDWIDE GLOBAL EQUITY ENHANCED INCOME A ACC USD,GLOBAL,LU3076206690,Allspring (Lux) Worldwide Fund - Global Equity Enhanced Income Fund Class A USD Acc,0P0001VF82
ALQUITY GLOBAL IMPACT R ACC USD,GLOBAL,LU1730018279,Alquity SICAV - Alquity Global Impact Fund USD R Class,0P0001CQMG
AMUNDI FUNDS POLEN CAPITAL GLOBAL GROWTH I2 ACC USD,GLOBAL,LU1691799644,Amundi Funds - Polen Capital Global Growth A2 USD (C),0P0001F9VL
ARTEMIS SMARTGARP GLOBAL EMERGING MARKETS EQUITY I ACC USD,GLOBAL,LU3248622857,Artemis Funds (Lux) - SmartGARP Global Emerging Markets Ex China Equity I USD ACC,0P0001YIQ8
AXA WORLD FUND GLOBAL REAL ESTATE A USD ACC USD,GLOBAL,LU0266012318,AXA World Funds - Global Real Estate A Capitalisation USD,0P0000SR16
BARING GLOBAL RESOURCES A USD DIS USD,GLOBAL,IE0000931182,Barings Global Umbrella Fund - Barings Global Resources Fund Class A USD Inc,BYQN.F
BARING LATIN AMERICA A USD DIS USD,AMERICAN,IE0000828933,Barings Emerging Markets Umbrella Fund - Barings Latin America Fund Class A USD Inc,BYQU.F
BARINGS GLOBAL LEADERS FUND CLASS A USD INC USD,GLOBAL,IE0030016244,Barings Global Umbrella Fund - Barings Global Leaders Fund Class A USD Inc,BYQX.SG
BLACKROCK (LUX) SA BGF GLOBAL INFL L A2 USD,GLOBAL,LU0425308086,BlackRock Global Funds - Global Inflation Linked Bond Fund A2 USD,
BLACKROCK (LUX) SA FIXED INCOME GLOBAL OPP A2 USD USD,GLOBAL,LU0278466700,BlackRock Global Funds - Fixed Income Global Opportunities Fund A2,
BLACKROCK (LUX) SA GLOBAL ALLOCATION A2 USD ACC USD,GLOBAL,LU0072462426,BlackRock Global Funds - Global Allocation Fund A2,MRLOX
BLACKROCK (LUX) SA GLOBAL EVENT DRIVEN D2 USD ACC USD,GLOBAL,LU1251621188,BlackRock Strategic Funds - Global Event Driven Fund D2 USD,0P00016JAM
BLACKROCK (LUX) SA Global Long-Horizon Equity Fund A USD USD,GLOBAL,LU0011850046,BlackRock Global Funds - Global Long-Horizon Equity Fund A2,BDMAX
BLACKROCK (LUX) SA GLOBAL MULTI-ASSET INCOME A2 USD ACC USD,GLOBAL,LU1323998911,BlackRock Global Funds - Asian Multi-Asset Income Fund A2,0P00017CB4
BLACKROCK (LUX) SA GLOBAL SUSTAINABLE ENERGY A2 USD ACC USD,GLOBAL,LU0124384867,BlackRock Global Funds - Sustainable Energy Fund A2,
BLACKROCK (LUX) SA LATIN AMERICAN A2 USD USD,AMERICAN,LU0072463663,BlackRock Global Funds - Latin American Fund A2,BRLA.L
BLACKROCK (LUXEMBOURG) S.A. FIXED INCOME GLOBAL OPPORTUNITIES A5 USD,GLOBAL,LU0280468637,BlackRock Global Funds - Fixed Income Global Opportunities Fund A5 SGD Hedged,0P00008XI2.SI
BLACKROCK GLOBAL ALLOCATION FUND D10 INC USD,GLOBAL,LU2943721485,BlackRock Global Funds - Global Allocation Fund D10,0P0001UKBP
BLACKROCK GLOBAL DYNAMIC HIGH INCOME FUND D6 USD,GLOBAL,LU1564329388,BlackRock Global Funds - Dynamic High Income Fund D6,0P0001CP0L
BLACKROCK GLOBAL FUNDS CHINA A2 USD USD,GLOBAL,LU0359201612,BlackRock Global Funds - China Fund A2,0P0000UNZJ
BLACKROCK GLOBAL FUNDS FINTECH A2 ACC USD,GLOBAL,LU1861217088,BlackRock Global Funds - FinTech Fund A2,0P0001FAHG.F
BLACKROCK GLOBAL FUNDS SICAV - ASIAN DRAGON FUND D2 ACC USD,GLOBAL,LU0411709560,BlackRock Global Funds - Asian Dragon Fund D2,0P0000JI29
BLACKROCK GLOBAL UNCONSTRAINED EQUITY D ACC USD,GLOBAL,LU2720917223,BlackRock Global Funds - Global Unconstrained Equity Fund X2 USD Accumulation,0P0001SS6L
BLACKROCK SYSTEMATIC GLOBAL EQUITY HIGH INCOME A6 INC USD,GLOBAL,LU1116320737,BlackRock Global Funds - Systematic Global Equity High Income Fund A6,0P00014FO3
BLACKROCK SYSTEMATIC GLOBAL SMALLCAP D2 ACC USD,GLOBAL,LU0724617971,BlackRock Global Funds - Systematic Global SmallCap Fund D2,0P0001MSQE
BLACKROCK SYSTEMATIC GLOBAL SMALLCAP FUND A2 ACC USD,GLOBAL,LU0054578231,BlackRock Global Funds - Systematic Global SmallCap Fund A2,0P000137EL
BLUEBAY GLOBAL SOVEREIGN OPPORTUNITIES C ACC USD,GLOBAL,LU1480175907,BlueBay Funds - BlueBay Global Sovereign Opportunities Fund C - USD,0P00019Y0W.F
BLUEBOX GLOBAL TECHNOLOGY FUND A ACC USD,GLOBAL,LU1793345262,BlueBox Funds - BlueBox Global Technology Fund Class A USD Acc,0P0001KEXS
BLUEBOX GLOBAL TECHNOLOGY FUND CLASS C ACC USD,GLOBAL,LU2092176275,BlueBox Funds - BlueBox Global Technology Fund Class C Acc,0P0001LWPD
BNP PARIBAS FUNDS GLOBAL CONVERTIBLE CLASSIC CAPITALISATION USD,GLOBAL,LU0823394779,BNP Paribas Funds Global Convertible Classic Capitalisation,0P0000YSSR
BNY MELLON GLOBAL EQUITY INCOME USD A USD,GLOBAL,GB0006779986,BNY Mellon Global Equity Fund Sterling Income,0P00000QYA.L
CT AMERICAN SELECT 1U USD ACC USD,AMERICAN,LU1868841674,CT (Lux) - American Select Class 1U (USD Accumulation),FV2J.F
CT AMERICAN SELECT AU USD ACC USD,AMERICAN,LU0112528004,CT (Lux) - American Select Class AU (USD Accumulation Shares),0P00000SKQ
CT GLOBAL FOCUS AU USD USD,GLOBAL,LU0061474960,CT (Lux) - Global Focus Class AU (USD Accumulation Shares),0P0001CZXN.L
CURATE GLOBAL SUSTAINABLE EQUITY FUND A USD ACC USD,GLOBAL,LU2000525019,Curate Global Sustainable Equity Fund A USD Acc,0P0001KPAS
CURATE GLOBAL SUSTAINABLE EQUITY FUND B USD ACC USD,GLOBAL,LU2000525100,Curate Global Sustainable Equity Fund B USD Acc,0P0001NAGP
DIMENSIONAL GLOBAL SHORT FIXED INCOME USD ACC USD,GLOBAL,IE0030982627,Dimensional Global Short Fixed Income Fund USD Accumulation,0P0000J2A3
FF GLOBAL DEMOGRAPHICS FUND A ACC USD,GLOBAL,LU0528227936,FF - Global Demographics Fund A-Acc-USD,Y1B0.MU
FF GLOBAL DIVIDEND PLUS FUND A ACC USD,GLOBAL,LU2242646235,FF - Global Dividend Plus Fund A-Acc-USD,
FIDELITY FUNDS - INTERNATIONAL FUND A USD USD,INTERNATIONAL,LU1261432493,Fidelity Funds - Global Thematic Opportunities Fund A-Acc-SGD,FJ22.F
FIDELITY FUNDS FID AMERICA A DIS USD USD,AMERICAN,LU0048573561,Fidelity Funds - America Fund A-DIST,0P0001KN60.F
FIDELITY FUNDS GLOBAL FOCUS A USD DIS USD,GLOBAL,LU0157215616,Fidelity Funds - Global Focus Fund A-DIST-USD,IPGR.F
FIDELITY FUNDS GLOBAL INCOME FUND A ACC USD,GLOBAL,LU0905233846,Fidelity Funds - Global Multi Asset Income Fund A-Acc-USD,FJ2K.MU
FIDELITY FUNDS GLOBAL MULTI ASSET INCOME FUND Y ACC USD,GLOBAL,LU0346392300,Fidelity Funds - Global Multi Asset Growth & Income Fund Y-Acc-USD,0P0000CO5U
FIDELITY FUNDS GLOBAL SHORT DURATION INCOME FUND A ACC USD,GLOBAL,LU0390710027,Fidelity Funds - Global Short Duration Income Fund A-Acc-USD,0P0000I1UY
FIDELITY FUNDS LATIN AMERICA A USD DIS NAV USD,AMERICAN,LU0050427557,Fidelity Funds - Latin America Fund A-DIST-USD,FJRC.F
FIDELITY GLOBAL INC A MINCOME(G) DIS USD,GLOBAL,LU0731783048,Fidelity Funds - Global Dividend Fund A-MINCOME(G)-USD,0P0001MHNW
FIDELITY GLOBAL INCOME Y MINCOME INC USD,GLOBAL,LU1622746433,Fidelity Funds - Global Multi Asset Income Fund Y-MINCOME(G)-USD,0P0001AMU4
Fidelity Global Multi Asset Growth & Income Fund A USD USD,GLOBAL,LU0267386521,Fidelity Funds - Global Multi Asset Growth & Income Fund A-USD,0P0001M4I2
FIDELITY GLOBAL TECHNOLOGY A USD ACC USD,GLOBAL,LU1046421795,Fidelity Funds - Global Technology Fund A-Acc-USD,0P0001DIJX.SI
FIRST EAGLE AMUNDI INTERNATIONAL AU USD ACC USD,INTERNATIONAL,LU0068578508,First Eagle Amundi International Fund Class AU-C Shares,0P00011MTY
GOLDMAN SACHS GLOBAL CORE EQUITY PORTFOLIO ACC USD,GLOBAL,LU3029563320,Goldman Sachs Global CORE Equity Portfolio R Acc USD Close,0P0001UZPQ
GOLDMAN SACHS GLOBAL SENIOR LOANS R HEDGED INC USD,GLOBAL,LU0428438575,Goldman Sachs Global Senior Loans (Lux) - G Cap USD (hedged i),0P0001527M.F
HSBC GLOBAL INDIA FIX INC ACC USD USD,GLOBAL,LU0780248018,HSBC Global Investment Funds - India Fixed Income EC,0P0000WX8N
INVESCO GLOBAL CONSUMER TRENDS A USD USD,GLOBAL,LU0052864419,Invesco Funds - Invesco Global Consumer Trends Fund A Accumulation USD,IUGI.F
INVESCO GLOBAL CONSUMER TRENDS C USD USD,GLOBAL,LU0100598878,Invesco Funds - Invesco Global Consumer Trends Fund C Accumulation USD,0P00000AN0
INVESCO GLOBAL EQUITY FUND C (USD)-ANNUAL DISTRIBUTION USD,GLOBAL,LU0267985157,Invesco Funds - Invesco Sustainable Global Systematic Equity Fund C Annual Distribution USD,IGET.L
INVESCO GLOBAL HEALTH CARE INNOVATION A USD USD,GLOBAL,LU1775982595,Invesco Funds - Invesco Global Health Care Innovation Fund A-Annual Distribution Shares USD,0P0001DK2B
INVESCO GLOBAL HEALTH CARE INNOVATION FUND C AD USD,GLOBAL,LU1775952176,Invesco Funds - Invesco Global Health Care Innovation Fund C-AD Shares,0P0001DK29
INVESCO GLOBAL INCOME A INC USD,GLOBAL,LU1097689100,Invesco Funds - Invesco Global Income Fund A (USD Hedged) Quarterly Distribution-Gross Income USD,0P00014BDI
JANUS HENDERSON GLOBAL EQUITY FUND R\$ ACC A2 USD USD,GLOBAL,IE0033534557,Janus Henderson Capital Funds plc - Global Real Estate Equity Income Fund Class A2 USD,0P00000HSG
JANUS HENDERSON GLOBAL LIFE SCIENCE A ACC USD,GLOBAL,IE0002128837,Janus Henderson Capital Funds plc - Global Life Sciences Fund Class B2 USD,0P00000RMR
JANUS HENDERSON GLOBAL REAL ESTATE A3Q USD USD,GLOBAL,IE0033534441,Janus Henderson Capital Funds plc - Global Real Estate Equity Income Fund Class A3q USD,F4QR.MU
JANUS HENDERSON HORIZON GLOBAL PROPERTY EQUITIES FUND A2 USD USD,GLOBAL,LU0209137388,Janus Henderson Horizon Global Property Equities Fund A2 USD,0P0000193V
JANUS HENDERSON HORIZON GLOBAL PROPERTY EQUITIES FUND A3Q USD USD,GLOBAL,LU0209137206,Janus Henderson Horizon Global Property Equities Fund A3q USD,HZ5Y.F
JANUS HENDERSON HORIZON GLOBAL PROPERTY EQUITIES FUND I2 USD USD,GLOBAL,LU0973119513,Janus Henderson Horizon Global Property Equities Fund G2 USD,0P0000ZQ1D
JANUS HENDERSON HORIZON GLOBAL TECHNOLOGY LEADERS FUND A1 USD USD,GLOBAL,LU0209158467,Janus Henderson Horizon Global Technology Leaders Fund A1 USD,FGVA.MU
JANUS HENDERSON HORIZON GLOBAL TECHNOLOGY LEADERS FUND A2 USD USD,GLOBAL,LU0070992663,Janus Henderson Horizon Global Technology Leaders Fund A2 USD,0P0000YWFQ.SI
JANUS HENDERSON HORIZON GLOBAL TECHNOLOGY LEADERS FUND H2 USD USD,GLOBAL,LU0828813369,Janus Henderson Horizon Global Technology Leaders Fund H2 USD,0P0000YFYK
JPMORGAN AMERICA EQUITY A USD USD,AMERICAN,LU0053666078,JPMorgan Funds - America Equity Fund A (dist) USD,JPJA.F
JPMORGAN GLOBAL GROWTH FUND A USD ACC USD,GLOBAL,LU0210533765,JPMorgan Funds - Global Growth Fund A (acc) USD,0P000019C1
JPMORGAN GLOBAL RESEARCH ENHANCED INDEX EQUITY A ACC USD,GLOBAL,LU2402382688,JPMorgan Funds - Global Research Enhanced Index Equity Fund A (acc) USD,0P0001P9BJ
JUPITER GLOBAL FIXED INCOME FUND L USD ACC USD,GLOBAL,IE0031386414,Jupiter Global Fixed Income Fund L (USD) Accumulation,0P00000MMB
JUPITER MERIAN NORTH AMERICAN EQUITY FUND I USD ACC USD,AMERICAN,IE0031385887,Jupiter Merian North American Equity Fund (IRL) L USD Acc,0P00000MLI
JUPITER MERIAN NORTH AMERICAN EQUITY FUND L USD ACC USD,AMERICAN,IE0031385887,Jupiter Merian North American Equity Fund (IRL) L USD Acc,0P00000MLI
M&G (LUX) GLOBAL TARGET RETURN FUND C H ACC USD,GLOBAL,LU1531595301,M&G (Lux) Global Target Return Fund USD C-H Acc,0P00019IT4
MOMENTUM GLOBAL GROWTH FUND CLASS A USD,GLOBAL,LU0651983982,Momentum Global Funds Harmony Asian Growth Fund A,0P0000TT0O
MORGAN STANLEY GLOBAL BRANDS C USD,GLOBAL,LU0176160306,Morgan Stanley Investment Funds - Global Brands Fund C,0P0000MWCC
NEW CAPITAL GLOBAL VALUE CREDIT FUND USD,GLOBAL,IE0033116462,New Capital Global Value Credit Fund USD Ord Acc,0P000025ZS
NINETY ONE GLOBAL EQUITY A ACC USD USD,GLOBAL,LU1078025761,Ninety One Global Strategy Fund - European Equity Fund A Acc USD Hedged (Portfolio - AC),0P00013NJN
NINETY ONE GLOBAL MULTI-ASSET INC A INC-2 USD,GLOBAL,LU0700851271,Ninety One Global Strategy Fund - Emerging Markets Multi-Asset Fund A Acc USD,0P0000URPG
NINETY ONE GLOBAL NATURAL RESOURCES C INC USD,GLOBAL,LU1982815224,Ninety One Global Strategy Fund - Global Natural Resources Fund C USD Acc,0P0001HDEI
NINETY ONE GLOBAL STRATEGY FUND GLOBAL NATURAL RESOURCES FUND I ACC USD,GLOBAL,LU0345781172,Ninety One Global Strategy Fund - Global Natural Resources Fund I Acc USD,0P00009X5L
NINETY ONE GSF GLOBAL FRANCHISE A ACC USD,GLOBAL,LU1734074674,Ninety One Global Strategy Fund - Asia Pacific Franchise Fund A Acc USD,0P0001CNCE
NINETY ONE LUX S.A GLOBAL ENVIRONMENT A ACC USD,GLOBAL,LU1939255532,Ninety One Global Strategy Fund - Global Environment Fund A Acc USD,0P0001GZNK
NINETY-ONE GLOBAL ST UK ALPHA I USD ACC USD,GLOBAL,LU0641506000,Ninety One Global Strategy Fund - UK Alpha Fund I Acc USD,0P0000TL13
NINETY-ONE GLOBAL ST US DOLLAR MONEY I USD ACC USD,GLOBAL,LU0439319624,Ninety One Global Strategy Fund - US Dollar Money Fund I Acc USD,0P0000SF11
NINETY-ONE GS GLOBAL EQUITY A INC USD,GLOBAL,LU0345770993,Ninety One Global Strategy Fund - Global Strategic Equity Fund A Inc USD,0P00000R8Y
NSF SICAV WEALTH DEFENDER GLOBAL EQUITY FUND C USD ACC USD,GLOBAL,LU2637817243,NSF SICAV Wealth Defender Glbl Eq C USD,0P0001SAYJ
NSF WEALTH DEFENDER GLOBAL EQUITY A ACC USD,GLOBAL,LU1347437607,NSF SICAV Wealth Defender Global Equity Fund A USD,0P0001CXPX
PICTET GLOBAL ENVIRONMENTAL OPPORTUNITIES I USD ACC USD,GLOBAL,LU1901200318,Pictet - Global Environmental Opportunities I dy USD,0P0001EVPJ
PICTET-GLOBAL ENVIRONMENTAL OPPORTUNITIES HP ACC USD,GLOBAL,LU0503633330,Pictet - Global Environmental Opportunities HP USD,0P0001CKEL
PIMCO GIS GLOBAL HIGH YIELD E INC USD USD,GLOBAL,IE0002420739,PIMCO GIS Global High Yield Bond Fund Institutional USD Accumulation,0P00006D1H
PIMCO GIS GLOBAL INV GRADE CREDIT INST INC USD USD,GLOBAL,IE0034085260,PIMCO GIS Global Investment Grade Credit Fund Institutional USD Accumulation,0P0000HOIQ
PIMCO GIS GLOBAL INVEST GRADE CREDIT INST ACC USD USD,GLOBAL,IE0034085260,PIMCO GIS Global Investment Grade Credit Fund Institutional USD Accumulation,0P0000HOIQ
PIMCO GIS GLOBAL INVESTMENT GRADE CREDIT E USD INC USD,GLOBAL,IE0033386453,PIMCO GIS Global Investment Grade Credit Fund Institutional USD Income,0P00000WBD
PINEBRIDGE GLOBAL DYNAMIC ASSET ALLOCATION Y USD ACC USD,GLOBAL,IE0007357332,PineBridge Global Dynamic Asset Allocation Fund Y,0P00000RKU
PINEBRIDGE GLOBAL EMERGING MARKETS FOCUS EQUITY Y USD ACC USD,GLOBAL,IE0004897173,PineBridge Global Emerging Markets Focus Equity Fund Y,0P00000RRD
Schroder Int Sel Global Energy A Acc USD,GLOBAL,LU0256331488,Schroder International Selection Fund Global Energy A Accumulation USD,0P000019EE
SCHRODER INT SEL GLOBAL EQUITY A USD ACC USD,GLOBAL,LU0215105999,Schroder International Selection Fund Global Equity A Accumulation USD,ZJPC.F
Schroder Int Sel Global Equity Alpha A USD Acc USD,GLOBAL,LU0225283273,Schroder International Selection Fund Global Equity Alpha A Accumulation USD,HV8M.MU
SCHRODER INTERNATIONAL SELECTION FUND EMERGING MARKETS DEBT TOTAL RETURN A ACC USD,INTERNATIONAL,LU0106253197,Schroder International Selection Fund Emerging Markets Debt Total Return A Accumulation USD,HV8C.F
SCHRODER INTERNATIONAL SELECTION FUND GLOBAL HIGH YIELD C INC USD,GLOBAL/INTERNATIONAL,LU1586378470,Schroder International Selection Fund Global High Yield C Distribution USD MF,0P0001ADKP
SCHRODER ISF GLOBAL CITIES A ACC USD,GLOBAL,LU0224508324,Schroder International Selection Fund Global Cities A Accumulation USD,0P00001E4P
SCHRODER ISF GLOBAL EQUITY ALPHA C ACC USD,GLOBAL,LU0225283786,Schroder International Selection Fund Global Equity Alpha C Accumulation USD,0P00001CEH
SCHRODER ISF GLOBAL HIGH YIELD C ACC USD,GLOBAL,LU0189893794,Schroder International Selection Fund Global High Yield C Accumulation USD,SRVT.F
SCHRODER ISF GLOBAL M.A DIS USD A HDG MF USD,GLOBAL,LU0306807586,Schroder International Selection Fund Global Dividend Maximiser A Distribution USD QF,0P00009BZQ
SCHRODER ISF GLOBAL MULTI ASSET BALANCED C ACC USD,GLOBAL,LU0776415563,Schroder International Selection Fund Global Multi-Asset Balanced C Accumulation USD Hedged,0P0000WFLZ
T ROWE GLOBAL FOCUSED GROWTH EQUITY Q USD USD,GLOBAL,LU1892523231,T. Rowe Price Funds SICAV - Global Focused Growth Equity Fund Q,0P0001EVSL
UBAM GLOBAL EQUITY IC ACC USD,GLOBAL,LU1808465147,UBAM - Tech Global Leaders Equity IC USD,0P0001DZRW
UBAM TECH GLOBAL LEADERS EQUITY IC USD ACC USD,GLOBAL,LU1808465147,UBAM - Tech Global Leaders Equity IC USD,0P0001DZRW
VONTOBEL FUND II DUFF & PHELPS GLOBAL LISTED INFRASTRUCTURE B ACC USD,GLOBAL,LU2167913123,Vontobel Fund II - Duff & Phelps Global Listed Infrastructure B USD Cap,0P0001K1Y4
