name,category,ft_best_name,ft_isin_cur,ft_score
A.I. MACHINES GLOBAL MANAGED RISK FUND 2A2 ACC USD,GLOBAL,,,
AB GLOBAL HIGH YIELD PORTFOLIO I INC USD,GLOBAL,AB FCP I - Global High Yield Portfolio I2 USD Acc,LU0154094527:USD,2.7
AB INTERNATIONAL HEALTH CARE PORTFOLIO C ACC USD,INTERNATIONAL,AB SICAV I - International Health Care Portfolio A Acc,LU0058720904:USD,1.9
AB INTERNATIONAL TECHNOLOGY PORTFOLIO I ACC USD,INTERNATIONAL,AB SICAV I-International Technology Portfolio Class S14 USD Acc,LU2485953454:USD,3.1
AB SICAV I GLOBAL REAL ESTATE SECURITIES PORTFOLIO A USD,GLOBAL,AB SICAV I - Global Real Estate Securities Portfolio A Acc,LU0074935502:USD,2.7
AB SICAV I INTERNATIONAL HEALTH CARE PORTFOLIO A USD USD,INTERNATIONAL,AB SICAV I - International Health Care Portfolio A Acc,LU0058720904:USD,2.7
AB SICAV I INTERNATIONAL TECHNOLOGY PORTFOLIO A USD USD,INTERNATIONAL,AB SICAV I - International Technology Portfolio A Acc,LU0060230025:USD,2.7
ABERDEEN STD - NORTH AMERICAN SMALLER COMPANIES FUND I ACC USD USD,AMERICAN,,,
ABRDN SICAV I - GLOBAL DYNAMIC DIVIDEND FUND X INC USD USD,GLOBAL,abrdn SICAV I - Global Dynamic Dividend Fund X Acc USD,LU2329614494:USD,2.7
ABRDN SICAV I - GLOBAL SUSTAINABLE AND RESPONSIBLE INVESTMENT EQUITY A ACC USD USD,GLOBAL,,,
ABRDN SICAV I - NORTH AMERICAN SMALLER COMPANIES A ACC USD USD,AMERICAN,abrdn SICAV I - North American Smaller Companies Fund A Acc USD,LU0566484027:USD,3.1
ABRDN SICAV I FUTURE GLOBAL EQUITY A ACC USD,GLOBAL,abrdn SICAV I - Future Global Equity Fund A Acc USD,LU0107464264:USD,3.1
AEGON STRATEGIC GLOBAL INCOME FUND CLS A USD ACC USD,GLOBAL,,,
AEGON STRATEGIC GLOBAL INCOME FUND CLS B USD INC USD,GLOBAL,,,
ALLIANCE BERNSTEIN AMERICAN INCOME PORTFOLIO INC USD,AMERICAN,,,
ALLIANCEBERNSTEIN AMERICAN INCOME USD,AMERICAN,,,
ALLIANZ BEST STYLES GLOBAL EQUITY WT ACC USD,GLOBAL,Allianz Global Investors Fund - Allianz Best Styles US Equity CT2 (USD) Accumulation,LU2929389422:USD,2.7
ALLIANZ GLOBAL ARTIFICIAL INTELLIGENCE RT USD ACC USD,GLOBAL,Allianz Global Investors Fund - Allianz Global Artificial Intelligence W2 (USD),LU2231172441:USD,2.3
ALLIANZ GLOBAL ASIA PACIFIC INCOME A INC USD,GLOBAL,Allianz Global Investors Fund - Allianz Asia Pacific Income A USD,LU0348744763:USD,2.7
ALLIANZ GLOBAL CYBER SECURITY AT ACC USD,GLOBAL,Allianz Global Investors Fund - Allianz Cyber Security IT USD Acc,LU2289118288:USD,2.7
ALLIANZ GLOBAL INV ALLIANZ INCOME AND GROWTH USD,GLOBAL,Allianz Global Investors Fund - Allianz Income and Growth AM USD,LU0820561818:USD,2.2
ALLIANZ GLOBAL INV CHINA A-SHARES AT ACC USD,GLOBAL,Allianz Global Investors Fund - Allianz China A Shares AT USD,LU1997245177:USD,2.6
ALLIANZ GLOBAL INV CHINA EQUITY A USD DIS USD,GLOBAL,Allianz Global Investors Fund - Allianz China Equity A USD,LU0348825331:USD,2.6
ALLIANZ GLOBAL INV GLOBAL EQUITY UNCONSTRAINED AT USD,GLOBAL,Allianz Global Investors Fund - Allianz Global Equity Unconstrained AT USD,LU0342679015:USD,2.2
ALLIANZ GLOBAL INV GLOBAL HI TECH GTH A ACC NAV USD,GLOBAL,Allianz Global Investors Fund - Allianz Global HiTech Growth A USD,LU0348723411:USD,1.867
ALLIANZ GLOBAL INV GLOBAL SUSTAINABILITY A DIS USD,GLOBAL,Allianz Global Investors Fund - Allianz Global Sustainability A USD,LU0158827948:USD,2.575
ALLIANZ GLOBAL INV HKD INCOME AM USD USD,GLOBAL,Allianz Global Investors Fund - Allianz US Short Duration High Income Bond W USD,LU1282652012:USD,1.925
ALLIANZ GLOBAL INV HONG KONG EQUITY A USD USD,GLOBAL,Allianz Global Investors Fund - Allianz Hong Kong Equity A USD,LU0348735423:USD,2.617
ALLIANZ GLOBAL INV INCOME AND GROWTH AM USD IN USD,GLOBAL,Allianz Global Investors Fund - Allianz Income and Growth AM USD,LU0820561818:USD,2.133
ALLIANZ GLOBAL INV LITTLE DRAGONS A USD DIS USD,GLOBAL,Allianz Global Investors Fund - Allianz Little Dragons A USD,LU0348766576:USD,2.6
ALLIANZ GLOBAL INV ORIENTAL INCOME A USD USD,GLOBAL,Allianz Global Investors Fund - Allianz Oriental Income A USD,LU0348783233:USD,2.6
ALLIANZ GLOBAL INV US EQUITY A USD INC NAV USD,GLOBAL,Allianz Global Investors Fund - Allianz US Equity Fund A USD,LU0256863811:USD,2.6
ALLIANZ GLOBAL SUSTAINABILITY AM H2 INC USD,GLOBAL,Allianz Global Investors Fund - Allianz Global Sustainability AM H2 USD,LU2089283258:USD,2.3
ALLSPRING WORLDWIDE GLOBAL EQUITY ENHANCED INCOME A ACC USD,GLOBAL,Allspring (Lux) Worldwide Fund - Global Equity Enhanced Income Fund Class A USD Acc,LU3076206690:USD,3.1
ALQUITY GLOBAL IMPACT R ACC USD,GLOBAL,Alquity SICAV - Alquity Global Impact Fund USD R Class,LU1730018279:USD,2.7
AMERICAN AIRLINES COM USD1 USD,AMERICAN,,,
AMERICAN BITCOIN CORP NPV USD,AMERICAN,,,
AMERICAS GOLD AND SILVER CORPORATION USD,AMERICAN,,,
AMUNDI BD GLOBAL AGG AUC 3D USD,GLOBAL,,,
AMUNDI FUNDS POLEN CAPITAL GLOBAL GROWTH I2 ACC USD,GLOBAL,Amundi Funds - Polen Capital Global Growth A2 USD (C),LU1691799644:USD,2.3
APPLE 3.35 % NOTES 2022 08.08.32 GLOBAL USD,GLOBAL,,,
ARBROOK G10 AMERICAN EQUITIES A1 USD ACC USD,AMERICAN,,,
ARTEMIS SMARTGARP GLOBAL EMERGING MARKETS EQUITY I ACC USD,GLOBAL,Artemis Funds (Lux) - SmartGARP Global Emerging Markets Ex China Equity I USD ACC,LU3248622857:USD,3.1
ARTISAN GLOBAL OPPORTUNITIES FUND A ACC USD,GLOBAL,,,
ARTISAN PTNRS GBL GLOBAL OPPORTUNITIES I USD,GLOBAL,,,
AXA WORLD FUND GLOBAL REAL ESTATE A USD ACC USD,GLOBAL,AXA World Funds - Global Real Estate A Capitalisation USD,LU0266012318:USD,2.7
BAILLIE GIFFORD WO GLOBAL ALPHA B ACC USD,GLOBAL,,,
BAILLIE GIFFORD WO LONG TERM GLOBAL GROWTH B ACC USD,GLOBAL,,,
BANK OF AMERICA 5.015% 2022-22.07.33 USD,AMERICAN,,,
BANK OF AMERICA NOTES 2023-15.09.29 USD,AMERICAN,,,
BARCLAYS MULTI-MGR GLOBALACCESS EMG MKT EQTY M USD,GLOBAL,,,
BARING GLOBAL AGRIC USD ACC NAV USD,GLOBAL,,,
BARING GLOBAL EMG MKTS A USD ACC NAV USD,GLOBAL,,,
BARING GLOBAL RESOURCES A USD DIS USD,GLOBAL,Barings Global Umbrella Fund - Barings Global Resources Fund Class A USD Inc,IE0000931182:USD,2.2
BARING INTL (IRE) GLOBAL EMG MARK USD,GLOBAL,,,
BARING LATIN AMERICA A USD DIS USD,AMERICAN,Barings Emerging Markets Umbrella Fund - Barings Latin America Fund Class A USD Inc,IE0000828933:USD,2.2
BARINGS GLOBAL LEADERS FUND CLASS A USD INC USD,GLOBAL,Barings Global Umbrella Fund - Barings Global Leaders Fund Class A USD Inc,IE0030016244:USD,2.7
BBVA 11.00% P.A. GLOBAL RECOVERY SAFE HAVEN MEMORY AUTOCALL USD,GLOBAL,,,
BBVA BOLT GLOBAL RECOVERY NOTE USD,GLOBAL,,,
BBVA BOLT MARKETS 7.00% P.A. GLOBAL RECOVERY INCOME MEMORY AUTOCALL USD,GLOBAL,,,
BBVA IDAD GLOBAL BANKS DEFENSIVE AUTOCALL JULY 2022 USD,GLOBAL,,,
BBVA IDAD GLOBAL MARKETS CLASSIC AUTOCALL JULY 2021 USD USD,GLOBAL,,,
BBVA KYTE GLOBAL MARKETS QTLY PHOENIX AC WITH MEM USD USD,GLOBAL,,,
BK OF AMERICA CORP COM USD0.01 USD,AMERICAN,,,
BLACKROCK (LUX) SA BGF GLOBAL INFL L A2 USD,GLOBAL,BlackRock Global Funds - Global Inflation Linked Bond Fund A2 USD,LU0425308086:USD,1.7
BLACKROCK (LUX) SA FIXED INCOME GLOBAL OPP A2 USD USD,GLOBAL,BlackRock Global Funds - Fixed Income Global Opportunities Fund A2,LU0278466700:USD,2.05
BLACKROCK (LUX) SA FIXED INCOME GLOBAL OPPS D5 USD,GLOBAL,,,
BLACKROCK (LUX) SA GLOBAL ALLOCATION A2 USD ACC USD,GLOBAL,BlackRock Global Funds - Global Allocation Fund A2,LU0072462426:USD,2.3
BLACKROCK (LUX) SA GLOBAL EVENT DRIVEN D2 USD ACC USD,GLOBAL,BlackRock Strategic Funds - Global Event Driven Fund D2 USD,LU1251621188:USD,2.3
BLACKROCK (LUX) SA GLOBAL GOVERNMENT BD A2 USD USD,GLOBAL,,,
BLACKROCK (LUX) SA GLOBAL JAPAN FLXB EQUITY HGD A2 USD,GLOBAL,,,
BLACKROCK (LUX) SA Global Long-Horizon Equity Fund A USD USD,GLOBAL,BlackRock Global Funds - Global Long-Horizon Equity Fund A2,LU0011850046:USD,2.3
BLACKROCK (LUX) SA GLOBAL MULTI-ASSET INCOME A2 USD ACC USD,GLOBAL,BlackRock Global Funds - Asian Multi-Asset Income Fund A2,LU1323998911:USD,2.3
BLACKROCK (LUX) SA GLOBAL SUSTAINABLE ENERGY A2 USD ACC USD,GLOBAL,BlackRock Global Funds - Sustainable Energy Fund A2,LU0124384867:USD,2.3
BLACKROCK (LUX) SA LATIN AMERICAN A2 USD USD,AMERICAN,BlackRock Global Funds - Latin American Fund A2,LU0072463663:USD,2.3
BLACKROCK (LUXEMBOURG) S.A. FIXED INCOME GLOBAL OPPORTUNITIES A5 USD,GLOBAL,BlackRock Global Funds - Fixed Income Global Opportunities Fund A5 SGD Hedged,LU0280468637:SGD,1.286
BLACKROCK GF SYSTEMATIC GLOBAL EQUITY HIGH INCOME FUND D6 INC USD,GLOBAL,,,
BLACKROCK GLOBAL (BGF) ESG MULTI ASSET D2 HGD ACC USD,GLOBAL,,,
BLACKROCK GLOBAL ALLOCATION FUND D10 INC USD,GLOBAL,BlackRock Global Funds - Global Allocation Fund D10,LU2943721485:USD,2.3
BLACKROCK GLOBAL DYNAMIC HIGH INCOME FUND D6 USD,GLOBAL,BlackRock Global Funds - Dynamic High Income Fund D6,LU1564329388:USD,2.3
BLACKROCK GLOBAL FUNDS CHINA A2 USD USD,GLOBAL,BlackRock Global Funds - China Fund A2,LU0359201612:USD,2.3
BLACKROCK GLOBAL FUNDS FINTECH A2 ACC USD,GLOBAL,BlackRock Global Funds - FinTech Fund A2,LU1861217088:USD,2.3
BLACKROCK GLOBAL FUNDS SICAV - ASIAN DRAGON FUND D2 ACC USD,GLOBAL,BlackRock Global Funds - Asian Dragon Fund D2,LU0411709560:USD,2.3
BLACKROCK GLOBAL UNCONSTRAINED EQUITY D ACC USD,GLOBAL,BlackRock Global Funds - Global Unconstrained Equity Fund X2 USD Accumulation,LU2720917223:USD,2.7
BLACKROCK SYSTEMATIC GLOBAL EQUITY HIGH INCOME A6 INC USD,GLOBAL,BlackRock Global Funds - Systematic Global Equity High Income Fund A6,LU1116320737:USD,2.3
BLACKROCK SYSTEMATIC GLOBAL SMALLCAP D2 ACC USD,GLOBAL,BlackRock Global Funds - Systematic Global SmallCap Fund D2,LU0724617971:USD,2.3
BLACKROCK SYSTEMATIC GLOBAL SMALLCAP FUND A2 ACC USD,GLOBAL,BlackRock Global Funds - Systematic Global SmallCap Fund A2,LU0054578231:USD,2.3
BLUEBAY GLOBAL SOVEREIGN OPPORTUNITIES C ACC USD,GLOBAL,BlueBay Funds - BlueBay Global Sovereign Opportunities Fund C - USD,LU1480175907:USD,2.7
BLUEBOX GLOBAL TECHNOLOGY FUND A ACC USD,GLOBAL,BlueBox Funds - BlueBox Global Technology Fund Class A USD Acc,LU1793345262:USD,3.1
BLUEBOX GLOBAL TECHNOLOGY FUND CLASS C ACC USD,GLOBAL,BlueBox Funds - BlueBox Global Technology Fund Class C Acc,LU2092176275:USD,3.1
BNP PARIBAS FUNDS GLOBAL CONVERTIBLE CLASSIC CAPITALISATION USD,GLOBAL,BNP Paribas Funds Global Convertible Classic Capitalisation,LU0823394779:USD,2.3
BNP PARIBAS SHS SPONSORED AMERICAN DEPOSITARY RECEIPT REPR 1/2 SH USD,AMERICAN,,,
BNY MELLON GLB FDS GLOBAL BD A USD USD,GLOBAL,,,
BNY MELLON GLOBAL EQUITY INCOME USD A USD,GLOBAL,BNY Mellon Global Equity Fund Sterling Income,GB0006779986:GBP,1.5
BNY MELLON GLOBAL INFRASTRUCTURE INCOME FUND W ACC USD,GLOBAL,,,
BNY MELLON GLOBAL LEADERS FUND B ACC USD,GLOBAL,,,
BNY MELLON GLOBAL REAL RETURN FUND C CLASS ACC USD,GLOBAL,,,
BNY MELLON GLOBAL REAL RETURN USD A USD,GLOBAL,,,
BOWMOOR GLOBAL ALPHA FUND PC D USD,GLOBAL,,,
BOWMOOR GLOBAL ALPHA PC PTG I USD ACC USD,GLOBAL,,,
BOWMOOR GLOBAL ALPHA PC PTG K USD ACC USD,GLOBAL,,,
BROWN ADVISORY FDS GLOBAL LEADERS B USD USD,GLOBAL,,,
BROWN ADVISORY FDS GLOBAL LEADERS C USD USD,GLOBAL,,,
BUNGE GLOBAL LTD USD,GLOBAL,,,
CAM GLOBAL EQUITY FEEDER FUND R ACC USD,GLOBAL,,,
CAM GLOBAL GREATS FUND CLASS R ACC USD,GLOBAL,,,
CAM GLOBAL GROWTH FUND CLASS R ACC USD,GLOBAL,,,
CAM GLOBAL HIGH EQUITY FUND CLASS R ACC USD,GLOBAL,,,
CANACCORD GEN INV SELECT GLOBAL DIVERSITY R USD ACC USD,GLOBAL,,,
CANACCORD GENUITY CGWM SELECT GLOBAL OPP ACC USD USD,GLOBAL,,,
CAPITAL CITIGROUP GLOBAL MARKETS FUNDING MEMORY COUPON USD,GLOBAL,,,
CAPITAL INTERNATIONAL - CAPITAL GROUP NEW WORLD FUND Z USD,INTERNATIONAL,,,
CAPITAL INTL MGMNT INV CO OF AMERICA LUX Z USD,AMERICAN,,,
CARRIER GLOBAL COR COM USD0.01 WI USD,GLOBAL,,,
CAUSEWAY BBVA GLOBAL QUAD INCOME USD,GLOBAL,,,
CAUSEWAY BBVA GLOBAL QUAD PHOENIX NOTE 2 USD,GLOBAL,,,
CAUSEWAY BNP PARIBAS GLOBAL INCOME LOCK IN NOTE 3 USD,GLOBAL,,,
CAUSEWAY BNP PARIBAS GLOBAL INCOME LOCK IN NOTE 4 USD,GLOBAL,,,
CAUSEWAY BNP PARIBAS GLOBAL INCOME LOCK IN NOTE 7 USD,GLOBAL,,,
CAUSEWAY BNP PARIBAS GLOBAL INCOME LOCK IN NOTE 8 USD,GLOBAL,,,
CAUSEWAY BNP PARIBAS GLOBAL INCOME LOCK IN NOTE 9 USD,GLOBAL,,,
CAUSEWAY BNP PARIBAS GLOBAL INCOME LOCK IN NOTE USD,GLOBAL,,,
CAUSEWAY MORGAN STANLEY GLOBAL MARKETS INCOME NOTE USD,GLOBAL,,,
CAUSEWAY NATIXIS GLOBAL MARKETS INCOME AUTOCALL NOTE USD,GLOBAL,,,
CELERITY GLOBAL BALANCED FUND IC A ACC USD,GLOBAL,,,
CITRINE GLOBAL MULTI-ASSET A ACC USD,GLOBAL,,,
COINBASE GLOBAL INC USD,GLOBAL,,,
COMMERZBANK GLOBAL INDEX INCOME BUILDER 70-70 NOV 18 USD,GLOBAL,,,
CS INVEST FUNDS 2 CS GLOBAL BI IN ACC USD,GLOBAL,,,
CT AMERICAN SELECT 1U USD ACC USD,AMERICAN,CT (Lux) - American Select Class 1U (USD Accumulation),LU1868841674:USD,2.7
CT AMERICAN SELECT AU USD ACC USD,AMERICAN,CT (Lux) - American Select Class AU (USD Accumulation Shares),LU0112528004:USD,2.7
CT GLOBAL FOCUS AU USD USD,GLOBAL,CT (Lux) - Global Focus Class AU (USD Accumulation Shares),LU0061474960:USD,2.3
CT MGMT AMERICAN 3U USD ACC USD,AMERICAN,,,
CTF GLOBAL EQUITY AUTOCALL 14 USD USD,GLOBAL,,,
CTMGMT LUX AMERICAN AU USD ACC USD,AMERICAN,,,
CURATE GLOBAL SUSTAINABLE EQUITY FUND A USD ACC USD,GLOBAL,Curate Global Sustainable Equity Fund A USD Acc,LU2000525019:USD,3.1
CURATE GLOBAL SUSTAINABLE EQUITY FUND B USD ACC USD,GLOBAL,Curate Global Sustainable Equity Fund B USD Acc,LU2000525100:USD,3.1
DELL INTERNATIONAL LLC USD,INTERNATIONAL,,,
DIMENSIONAL GLOBAL CORE EQUITY USD ACC USD,GLOBAL,,,
DIMENSIONAL GLOBAL SHORT FIXED INCOME USD ACC USD,GLOBAL,Dimensional Global Short Fixed Income Fund USD Accumulation,IE0030982627:USD,2.7
DIMENSIONAL GLOBAL SUSTAINABILITY FIXED INCOME ACC USD,GLOBAL,,,
DIMENSIONAL GLOBAL SUSTAINABILITY TARGETED VALUE FUND ACC USD,GLOBAL,,,
DIMENSIONAL GLOBAL TARGETED VALUE FUND USD ACC USD,GLOBAL,,,
DIMENSIONAL GLOBAL ULTRA SHORT FIXED INCOME FUND ACC USD USD,GLOBAL,,,
DODGE & COX WORLDW GLOBAL STOCK USD ACC USD,GLOBAL,,,
DODGE & COX WORLDWIDE GLOBAL USD ACC USD,GLOBAL,,,
DVAM GLOBAL EQUITY FOCUS STRATEGY PCP USD A1 ACC USD,GLOBAL,,,
DVAM GLOBAL EQUITY FOCUS STRATEGY PCP USD B1 ACC USD,GLOBAL,,,
DVAM GLOBAL EQUITY FOCUS STRATEGY PCP USD D1 ACC USD,GLOBAL,,,
DVAM GLOBAL EQUITY FOCUS STRATEGY PCP USD E1 ACC USD,GLOBAL,,,
DVAM GLOBAL EQUITY INCOME USD A2 INC USD,GLOBAL,,,
DVAM GLOBAL EQUITY INCOME USD B2 INC USD,GLOBAL,,,
DVAM GLOBAL EQUITY INCOME USD D2 DIS USD,GLOBAL,,,
DVAM GLOBAL EQUITY INCOME USD E2 INC USD,GLOBAL,,,
EUROPEAN INVESTMENT BANK EIB 4.625 % NOTES 2025 12.02.35 GLOBAL USD,GLOBAL,,,
EVELYN GLOBAL BALANCED DIRECT FUND K USD ACC USD,GLOBAL,,,
EVELYN GLOBAL BALANCED PORTFOLIO A USD ACC USD,GLOBAL,,,
EVELYN GLOBAL BALANCED PORTFOLIO RETAIL USD ACC USD,GLOBAL,,,
EVELYN GLOBAL DEFENSIVE PORTFOLIO RETAIL USD ACC USD,GLOBAL,,,
EVELYN GLOBAL INCOME PORTFOLIO RETAIL USD ACC USD,GLOBAL,,,
EVOLUTION SHS UNSPONSORED AMERICAN DEPOSITARY RECEIPT REPR 1 SH USD,AMERICAN,,,
FED HERMES GLOBAL EMERGING MARKETS EX CHINA EQUITY FUND CLASS M ACC USD,GLOBAL,,,
FEDERATED HERMES GLOBAL EMERGING MARKETS EQUITY FUND F USD ACCUMULATING USD,GLOBAL,,,
FF GLOBAL DEMOGRAPHICS FUND A ACC USD,GLOBAL,FF - Global Demographics Fund A-Acc-USD,LU0528227936:USD,3.1
FF GLOBAL DIVIDEND PLUS FUND A ACC USD,GLOBAL,FF - Global Dividend Plus Fund A-Acc-USD,LU2242646235:USD,3.1
FF GLOBAL HEALTHCARE FUND A ACC USD,GLOBAL,,,
FIDELITY FDS AMERICA A ACC USD USD,AMERICAN,,,
FIDELITY FUNDS - INTERNATIONAL FUND A USD USD,INTERNATIONAL,Fidelity Funds - Global Thematic Opportunities Fund A-Acc-SGD,LU1261432493:SGD,1.4
FIDELITY FUNDS FID AMERICA A DIS USD USD,AMERICAN,Fidelity Funds - America Fund A-DIST,LU0048573561:USD,2.325
FIDELITY FUNDS GLOBAL DIVIDEND EQUITY FUND A ACC USD,GLOBAL,,,
FIDELITY FUNDS GLOBAL DIVIDEND EQUITY FUND A INC USD,GLOBAL,,,
FIDELITY FUNDS GLOBAL DIVIDEND EQUITY FUND Y ACC USD,GLOBAL,,,
FIDELITY FUNDS GLOBAL FOCUS A USD DIS USD,GLOBAL,Fidelity Funds - Global Focus Fund A-DIST-USD,LU0157215616:USD,2.7
FIDELITY FUNDS GLOBAL INCOME FUND A ACC USD,GLOBAL,Fidelity Funds - Global Multi Asset Income Fund A-Acc-USD,LU0905233846:USD,3.1
FIDELITY FUNDS GLOBAL MULTI ASSET INCOME FUND Y ACC USD,GLOBAL,Fidelity Funds - Global Multi Asset Growth & Income Fund Y-Acc-USD,LU0346392300:USD,3.1
FIDELITY FUNDS GLOBAL SHORT DURATION INCOME FUND A ACC USD,GLOBAL,Fidelity Funds - Global Short Duration Income Fund A-Acc-USD,LU0390710027:USD,3.1
FIDELITY FUNDS LATIN AMERICA A USD DIS NAV USD,AMERICAN,Fidelity Funds - Latin America Fund A-DIST-USD,LU0050427557:USD,2.7
FIDELITY FUNDS SUSTAINABLE GLOBAL DIVIDEND PLUS FUND Y ACC USD,GLOBAL,,,
FIDELITY GLOBAL HEALTH CARE FUND Y ACC USD,GLOBAL,,,
FIDELITY GLOBAL INC A MINCOME(G) DIS USD,GLOBAL,Fidelity Funds - Global Dividend Fund A-MINCOME(G)-USD,LU0731783048:USD,2.7
FIDELITY GLOBAL INCOME Y MINCOME INC USD,GLOBAL,Fidelity Funds - Global Multi Asset Income Fund Y-MINCOME(G)-USD,LU1622746433:USD,2.325
Fidelity Global Multi Asset Growth & Income Fund A USD USD,GLOBAL,Fidelity Funds - Global Multi Asset Growth & Income Fund A-USD,LU0267386521:USD,2.7
FIDELITY GLOBAL TECHNOLOGY A USD ACC USD,GLOBAL,Fidelity Funds - Global Technology Fund A-Acc-USD,LU1046421795:USD,3.1
FIDELITY INTERNATIONAL BD A ACC \$ USD,INTERNATIONAL,,,
FIDELITY LUX GLOBAL FINL SVCS A INC USD,GLOBAL,,,
FIL INV MGMT LUX GLOBAL TECHNOLOGY Y USD ACC USD,GLOBAL,,,
FINCREST GLOBAL EQUITY FUND CLASS A USD,GLOBAL,,,
FIRST EAGLE AMUNDI INTERNATIONAL AU USD ACC USD,INTERNATIONAL,First Eagle Amundi International Fund Class AU-C Shares,LU0068578508:USD,2.3
FIRST STATE GLOBAL STEWART INV GLOBAL EMERGING MARKET LEADERS I ACC USD USD,GLOBAL,,,
FIRST STATE GLOBAL UM LISTD INFRASTRUCT I USD DIST USD,GLOBAL,,,
FRANKLIN TEMP GLOBAL BAL A ACC USD USD,GLOBAL,,,
FRANKLIN TEMP GLOBAL HI YLD MDIS \$ USD,GLOBAL,,,
FRANKLIN TEMP GLOBAL INC A ACC USD USD,GLOBAL,,,
FRANKLIN TEMPL GLOBAL FOCUS FD A DIS USD,GLOBAL,,,
FRANKLIN TEMPLETON FRANKLIN MUT GLOBAL DVRY A CAP USD,GLOBAL,,,
FRANKLIN TEMPLETON GLOBAL FOCUS A ACC USD,GLOBAL,,,
FRANKLIN TEMPLETON GLOBAL TOTAL RETURN A MDIS USD USD,GLOBAL,,,
FRANKLIN TEMPLETON GLOBAL TOTAL RETURN FUN A ACC USD USD,GLOBAL,,,
FRANKLIN TEMPLETON LATIN AMERICA A ACC USD,AMERICAN,,,
FTGF GBL BRANDYWNE GLOBAL FIXED INCOME A USD ACC USD,GLOBAL,,,
FTGF GBL W/A GLOBAL HIGH YIELD A USD ACC USD,GLOBAL,,,
GAM STAR GLOBAL BALANCED A USD ACC USD,GLOBAL,,,
GAM STAR GLOBAL BALANCED ACC USD USD,GLOBAL,,,
GAM STAR GLOBAL BALANCED C USD ACC USD,GLOBAL,,,
GAM STAR GLOBAL BALANCED F USD ACC USD,GLOBAL,,,
GAM STAR GLOBAL BALANCED INSTL ACC USD,GLOBAL,,,
GAM STAR GLOBAL BALANCED T USD USD,GLOBAL,,,
GAM STAR GLOBAL BALANCED U USD ACC USD,GLOBAL,,,
GLOBAL PAYMENTS 5.95 % NOTES 2022-15.08.52 USD,GLOBAL,,,
GLOBAL X FDS GBL X FTSE ARGENT USD USD,GLOBAL,,,
GLOBAL X FDS GBL X ROBOTICS & ARTIFICIAL USD,GLOBAL,,,
GOLDMAN SACHS GLOBAL CORE EQUITY PORTFOLIO ACC USD,GLOBAL,Goldman Sachs Global CORE Equity Portfolio R Acc USD Close,LU3029563320:USD,2.7
GOLDMAN SACHS GLOBAL EMERGING MRKTS DEBT HRD CCY CLASS P CAP US\$ USD,GLOBAL,,,
GOLDMAN SACHS GLOBAL SENIOR LOANS R HEDGED INC USD,GLOBAL,Goldman Sachs Global Senior Loans (Lux) - G Cap USD (hedged i),LU0428438575:USD,1.5
GOLDMAN SACHS GLOBAL US HIGH DIVIDEND CLASS P AC USD USD,GLOBAL,,,
GQG PARTNERS GLOBAL EQUITY I ACC USD,GLOBAL,,,
GS GLOBAL CORE EQUITY BASE ACCUMULATION SNAP USD ACC SNAP USD,GLOBAL,,,
GUINNESS AM GLOBAL ENERGY C USD INC NAV USD,GLOBAL,,,
GUINNESS AM GLOBAL ENERGY D USD INC NAV USD,GLOBAL,,,
GUINNESS AM GLOBAL EQUITY INCOME C USD,GLOBAL,,,
GUINNESS AM GLOBAL EQUITY INCOME Y USD,GLOBAL,,,
GUINNESS AM GLOBAL INNOVATORS C ACC USD,GLOBAL,,,
GUINNESS AM GLOBAL INNOVATORS Y ACC USD,GLOBAL,,,
GUINNESS GAM GLOBAL EQUITY INCOME INC D USD,GLOBAL,,,
GUINNESS GLOBAL ENERGY Y INC USD,GLOBAL,,,
GUINNESS GLOBAL EQUITY INCOME FUND C USD USD,GLOBAL,,,
GUINNESS GLOBAL MONEY MANAGERS C ACC USD,GLOBAL,,,
GUINNESS GLOBAL QUALITY MID CAP C ACC USD,GLOBAL,,,
HEPTAGON FUND KOPERNIK GLOBAL All-CAP EQUITY FUND ACC A USD,GLOBAL,,,
HEPTAGON FUND WCM GLOBAL EQTY A ACC USD,GLOBAL,,,
HSBC GLOBAL FUNDS ICAV US EQUITY INDEX BC ACC USD,GLOBAL,,,
HSBC GLOBAL INDIA FIX INC ACC USD USD,GLOBAL,HSBC Global Investment Funds - India Fixed Income EC,LU0780248018:USD,1.925
HSBC HLDGS 6.8 % NOTES 2022-01.06.38 GLOBAL USD,GLOBAL,,,
HSBC HOLDINGS PLC 7.35 % NOTES 2022-27.11.32 GLOBAL USD,GLOBAL,,,
HSBC INV FD LUX SA GLOBAL EMG MKTS EQUITY A USD,GLOBAL,,,
HSBC INV FD LUX SA GLOBAL EQUITY CLIMATE SOLUTIONS A INC USD,GLOBAL,,,
IDAD NATIX GLOBAL MARKETS DEFENSIVE AUTOCALL USD,GLOBAL,,,
IDAD NATIXIS GLOBAL INDICES AC JULY 2026 USD,GLOBAL,,,
IDAD NATIXIS GLOBAL MARKETS DEFENSIVE AC APRIL 2026 USD,GLOBAL,,,
IDAD NATIXIS GLOBAL MARKETS DEFENSIVE AC DEC 2025 USD,GLOBAL,,,
IDAD NATIXIS GLOBAL MARKETS DEFENSIVE AUTOCALL JANUARY 2026 USD USD,GLOBAL,,,
IDAD NATIXIS GLOBAL MARKETS DEFENSIVE AUTOCALL MARCH 2026 USD,GLOBAL,,,
IDAD NATIXIS GLOBAL MARKETS DEFENSIVE AUTOCALL USD,GLOBAL,,,
IDAD NATIXIS GLOBAL MARKETS MEMORY INCOME AUTOCALL OCTOBER 2025 USD,GLOBAL,,,
IFSL ARBION GLOBAL OPPORTUNITIES USD ACC USD,GLOBAL,,,
IIF GLOBAL EQUITY B ACC USD,GLOBAL,,,
IIF GLOBAL EQUITY FUND CLASS A USD USD,GLOBAL,,,
INTERNATIONAL SEAWAYS INC NPV USD,INTERNATIONAL,,,
INVESCO GLOBAL CONSUMER TRENDS A USD USD,GLOBAL,Invesco Funds - Invesco Global Consumer Trends Fund A Accumulation USD,LU0052864419:USD,2.7
INVESCO GLOBAL CONSUMER TRENDS C USD USD,GLOBAL,Invesco Funds - Invesco Global Consumer Trends Fund C Accumulation USD,LU0100598878:USD,2.7
INVESCO GLOBAL EQUITY FUND C (USD)-ANNUAL DISTRIBUTION USD,GLOBAL,Invesco Funds - Invesco Sustainable Global Systematic Equity Fund C Annual Distribution USD,LU0267985157:USD,3.1
INVESCO GLOBAL HEALTH CARE INNOVATION A USD USD,GLOBAL,Invesco Funds - Invesco Global Health Care Innovation Fund A-Annual Distribution Shares USD,LU1775982595:USD,2.7
INVESCO GLOBAL HEALTH CARE INNOVATION FUND C AD USD,GLOBAL,Invesco Funds - Invesco Global Health Care Innovation Fund C-AD Shares,LU1775952176:USD,2.7
INVESCO GLOBAL INCOME A INC USD,GLOBAL,Invesco Funds - Invesco Global Income Fund A (USD Hedged) Quarterly Distribution-Gross Income USD,LU1097689100:USD,2.7
INVESCO MANAGEMENT GLOBAL EQUITY INCOME A USD ACC NAV USD,GLOBAL,,,
INVESCO MANAGEMENT GLOBAL SMALL CAP EQUITY A USD,GLOBAL,,,
INVESCO SUSTAINABLE GLOBAL INCOME C HEDGED ACC USD,GLOBAL,,,
ISHARES GLOBAL HIGH YIELD CORP BD UCITS USD ACC USD,GLOBAL,,,
ISHARES II PLC GLOBAL SUSTAINABI UCITS USD,GLOBAL,,,
iShares Macquarie Global Infra USD,GLOBAL,,,
ISHARES MSCI EM LATIN AMERICA USD,AMERICAN,,,
ISHARES S&P GLOBAL TIMBER & FORESTRY USD,GLOBAL,,,
iShares S&P Global Water USD,GLOBAL,,,
ISHARES VI PLC GLOBAL AAA-AA GOV BND UCITS USD,GLOBAL,,,
J O HAMBRO CAP GLOBAL OPPS A USD INC NAV USD,GLOBAL,,,
JANUS HENDERSON GLOBAL EQUITY FUND R\$ ACC A2 USD USD,GLOBAL,Janus Henderson Capital Funds plc - Global Real Estate Equity Income Fund Class A2 USD,IE0033534557:USD,2.05
JANUS HENDERSON GLOBAL LIFE SCIENCE A ACC USD,GLOBAL,Janus Henderson Capital Funds plc - Global Life Sciences Fund Class B2 USD,IE0002128837:USD,2.0
JANUS HENDERSON GLOBAL REAL ESTATE A3Q USD USD,GLOBAL,Janus Henderson Capital Funds plc - Global Real Estate Equity Income Fund Class A3q USD,IE0033534441:USD,2.3
JANUS HENDERSON GLOBAL TECHNOLOGY AND INNOVATION FUND H2 USD ACC USD,GLOBAL,,,
JANUS HENDERSON HORIZON GLOBAL PROPERTY EQUITIES FUND A2 USD USD,GLOBAL,Janus Henderson Horizon Global Property Equities Fund A2 USD,LU0209137388:USD,2.3
JANUS HENDERSON HORIZON GLOBAL PROPERTY EQUITIES FUND A3Q USD USD,GLOBAL,Janus Henderson Horizon Global Property Equities Fund A3q USD,LU0209137206:USD,2.3
JANUS HENDERSON HORIZON GLOBAL PROPERTY EQUITIES FUND I2 USD USD,GLOBAL,Janus Henderson Horizon Global Property Equities Fund G2 USD,LU0973119513:USD,2.3
JANUS HENDERSON HORIZON GLOBAL TECHNOLOGY LEADERS FUND A1 USD USD,GLOBAL,Janus Henderson Horizon Global Technology Leaders Fund A1 USD,LU0209158467:USD,2.3
JANUS HENDERSON HORIZON GLOBAL TECHNOLOGY LEADERS FUND A2 USD USD,GLOBAL,Janus Henderson Horizon Global Technology Leaders Fund A2 USD,LU0070992663:USD,2.3
JANUS HENDERSON HORIZON GLOBAL TECHNOLOGY LEADERS FUND H2 USD USD,GLOBAL,Janus Henderson Horizon Global Technology Leaders Fund H2 USD,LU0828813369:USD,2.3
JP MORGAN GLOBAL SOCIALLY RESPONSIBLE A ACC USD,GLOBAL,,,
JPM IF GLOBAL DIVIDEND C ACC USD,GLOBAL,,,
JPMF A JPMF AMERICA EQUITY A USD USD,AMERICAN,,,
JPMF AM GLOBAL EQUITY A DIST USD USD,GLOBAL,,,
JPMORGAN AMERICA EQUITY A USD USD,AMERICAN,JPMorgan Funds - America Equity Fund A (dist) USD,LU0053666078:USD,2.7
JPMORGAN ASSET MGM AMERICA EQUITY C USD ACC USD,AMERICAN,,,
JPMORGAN ASSET MGM GLOBAL HEALTHCARE A ACC USD USD,GLOBAL,,,
JPMORGAN ASSET MGM GLOBAL HEALTHCARE C ACC USD USD,GLOBAL,,,
JPMORGAN ASSET MGM GLOBAL NATURAL RESOURCES A USD,GLOBAL,,,
JPMORGAN ASSET MGM LATIN AMERICA EQTY A USD C USD,AMERICAN,,,
JPMORGAN ASSET MGM LATIN AMERICA EQUITY A DIS USD USD,AMERICAN,,,
JPMORGAN GLOBAL GROWTH FUND A USD ACC USD,GLOBAL,JPMorgan Funds - Global Growth Fund A (acc) USD,LU0210533765:USD,3.1
JPMORGAN GLOBAL RESEARCH ENHANCED INDEX EQUITY A ACC USD,GLOBAL,JPMorgan Funds - Global Research Enhanced Index Equity Fund A (acc) USD,LU2402382688:USD,3.1
JPMORGAN IF ASSET MGM GLOBAL BAL HGD A ACC USD USD,GLOBAL,,,
JPMORGAN IF ASSET MGM GLOBAL INCOME HEDGED A USD ACC NAV USD USD,GLOBAL,,,
JPMORGAN IF ASSET MGM GLOBAL MACRO OPPS A HGD USD,GLOBAL,,,
JPMORGAN IF ASSET MGM GLOBAL MACRO OPPS C USD ACC USD,GLOBAL,,,
JPMORGAN IF GLOBAL INCOME C DIS HDG USD,GLOBAL,,,
JSS EMERGINGSAR GLOBAL A DIST USD,GLOBAL,,,
JUPITER GLOBAL FIXED INCOME FUND L USD ACC USD,GLOBAL,Jupiter Global Fixed Income Fund L (USD) Accumulation,IE0031386414:USD,3.1
JUPITER GLOBAL FUND EUROPEAN GTH L ACC USD USD,GLOBAL,,,
JUPITER GLOBAL FUND JUPITER FINANCIAL INNOVATION L USD ACC NAV USD,GLOBAL,,,
JUPITER GLOBAL INDIA SEL L USD USD,GLOBAL,,,
JUPITER MERIAN GLOBAL EQUITY ABSOLUTE RETURN FUND I USD ACC USD,GLOBAL,,,
JUPITER MERIAN GLOBAL EQUITY ABSOLUTE RETURN FUND L USD ACC USD,GLOBAL,,,
Jupiter Merian Global Equity Income Fund (IRL) L USD Inc USD,GLOBAL,,,
JUPITER MERIAN NORTH AMERICAN EQUITY FUND I USD ACC USD,AMERICAN,Jupiter Merian North American Equity Fund (IRL) L USD Acc,IE0031385887:USD,1.9
JUPITER MERIAN NORTH AMERICAN EQUITY FUND L USD ACC USD,AMERICAN,Jupiter Merian North American Equity Fund (IRL) L USD Acc,IE0031385887:USD,3.1
KYTE BBVA 6Y GLOBAL MARKETS QTLY PHOENIX AC WITH MEM USD USD,GLOBAL,,,
KYTE BBVA 6Y GLOBAL MARKETS QUARTERLY PHOENIX AC USD USD,GLOBAL,,,
LAZARD GLOBAL LISTED INFRA EQUITY A ACC USD HEDG USD,GLOBAL,,,
LAZARD GLOBAL LISTED INFRA EQUITY A DST US\$ HDG USD,GLOBAL,,,
LAZARD GLOBAL LISTED INFRASTRUCTURE EQUITY FUND A ACC USD,GLOBAL,,,
LEVERAGE VANILLA GLOBAL BALANCED INVESTMENT ETP USD,GLOBAL,,,
LIBERTY GLOBAL LTD USD,GLOBAL,,,
LINDSELL TRAIN LTD GLOBAL EQUITY C USD,GLOBAL,Lindsell Train Global Funds plc - Lindsell Train Japanese Equity Fund A Yen Acc,IE0004384180:JPY,0.7
LIONTRUST GF SUSTAINABLE FUTURE GLOBAL GROWTH FUND B5 ACC USD USD,GLOBAL,,,
LITHIUM AMERICAS CORP USD,AMERICAN,,,
M&G (LUX) GLOBAL TARGET RETURN FUND C H ACC USD,GLOBAL,M&G (Lux) Global Target Return Fund USD C-H Acc,LU1531595301:USD,3.1
M&G INVESTMENT MAN GLOBAL THEMES A USD ACC USD,GLOBAL,,,
M&G SECURITIES GLOBAL DIVIDEND A ACC USD,GLOBAL,,,
MAN GLOBAL INVESTMENT GRADE OPPORTUNITIES I ACC USD,GLOBAL,,,
MARIANA BBVA GLOBAL MARKETS MEMORY INCOME GENERATOR 8560 USD,GLOBAL,,,
MARIANA GLOBAL GROWTH KICK OUT NOTE V2 USD,GLOBAL,,,
MARIANA GLOBAL MARKETS AUTOCALL NOTE USD,GLOBAL,,,
MARIANA INVESTEC GLOBAL INDEX INCOME BUILDER 65 USD,GLOBAL,,,
MARKET SEC BBVA 6Y 6% GLOBAL MARKETS QUARTERLY PHOENIX AUTO USD USD,GLOBAL,,,
MARKET SEC BBVA 6Y GLOBAL MARKETS QUARTERLY PHOENIX USD,GLOBAL,,,
MARKET SEC BNP GLOBAL MARKETS AC USD USD,GLOBAL,,,
MFS MERIDIAN FUNDS GLOBAL TOTAL RETURN A1 USD CAP USD,GLOBAL,,,
MGTS PROGENY PROFOLIO GLOBAL 30-50% SHARES FUND ACC USD,GLOBAL,,,
MOBILITY GLOBAL INC USD,GLOBAL,,,
MOMENTUM GF HARMONY GLOBAL EQUITY FUND A ACC USD,GLOBAL,,,
MOMENTUM GLOBAL GROWTH FUND CLASS A USD,GLOBAL,Momentum Global Funds Harmony Asian Growth Fund A,LU0651983982:USD,2.7
MONTLAKE ORIEL LATITUDE GLOBAL FUNDS I USD ACC USD,GLOBAL,,,
MONTLAKE UCITS PLATFORM ICAV - QUILTER CHEVIOT INTERNATIONAL EQUITY FUND A USD ACCUMULATION USD,INTERNATIONAL,,,
MONTLAKE UCITS PLATFORM ICAV - QUILTER CHEVIOT INTERNATIONAL GROWTH FUND A USD ACCUMULATION USD,INTERNATIONAL,,,
MORGAN STANLEY GLOBAL ADVANTAGE A EUR ACC NAV USD,GLOBAL,,,
MORGAN STANLEY GLOBAL ADVANTAGE FUND Z ACC USD,GLOBAL,,,
MORGAN STANLEY GLOBAL BRANDS C USD,GLOBAL,Morgan Stanley Investment Funds - Global Brands Fund C,LU0176160306:USD,2.7
MORGAN STANLEY IF GLOBAL BRANDS A ACC USD,GLOBAL,,,
MORGAN STANLEY IF GLOBAL BRANDS Z ACC NAV USD,GLOBAL,,,
MORGAN STANLEY IF GLOBAL OPP I ACC NAV USD,GLOBAL,,,
MORGAN STANLEY IF GLOBAL OPPTY FD USD CL A USD,GLOBAL,,,
NATIXIS IDAD GLOBAL MARKETS DEFENSIVE AUTOCALL FEBRUARY 2026 USD,GLOBAL,,,
NATIXIS INTL (LUX) HARRIS ASSOCS GLOBAL EQUITY I ACC USD,GLOBAL,,,
NEUBERGER BERMN II GLOBAL SNR FTG RTE INC I US USD,GLOBAL,,,
NEW CAPITAL GLOBAL VALUE CREDIT FUND USD,GLOBAL,New Capital Global Value Credit Fund USD Ord Acc,IE0033116462:USD,2.3
NEW HORIZON GLOBAL BALANCED FUND C USD ACC USD,GLOBAL,,,
NEW HORIZON GLOBAL BALANCED FUND F USD ACC USD,GLOBAL,,,
NEW HORIZON GLOBAL BALANCED FUND M USD ACC USD,GLOBAL,,,
NEW HORIZON GLOBAL INNOVATION D ACC USD,GLOBAL,,,
NEXT GEN INVT STRA MORNINGSTAR GLOBAL ADVENTUROUS A USD ACC USD,GLOBAL,,,
NEXT GEN INVT STRA MORNINGSTAR GLOBAL BALANCED A USD ACC USD,GLOBAL,,,
NEXT GEN INVT STRA MORNINGSTAR GLOBAL CAUTIOUS A USD ACC USD,GLOBAL,,,
NG MORNINGSTAR GLOBAL DEFENSIV A USD ACC USD,GLOBAL,,,
NG MORNINGSTAR GLOBAL GROWTH A USD ACC USD,GLOBAL,,,
NINETY ONE FD MGRS GLOBAL GOLD A USD ACC USD,GLOBAL,,,
NINETY ONE GLOBAL ENVIROMENT FUND A ACC USD,GLOBAL,,,
NINETY ONE GLOBAL ENVIRONMENTS A USD ACC USD,GLOBAL,,,
NINETY ONE GLOBAL EQUITY A ACC USD USD,GLOBAL,Ninety One Global Strategy Fund - European Equity Fund A Acc USD Hedged (Portfolio - AC),LU1078025761:USD,3.1
NINETY ONE GLOBAL MULTI-ASSET INC A INC-2 USD,GLOBAL,Ninety One Global Strategy Fund - Emerging Markets Multi-Asset Fund A Acc USD,LU0700851271:USD,2.45
NINETY ONE GLOBAL NATURAL RESOURCES C INC USD,GLOBAL,Ninety One Global Strategy Fund - Global Natural Resources Fund C USD Acc,LU1982815224:USD,2.7
NINETY ONE GLOBAL ST GBL MULTI ASSET INC IX INC USD,GLOBAL,,,
NINETY ONE GLOBAL ST GBL MULTI AST INC A USD ACC USD,GLOBAL,,,
NINETY ONE GLOBAL ST GBL MULTI AST INC I USD DIS USD,GLOBAL,,,
NINETY ONE GLOBAL STRATEGY FUND GLOBAL NATURAL RESOURCES FUND I ACC USD,GLOBAL,Ninety One Global Strategy Fund - Global Natural Resources Fund I Acc USD,LU0345781172:USD,3.1
NINETY ONE GSF GLOBAL FRANCHISE A ACC USD,GLOBAL,Ninety One Global Strategy Fund - Asia Pacific Franchise Fund A Acc USD,LU1734074674:USD,2.8
NINETY ONE GSF GLOBAL GOLD A INC GRS USD USD,GLOBAL,,,
NINETY ONE GSF GLOBAL NATURAL RESOURCES A ACC GRS USD USD,GLOBAL,,,
NINETY ONE GSF GLOBAL STRATEGIC EQUITY A GRS USD ACC USD,GLOBAL,,,
NINETY ONE LUX S.A GLOBAL ENVIRONMENT A ACC USD,GLOBAL,Ninety One Global Strategy Fund - Global Environment Fund A Acc USD,LU1939255532:USD,2.8
NINETY ONE PIF GLOBAL MACRO ALLOCATION FUND A ACC USD,GLOBAL,,,
NINETY-ONE GLOBAL ST GBL STRAT EQUITY I ACC USD,GLOBAL,,,
NINETY-ONE GLOBAL ST GLOBAL VALUE EQTY A USD ACC USD,GLOBAL,,,
NINETY-ONE GLOBAL ST UK ALPHA I USD ACC USD,GLOBAL,Ninety One Global Strategy Fund - UK Alpha Fund I Acc USD,LU0641506000:USD,2.85
NINETY-ONE GLOBAL ST US DOLLAR MONEY I USD ACC USD,GLOBAL,Ninety One Global Strategy Fund - US Dollar Money Fund I Acc USD,LU0439319624:USD,2.886
NINETY-ONE GS GLOBAL EQUITY A INC USD,GLOBAL,Ninety One Global Strategy Fund - Global Strategic Equity Fund A Inc USD,LU0345770993:USD,2.4
NOMURA GLOBAL HIGH CONVICTION I USD USD,GLOBAL,,,
NSF SICAV WEALTH DEFENDER GLOBAL EQUITY FUND C USD ACC USD,GLOBAL,NSF SICAV Wealth Defender Glbl Eq C USD,LU2637817243:USD,2.1
NSF WEALTH DEFENDER GLOBAL EQUITY A ACC USD,GLOBAL,NSF SICAV Wealth Defender Global Equity Fund A USD,LU1347437607:USD,2.7
PACIFIC NORTH AMERICAN OPPORTUNITIES R3 USD,AMERICAN,,,
PGIM GLOBAL REAL SEL RE SECURITIES I ACC USD,GLOBAL,,,
PGIM JENNISON GLOBAL EQUITY OPPORTUNITIES I ACC USD,GLOBAL,,,
PICTET FUNDS GLOBAL MEGATREND SEL I USD ACC USD,GLOBAL,,,
PICTET FUNDS GLOBAL MEGATREND SELECTION P ACC USD USD,GLOBAL,,,
PICTET GLOBAL ENVIRONMENTAL OPPORTUNITIES I USD ACC USD,GLOBAL,Pictet - Global Environmental Opportunities I dy USD,LU1901200318:USD,2.7
PICTET-GLOBAL ENVIRONMENTAL OPPORTUNITIES HP ACC USD,GLOBAL,Pictet - Global Environmental Opportunities HP USD,LU0503633330:USD,2.3
PIMCO GIS GLOBAL HIGH YIELD E INC USD USD,GLOBAL,PIMCO GIS Global High Yield Bond Fund Institutional USD Accumulation,IE0002420739:USD,2.3
PIMCO GIS GLOBAL INV GRADE CREDIT INST INC USD USD,GLOBAL,PIMCO GIS Global Investment Grade Credit Fund Institutional USD Accumulation,IE0034085260:USD,1.99
PIMCO GIS GLOBAL INVEST GRADE CREDIT HDGD E ACC USD USD,GLOBAL,,,
PIMCO GIS GLOBAL INVEST GRADE CREDIT INST ACC USD USD,GLOBAL,PIMCO GIS Global Investment Grade Credit Fund Institutional USD Accumulation,IE0034085260:USD,2.39
PIMCO GIS GLOBAL INVESTMENT GRADE CREDIT E USD INC USD,GLOBAL,PIMCO GIS Global Investment Grade Credit Fund Institutional USD Income,IE0033386453:USD,2.3
PIMCO GLOBAL ADVIS DIVSFD INC INST ACC NAV USD,GLOBAL,,,
PIMCO GLOBAL ADVIS GBL REAL RETURN INSTL INC USD,GLOBAL,,,
PIMCO GLOBAL ADVIS LOW DURATION REAL RTN INSTL USD,GLOBAL,,,
PIMCOG GLOBAL ADVIS INCOME PU INC USD,GLOBAL,,,
PINEBRIDGE GLOBAL DYNAMIC ASSET ALLOCATION Y USD ACC USD,GLOBAL,PineBridge Global Dynamic Asset Allocation Fund Y,IE0007357332:USD,2.7
PINEBRIDGE GLOBAL EMERGING MARKETS FOCUS EQUITY Y USD ACC USD,GLOBAL,PineBridge Global Emerging Markets Focus Equity Fund Y,IE0004897173:USD,2.7
POLAR CAPITAL FUND GLOBAL INSURANCE I USD DIS USD,GLOBAL,,,
POLAR CAPITAL FUNDS NORTH AMERICAN I INC USD,AMERICAN,,,
POLAR CAPITAL GLOBAL TECH FD USD,GLOBAL,,,
PROSPER FDS SICAV GLOBAL MACRO I USD,GLOBAL,,,
PZENA GLOBAL EXPANDED VALUE FUND A USD INC USD,GLOBAL,,,
QUILTER INVESTORS GLOBAL EQUITY VALUE FUND ACC USD,GLOBAL,,,
RANMORE GLOBAL EQUITY FUND INST USD ACC USD,GLOBAL,,,
REMITLY GLOBAL INC USD,GLOBAL,,,
ROBECO GLOBAL CONSUMER TRENDS EQUITIES CID USD USD,GLOBAL,,,
ROCQ CAPITAL BBVA 6Y GLOBAL MARKET IDX USD USD,GLOBAL,,,
RUSSELL OLD MUTUAL VALUE GLOBAL EQUITY E ACC USD,GLOBAL,,,
RUSSELL OPENWORLD GLOBAL HIGH DIVIDEND EQUITY I USD,GLOBAL,,,
S&P GLOBAL INC COM USD1 USD,GLOBAL,,,
SANDS CAPITAL FUND GLOBAL GROWTH A USD ACC USD,GLOBAL,,,
SANLAM AI GLOBAL MANAGED RISK BASE A2 ACC USD,GLOBAL,,,
SANLAM AI GLOBAL MANAGED RISK BASE L2 ACC USD,GLOBAL,,,
SANLAM AI GLOBAL MANAGED RISK FUND N ACC USD,GLOBAL,,,
Schroder Int Sel Global Energy A Acc USD,GLOBAL,Schroder International Selection Fund Global Energy A Accumulation USD,LU0256331488:USD,2.5
SCHRODER INT SEL GLOBAL EQUITY A USD ACC USD,GLOBAL,Schroder International Selection Fund Global Equity A Accumulation USD,LU0215105999:USD,2.5
Schroder Int Sel Global Equity Alpha A USD Acc USD,GLOBAL,Schroder International Selection Fund Global Equity Alpha A Accumulation USD,LU0225283273:USD,2.6
SCHRODER INTERNATIONAL SELECTION FUND EMERGING MARKETS DEBT TOTAL RETURN A ACC USD,INTERNATIONAL,Schroder International Selection Fund Emerging Markets Debt Total Return A Accumulation USD,LU0106253197:USD,3.1
SCHRODER INTERNATIONAL SELECTION FUND GLOBAL HIGH YIELD C INC USD,GLOBAL/INTERNATIONAL,Schroder International Selection Fund Global High Yield C Distribution USD MF,LU1586378470:USD,2.7
SCHRODER INTL SEL GLOBAL GOLD A USD ACC USD,GLOBAL,,,
SCHRODER INTL SEL GLOBAL MULTI-ASSET ALLOCATI USD,GLOBAL,,,
SCHRODER INV MGMT GLOBAL CLIMATE CHANGE EQUITY A ACC USD USD,GLOBAL,,,
SCHRODER INV MGMT GLOBAL HIGH YLD A USD ACC NAV USD,GLOBAL,,,
SCHRODER INV MGMT ISF GLOBAL REC C USD ACC USD,GLOBAL,,,
SCHRODER INV MGMT QEP GLOBAL ACTIVE VAL A ACC USD USD,GLOBAL,,,
SCHRODER INV MGMT QEP GLOBAL CORE C ACC USD,GLOBAL,,,
SCHRODER ISF GLOBAL CITIES A ACC USD,GLOBAL,Schroder International Selection Fund Global Cities A Accumulation USD,LU0224508324:USD,2.725
SCHRODER ISF GLOBAL EQUITY ALPHA C ACC USD,GLOBAL,Schroder International Selection Fund Global Equity Alpha C Accumulation USD,LU0225283786:USD,2.8
SCHRODER ISF GLOBAL HIGH YIELD C ACC USD,GLOBAL,Schroder International Selection Fund Global High Yield C Accumulation USD,LU0189893794:USD,2.8
SCHRODER ISF GLOBAL M.A DIS USD A HDG MF USD,GLOBAL,Schroder International Selection Fund Global Dividend Maximiser A Distribution USD QF,LU0306807586:USD,2.35
SCHRODER ISF GLOBAL MULTI ASSET BALANCED C ACC USD,GLOBAL,Schroder International Selection Fund Global Multi-Asset Balanced C Accumulation USD Hedged,LU0776415563:USD,2.85
SUMITOMO MITSUI FINANCIAL 5.766 % MEDIUM TERM NOTES 2023-13.01.33 GLOBAL USD,GLOBAL,,,
T ROWE GLOBAL FOCUSED GROWTH EQUITY Q USD USD,GLOBAL,T. Rowe Price Funds SICAV - Global Focused Growth Equity Fund Q,LU1892523231:USD,2.7
T.ROWE PRICE FDS GLOBAL TECHNOLOGY EQUITY Q USD,GLOBAL,,,
T.ROWE PRICE GLOBAL HI YLD BD A USD USD,GLOBAL,,,
THREADNEEDLE LATIN AMERICAN NAV ACC USD,AMERICAN,,,
TITAN INTERNATIONAL SATELLITE EQUITY USD ACC USD,INTERNATIONAL,,,
TOYOTA MOTOR CREDIT CORP 3.05 % MEDIUM TERM NOTES 2022-22.03.27 GLOBAL SER B USD,GLOBAL,,,
UBAM GLOBAL EQUITY IC ACC USD,GLOBAL,UBAM - Tech Global Leaders Equity IC USD,LU1808465147:USD,2.3
UBAM TECH GLOBAL LEADERS EQUITY IC USD ACC USD,GLOBAL,UBAM - Tech Global Leaders Equity IC USD,LU1808465147:USD,2.3
UBS GLOBAL MARKETS QUARTERLY PHOENIX AUTOCALL WITH MEM USD USD,GLOBAL,,,
UNILEVER SHS SPONSORED AMERICAN DEPOSITARY SHARES REPR 1 SH USD,AMERICAN,,,
UNITED STATES OF AMERICA 0 % TREASURY BILLS 2025-21.05.26 USD,AMERICAN,,,
UNITED STATES OF AMERICA 0 % TREASURY BILLS 2026-21.07.26 USD,AMERICAN,,,
UNITED STATES OF AMERICA 0 % TREASURY BILLS 2026-23.06.26 USD,AMERICAN,,,
UNITED STATES OF AMERICA 0 % TREASURY BILLS 2026-23.07.26 USD,AMERICAN,,,
UNITED STATES OF AMERICA 3.125 % TREASURY NOTES 2018-15.11.28 USD,AMERICAN,,,
UNITED STATES OF AMERICA 3.5 % TREASURY NOTES 2023-15.02.33 USD,AMERICAN,,,
UNITED STATES OF AMERICA 4.125 % TREASURY NOTES USD,AMERICAN,,,
VANGUARD GLOBAL SMALL-CAP INDEX USD ACC USD,GLOBAL,,,
VANGUARD WHITEHALL INTERNATIONAL HIGH DIV YIEL USD,INTERNATIONAL,,,
VONTOBEL FUND II DUFF & PHELPS GLOBAL LISTED INFRASTRUCTURE B ACC USD,GLOBAL,Vontobel Fund II - Duff & Phelps Global Listed Infrastructure B USD Cap,LU2167913123:USD,2.7
VONTOBEL MGMT SA MIV GLOBAL MEDTECH P3 USD R USD,GLOBAL,,,
VT DE LISLE AMERICA B ACC USD,AMERICAN,,,
VULCAN GLOBAL VALU VALUE EQUITY USD II INC NAV USD,GLOBAL,,,
WISDOMTREE ISSUER GLOBAL DEV QUALITY DIV UCIT USD,GLOBAL,,,
