name,category,isin_cur,expected_cur,symbol,symbol_currency,symbol_type,yahoo_longname,cur_symbol_old,n_cands,status,real_cur,real_type,yahoo_longname2,usable
AB GLOBAL HIGH YIELD PORTFOLIO I INC USD,GLOBAL,LU0091433861:USD,USD,0P00000I2X,PNK,Fund,,0P0000MPP7.SI,1,SYMBOL_FOUND,USD,MUTUALFUND,AB Global High Yield B USD,OK
AB INTERNATIONAL HEALTH CARE PORTFOLIO C ACC USD,INTERNATIONAL,LU0058720904:USD,USD,XAYP.F,FRA,ETF,,XAYP.F,1,SYMBOL_FOUND,EUR,ETF,AB Sicav I - International Health Care Portfolio,CUR_MISMATCH
AB SICAV I GLOBAL REAL ESTATE SECURITIES PORTFOLIO A USD,GLOBAL,LU0074935502:USD,USD,XAY6.HM,HAM,ETF,,XAY6.HM,1,SYMBOL_FOUND,EUR,ETF,AB Sicav I - Global Real Estate Securities Portfolio,CUR_MISMATCH
AB SICAV I INTERNATIONAL HEALTH CARE PORTFOLIO A USD USD,INTERNATIONAL,LU0058720904:USD,USD,XAYP.F,FRA,ETF,,XAYP.F,1,SYMBOL_FOUND,EUR,ETF,AB Sicav I - International Health Care Portfolio,CUR_MISMATCH
ABRDN SICAV I - NORTH AMERICAN SMALLER COMPANIES A ACC USD USD,AMERICAN,LU0566484704:USD,USD,0P0000SHES,PNK,Fund,,0P0000ZNPV,1,SYMBOL_FOUND,USD,MUTUALFUND,abrdn-Nrth American Sml Comp I Acc USD,OK
ABRDN SICAV I FUTURE GLOBAL EQUITY A ACC USD,GLOBAL,LU0107464264:USD,USD,AEFJ.MU,MUN,ETF,,AEFJ.MU,1,SYMBOL_FOUND,EUR,ETF,Aberdeen Standard SICAV I - Global Innovation Equity Fund,CUR_MISMATCH
ALLIANZ GLOBAL ASIA PACIFIC INCOME A INC USD,GLOBAL,LU0348744763:USD,USD,AZHI.F,FRA,ETF,,AZHI.F,1,SYMBOL_FOUND,EUR,ETF,Allianz Global Investors Fund - Allianz Indonesia Equity,CUR_MISMATCH
ALLIANZ GLOBAL INV ALLIANZ INCOME AND GROWTH USD,GLOBAL,LU1046250293:USD,USD,0P00012MB8,PNK,Fund,,0P000148G1.BE,1,SYMBOL_FOUND,USD,MUTUALFUND,Allianz Income and Growth P USD,OK
ALLIANZ GLOBAL INV CHINA A-SHARES AT ACC USD,GLOBAL,LU2495084118:USD,USD,0P0001PIR3,PNK,Fund,,0P0001OZ17,1,SYMBOL_FOUND,USD,MUTUALFUND,Allianz China A Shares AT H USD,OK
ALLIANZ GLOBAL INV CHINA EQUITY A USD DIS USD,GLOBAL,LU0348832204:USD,USD,,,,,UQ24.F,0,NO_SYMBOL,,,,NO_SYMBOL
ALLIANZ GLOBAL INV GLOBAL EQUITY UNCONSTRAINED AT USD,GLOBAL,LU0342679015:USD,USD,DJET.MU,MUN,ETF,,DJET.MU,1,SYMBOL_FOUND,EUR,ETF,Allianz Global Investors Fund - Allianz Global Equity Unconstrained,CUR_MISMATCH
ALLIANZ GLOBAL INV GLOBAL HI TECH GTH A ACC NAV USD,GLOBAL,LU0348723411:USD,USD,ZZRZ.F,FRA,ETF,,ZZRZ.F,1,SYMBOL_FOUND,EUR,ETF,Allianz Global Investors Fund - Allianz Global Hi-Tech Growth,CUR_MISMATCH
ALLIANZ GLOBAL INV GLOBAL SUSTAINABILITY A DIS USD,GLOBAL,LU0158827948:USD,USD,UQ2K.F,FRA,ETF,,UQ2K.F,1,SYMBOL_FOUND,EUR,ETF,Allianz Global Investors Fund - Allianz Global Sustainability,CUR_MISMATCH
ALLIANZ GLOBAL INV HONG KONG EQUITY A USD USD,GLOBAL,LU0348735423:USD,USD,UQ2G.F,FRA,ETF,,UQ2G.F,1,SYMBOL_FOUND,EUR,ETF,Allianz Global Investors Fund - Allianz Hong Kong Equity,CUR_MISMATCH
ALLIANZ GLOBAL INV INCOME AND GROWTH AM USD IN USD,GLOBAL,LU0820561818:USD,USD,LU0820561818.SG,STU,Fund,,0P000148G1.BE,1,SYMBOL_FOUND,EUR,MUTUALFUND,Allianz Income and Growth,CUR_MISMATCH
ALLIANZ GLOBAL INV LITTLE DRAGONS A USD DIS USD,GLOBAL,LU0348766576:USD,USD,UQ26.F,FRA,ETF,,UQ26.F,1,SYMBOL_FOUND,EUR,ETF,Allianz Global Investors Fund - Allianz Little Dragons,CUR_MISMATCH
ALLIANZ GLOBAL INV ORIENTAL INCOME A USD USD,GLOBAL,LU0348783233:USD,USD,UQ27.F,FRA,ETF,,0P000148G1.BE,2,SYMBOL_FOUND,EUR,ETF,Allianz Global Investors Fund - Allianz Oriental Income,CUR_MISMATCH
ALLIANZ GLOBAL INV US EQUITY A USD INC NAV USD,GLOBAL,LU0256863811:USD,USD,DJEU.HM,HAM,ETF,,DJEU.HM,1,SYMBOL_FOUND,EUR,ETF,Allianz Global Investors Fund - Allianz US Equity Fund,CUR_MISMATCH
ALLSPRING WORLDWIDE GLOBAL EQUITY ENHANCED INCOME A ACC USD,GLOBAL,LU3076206690:USD,USD,0P0001VF82,PNK,Fund,,0P0001VF82,1,SYMBOL_FOUND,USD,MUTUALFUND,Allspring Lux Glb Eq Enh Inc A USD Acc,OK
ALQUITY GLOBAL IMPACT R ACC USD,GLOBAL,LU1049765578:USD,USD,0P0001327N,PNK,Fund,,0P0001CQMG,1,SYMBOL_FOUND,USD,MUTUALFUND,Alquity Global Impact USD A,OK
AMUNDI FUNDS POLEN CAPITAL GLOBAL GROWTH I2 ACC USD,GLOBAL,LU1691799990:USD,USD,0P0001F9VK,PNK,Fund,,0P0001F9VL,1,SYMBOL_FOUND,USD,MUTUALFUND,Amundi Fds Polen Cptl Glbl Gr I2 USD C,OK
ARTEMIS SMARTGARP GLOBAL EMERGING MARKETS EQUITY I ACC USD,GLOBAL,LU1846577242:USD,USD,0P0001EEIJ,PNK,Fund,,0P0001YIQ8,1,SYMBOL_FOUND,USD,MUTUALFUND,Artemis Fds(Lux)SmartGARP GlblEM Eq IUSD,OK
AXA WORLD FUND GLOBAL REAL ESTATE A USD ACC USD,GLOBAL,LU1731858806:USD,USD,,,,,0P0000SR16,0,NO_SYMBOL,,,,NO_SYMBOL
BARING GLOBAL RESOURCES A USD DIS USD,GLOBAL,IE0000931182:USD,USD,BYQN.F,FRA,ETF,,BYQN.F,1,SYMBOL_FOUND,EUR,ETF,Barings Global Umbrella Fund - Barings Global Resources Fund,CUR_MISMATCH
BARING LATIN AMERICA A USD DIS USD,AMERICAN,IE0000828933:USD,USD,BYQU.F,FRA,ETF,,BYQU.F,1,SYMBOL_FOUND,EUR,ETF,Barings Emerging Markets Umbrella Fund - Barings Latin America Fund,CUR_MISMATCH
BARINGS GLOBAL LEADERS FUND CLASS A USD INC USD,GLOBAL,IE0030016244:USD,USD,BYQX.SG,STU,Fund,,BYQX.SG,1,SYMBOL_FOUND,EUR,MUTUALFUND,Baring Global Umbrella Fund - Baring Global Leaders Fund,CUR_MISMATCH
BLACKROCK GLOBAL (BGF) ESG MULTI ASSET D2 HGD ACC USD,GLOBAL,LU0827879924:USD,USD,0P0000X7SD,PNK,Fund,,,1,SYMBOL_FOUND,USD,MUTUALFUND,BGF ESG Multi-Asset D2 USD H,OK
BLACKROCK GLOBAL FUNDS CHINA A2 USD USD,GLOBAL,LU0359201612:USD,USD,LU0359201612-USD.LU,LUX,Fund,,0P0000UNZJ,1,SYMBOL_FOUND,USD,MUTUALFUND,Blac Glo CF A2,OK
BLACKROCK SYSTEMATIC GLOBAL EQUITY HIGH INCOME A6 INC USD,GLOBAL,LU1116320737:USD,USD,0P00014FO3,PNK,Fund,,0P00014FO3,1,SYMBOL_FOUND,USD,MUTUALFUND,BGF Systematic Glbl Eq Hi Inc A6,OK
BLACKROCK SYSTEMATIC GLOBAL SMALLCAP D2 ACC USD,GLOBAL,LU0724617971:USD,USD,0P0001MSQE,PNK,Fund,,0P0001MSQE,1,SYMBOL_FOUND,USD,MUTUALFUND,,OK
BLACKROCK SYSTEMATIC GLOBAL SMALLCAP FUND A2 ACC USD,GLOBAL,LU0054578231:USD,USD,ERDL.F,FRA,ETF,,0P000137EL,2,SYMBOL_FOUND,EUR,ETF,BlackRock Global Funds - Systematic Global SmallCap Fund,CUR_MISMATCH
BLUEBAY GLOBAL SOVEREIGN OPPORTUNITIES C ACC USD,GLOBAL,LU1480175907:USD,USD,,,,,0P00019Y0W.F,0,NO_SYMBOL,,,,NO_SYMBOL
BNP PARIBAS FUNDS GLOBAL CONVERTIBLE CLASSIC CAPITALISATION USD,GLOBAL,LU0823394779:USD,USD,0P0000YSSR,PNK,Fund,,0P0000YSSR,1,SYMBOL_FOUND,USD,MUTUALFUND,BNP Paribas Glbl Cnvrt Cl C,OK
BNY MELLON GLOBAL EQUITY INCOME USD A USD,GLOBAL,IE0004004283:USD,USD,0P00000KAN,PNK,Fund,,0P00000QYA.L,1,SYMBOL_FOUND,USD,MUTUALFUND,BNY Mellon Sust Glbl Equity USD A Acc,OK
CS INVEST FUNDS 2 CS GLOBAL BI IN ACC USD,GLOBAL,LU0458985636:USD,USD,0P0001BV7Q,PNK,Fund,,0P0001CBI5,1,SYMBOL_FOUND,USD,MUTUALFUND,UBS Lux Credit Income P-acc,OK
CT AMERICAN SELECT 1U USD ACC USD,AMERICAN,LU1868841674:USD,USD,FV2J.F,FRA,ETF,,FV2J.F,1,SYMBOL_FOUND,EUR,ETF,Threadneedle (Lux) - American Select,CUR_MISMATCH
CT GLOBAL FOCUS AU USD USD,GLOBAL,LU0061474960:USD,USD,XRZ5.F,FRA,ETF,,0P0001CZXN.L,2,SYMBOL_FOUND,EUR,ETF,Threadneedle (Lux) - Global Focus,CUR_MISMATCH
FF GLOBAL DEMOGRAPHICS FUND A ACC USD,GLOBAL,LU1961889323:USD,USD,0P0001H2RW,PNK,Fund,,Y1B0.MU,1,SYMBOL_FOUND,USD,MUTUALFUND,FF - Global Demographics I-Acc-USD,OK
FF GLOBAL DIVIDEND PLUS FUND A ACC USD,GLOBAL,LU1711970662:USD,USD,0P0001C2PV,PNK,Fund,,,1,SYMBOL_FOUND,USD,MUTUALFUND,FF - Global Dividend Pl Y Acc USD,OK
FIDELITY FUNDS FID AMERICA A DIS USD USD,AMERICAN,LU0048573561:USD,USD,,,,,0P0001KN60.F,0,NO_SYMBOL,,,,NO_SYMBOL
FIDELITY FUNDS GLOBAL FOCUS A USD DIS USD,GLOBAL,LU0157215616:USD,USD,IPGR.F,FRA,ETF,,IPGR.F,1,SYMBOL_FOUND,EUR,ETF,Fidelity Funds - Global Focus Fund,CUR_MISMATCH
FIDELITY FUNDS GLOBAL INCOME FUND A ACC USD,GLOBAL,LU0882574303:USD,USD,0P0000YEDJ,PNK,Fund,,FJ2K.MU,1,SYMBOL_FOUND,USD,MUTUALFUND,Fidelity Global Income A-Acc-USD,OK
FIDELITY FUNDS GLOBAL MULTI ASSET INCOME FUND Y ACC USD,GLOBAL,LU1797663298:USD,USD,0P0001CZEL,PNK,Fund,,0P0000CO5U,1,SYMBOL_FOUND,USD,MUTUALFUND,Fidelity Glb Mlt Ast Inc Y-Acc-USD,OK
FIDELITY FUNDS LATIN AMERICA A USD DIS NAV USD,AMERICAN,LU0050427557:USD,USD,FJRC.F,FRA,ETF,,FJRC.F,1,SYMBOL_FOUND,EUR,ETF,Fidelity Funds - Latin America Fund,CUR_MISMATCH
FIDELITY GLOBAL INCOME Y MINCOME INC USD,GLOBAL,LU0997587323:USD,USD,0P00011IML,PNK,Fund,,0P0001AMU4,1,SYMBOL_FOUND,USD,MUTUALFUND,Fidelity Global Income A-MInc(G)-USD H,OK
FIDELITY GLOBAL TECHNOLOGY A USD ACC USD,GLOBAL,LU1046421795:USD,USD,,,,,0P0001DIJX.SI,0,NO_SYMBOL,,,,NO_SYMBOL
GOLDMAN SACHS GLOBAL CORE EQUITY PORTFOLIO ACC USD,GLOBAL,LU0280924407:USD,USD,0P0000F5F8,PNK,Fund,,0P0001UZPQ,1,SYMBOL_FOUND,USD,MUTUALFUND,GS Global CORE Eq P Acc USD Snap,OK
GOLDMAN SACHS GLOBAL EMERGING MRKTS DEBT HRD CCY CLASS P CAP US\$ USD,GLOBAL,LU0953791257:USD,USD,0P0000ZT50,PNK,Fund,,0P0000Y642,1,SYMBOL_FOUND,USD,MUTUALFUND,GS EM Debt HC-N Cap USD,OK
GOLDMAN SACHS GLOBAL SENIOR LOANS R HEDGED INC USD,GLOBAL,LU1264170553:USD,USD,0P0001BC7Q,PNK,Fund,,0P0001527M.F,1,SYMBOL_FOUND,USD,MUTUALFUND,GS Gbl SrLoan Lux-N Dis USD (HG i),OK
GOLDMAN SACHS GLOBAL US HIGH DIVIDEND CLASS P AC USD USD,GLOBAL,LU0154844541:USD,USD,LU0154844541-USD.LU,LUX,Fund,,0P0000Y642,1,SYMBOL_FOUND,USD,MUTUALFUND,Gold Sac GSUMBSP C,OK
INVESCO GLOBAL CONSUMER TRENDS A USD USD,GLOBAL,LU0100598878:USD,USD,0P00000AN0,PNK,Fund,,IUGI.F,1,SYMBOL_FOUND,USD,MUTUALFUND,Invesco Glbl Consmr Trnds C USD Acc,OK
INVESCO GLOBAL CONSUMER TRENDS C USD USD,GLOBAL,LU0100598878:USD,USD,0P00000AN0,PNK,Fund,,0P00000AN0,1,SYMBOL_FOUND,USD,MUTUALFUND,Invesco Glbl Consmr Trnds C USD Acc,OK
INVESCO GLOBAL EQUITY FUND C (USD)-ANNUAL DISTRIBUTION USD,GLOBAL,LU1775975466:USD,USD,0P0001DK37,PNK,Fund,,IGET.L,1,SYMBOL_FOUND,USD,MUTUALFUND,Invesco Funds - Invesco Global Small Cap Equity Fund,OK
INVESCO SUSTAINABLE GLOBAL INCOME C HEDGED ACC USD,GLOBAL,LU2401541888:USD,USD,0P0001NY18,PNK,Fund,,,1,SYMBOL_FOUND,USD,MUTUALFUND,Invesco Funds - Invesco Sustainable Allocation Fund,OK
JANUS HENDERSON GLOBAL EQUITY FUND R\$ ACC A2 USD USD,GLOBAL,LU1983259539:USD,USD,0P0001HNBO,PNK,Fund,,0P00000HSG,1,SYMBOL_FOUND,USD,MUTUALFUND,Janus Henderson Hrzn Glb Sus Eq A2 USD,OK
JANUS HENDERSON GLOBAL REAL ESTATE A3Q USD USD,GLOBAL,IE0033534441:USD,USD,F4QR.MU,MUN,ETF,,F4QR.MU,1,SYMBOL_FOUND,EUR,ETF,Janus Henderson Capital Funds plc - Janus Global Real Estate Fund,CUR_MISMATCH
JANUS HENDERSON HORIZON GLOBAL PROPERTY EQUITIES FUND A3Q USD USD,GLOBAL,LU0209137206:USD,USD,HZ5Y.F,FRA,ETF,,HZ5Y.F,1,SYMBOL_FOUND,EUR,ETF,Janus Henderson Horizon - Global Property Equities Fund,CUR_MISMATCH
JANUS HENDERSON HORIZON GLOBAL TECHNOLOGY LEADERS FUND A1 USD USD,GLOBAL,LU0209158467:USD,USD,FGVA.MU,MUN,ETF,,FGVA.MU,1,SYMBOL_FOUND,EUR,ETF,Janus Henderson Horizon - Global Technology Fund,CUR_MISMATCH
JANUS HENDERSON HORIZON GLOBAL TECHNOLOGY LEADERS FUND A2 USD USD,GLOBAL,LU0070992663:USD,USD,,,,,0P0000YWFQ.SI,0,NO_SYMBOL,,,,NO_SYMBOL
JANUS HENDERSON HORIZON GLOBAL TECHNOLOGY LEADERS FUND H2 USD USD,GLOBAL,LU0828813369:USD,USD,0P0000YFYK,PNK,Fund,,0P0000YFYK,1,SYMBOL_FOUND,USD,MUTUALFUND,Janus Henderson Hrzn GlbTechLdrs H2USD,OK
JPMORGAN AMERICA EQUITY A USD USD,AMERICAN,LU0129459060:USD,USD,0P00001RDJ,PNK,Fund,,JPJA.F,1,SYMBOL_FOUND,USD,MUTUALFUND,JPM America Equity C acc USD,OK
JPMORGAN GLOBAL RESEARCH ENHANCED INDEX EQUITY A ACC USD,GLOBAL,LU1512643799:USD,USD,0P000197NS,PNK,Fund,,0P0001P9BJ,1,SYMBOL_FOUND,USD,MUTUALFUND,JPM Glbl Rsrch Enh Idx Eq X acc USD,OK
JUPITER GLOBAL FUND JUPITER FINANCIAL INNOVATION L USD ACC NAV USD,GLOBAL,LU0262307720:USD,USD,0P00009V34,PNK,Fund,,0P00007W57.L,1,SYMBOL_FOUND,USD,MUTUALFUND,Jupiter Financial Innovt L USD Acc,OK
JUPITER MERIAN GLOBAL EQUITY ABSOLUTE RETURN FUND I USD ACC USD,GLOBAL,IE0031332939:USD,USD,0P00000T47,PNK,Fund,,0P0001339A,1,SYMBOL_FOUND,USD,MUTUALFUND,Jupiter Merian World Equity C USD Acc,OK
JUPITER MERIAN GLOBAL EQUITY ABSOLUTE RETURN FUND L USD ACC USD,GLOBAL,IE0031332939:USD,USD,0P00000T47,PNK,Fund,,0P00013397,1,SYMBOL_FOUND,USD,MUTUALFUND,Jupiter Merian World Equity C USD Acc,OK
MAN GLOBAL INVESTMENT GRADE OPPORTUNITIES I ACC USD,GLOBAL,LU2283350531:USD,USD,0P0001LJBL,PNK,Fund,,0P0001NTQ4.L,1,SYMBOL_FOUND,USD,MUTUALFUND,Manulife GF Invm Grd Pref Scs Inc I Acc,OK
MFS MERIDIAN FUNDS GLOBAL TOTAL RETURN A1 USD CAP USD,GLOBAL,LU0219441499:USD,USD,FHTF.MU,MUN,ETF,,FHTF.MU,1,SYMBOL_FOUND,EUR,ETF,MFS Meridian Funds - Global Total Return Fund,CUR_MISMATCH
MOMENTUM GF HARMONY GLOBAL EQUITY FUND A ACC USD,GLOBAL,LU1508132807:USD,USD,0P0001B8CZ,PNK,Fund,,,1,SYMBOL_FOUND,USD,MUTUALFUND,Harmony Portfolios Asian Growth H USD,OK
MORGAN STANLEY GLOBAL ADVANTAGE A EUR ACC NAV USD,GLOBAL,LU0362496845:USD,USD,0P0000JN46,PNK,Fund,,MSJAX,1,SYMBOL_FOUND,USD,MUTUALFUND,Morgan Stanley Investment Funds - US Advantage Fund C,OK
MORGAN STANLEY GLOBAL ADVANTAGE FUND Z ACC USD,GLOBAL,LU0362496845:USD,USD,0P0000JN46,PNK,Fund,,0P0000CNA5.F,1,SYMBOL_FOUND,USD,MUTUALFUND,Morgan Stanley Investment Funds - US Advantage Fund C,OK
NINETY ONE FD MGRS GLOBAL GOLD A USD ACC USD,GLOBAL,LU2445645695:USD,USD,0P0001OTHY,PNK,Fund,,,1,SYMBOL_FOUND,USD,MUTUALFUND,Ninety One GSF EM Sst Blnd Dbt S Acc USD,OK
NINETY ONE GLOBAL MULTI-ASSET INC A INC-2 USD,GLOBAL,LU1800671676:USD,USD,,,,,0P0000URPG,0,NO_SYMBOL,,,,NO_SYMBOL
NINETY ONE GLOBAL NATURAL RESOURCES C INC USD,GLOBAL,LU0345781503:USD,USD,0P00009X5O,PNK,Fund,,0P0001HDEI,1,SYMBOL_FOUND,USD,MUTUALFUND,Ninety One GSF Glb Ntrl Res C Inc USD,OK
NINETY ONE GLOBAL ST GBL MULTI ASSET INC IX INC USD,GLOBAL,LU1939255615:USD,USD,0P0001GZNL,PNK,Fund,,0P00000R8P,1,SYMBOL_FOUND,USD,MUTUALFUND,Ninety One GSF Global Envir IX Acc USD,OK
NINETY ONE GLOBAL ST GBL MULTI AST INC A USD ACC USD,GLOBAL,LU1939255532:USD,USD,0P0001GZNK,PNK,Fund,,0P00000R8P,1,SYMBOL_FOUND,USD,MUTUALFUND,Ninety One GSF Global Envir A Acc USD,OK
NINETY ONE GLOBAL ST GBL MULTI AST INC I USD DIS USD,GLOBAL,LU1602119031:USD,USD,0P0001AO48,PNK,Fund,,0P0001RBUZ,1,SYMBOL_FOUND,USD,MUTUALFUND,Ninety One GSF Glbl Crdt Inc S Inc2 USD,OK
NINETY ONE GLOBAL STRATEGY FUND GLOBAL NATURAL RESOURCES FUND I ACC USD,GLOBAL,LU0345781172:USD,USD,0P00009X5L,PNK,Fund,,0P00009X5L,1,SYMBOL_FOUND,USD,MUTUALFUND,Ninety One GSF Glb Ntrl Res I Acc USD,OK
NINETY-ONE GLOBAL ST GLOBAL VALUE EQTY A USD ACC USD,GLOBAL,LU1821900393:USD,USD,0P0001DHC1,PNK,Fund,,0P00000R8P,1,SYMBOL_FOUND,USD,MUTUALFUND,Ninety One Global Strategy Fund - Global Value Equity Fund,OK
NINETY-ONE GS GLOBAL EQUITY A INC USD,GLOBAL,LU0345769987:USD,USD,0P00009NG8,PNK,Fund,,0P00000R8Y,1,SYMBOL_FOUND,USD,MUTUALFUND,Ninety One GSF Glb Equity I Inc USD,OK
PIMCO GIS GLOBAL HIGH YIELD E INC USD USD,GLOBAL,IE0002420739:USD,USD,IE0002420739-USD.LU,LUX,Fund,,0P00006D1H,1,SYMBOL_FOUND,USD,MUTUALFUND,PIMC Fun GHYBF INS,OK
PIMCO GIS GLOBAL INVESTMENT GRADE CREDIT E USD INC USD,GLOBAL,IE0033386453:USD,USD,0P00000WBD,PNK,Fund,,0P00000WBD,1,SYMBOL_FOUND,USD,MUTUALFUND,PIMCO GIS GlInGd Crdt Instl USD Inc,OK
PINEBRIDGE GLOBAL DYNAMIC ASSET ALLOCATION Y USD ACC USD,GLOBAL,IE0034235295:USD,USD,0P000019NH,PNK,Fund,,0P00000RKU,1,SYMBOL_FOUND,USD,MUTUALFUND,PineBridge Glbl Dyn Asset Allc A,OK
PINEBRIDGE GLOBAL EMERGING MARKETS FOCUS EQUITY Y USD ACC USD,GLOBAL,IE0004897173:USD,USD,0P00000RRD,PNK,Fund,,0P00000RRD,1,SYMBOL_FOUND,USD,MUTUALFUND,PineBridge Global Emerg Mkts Foc Eq Y,OK
ROBECO GLOBAL CONSUMER TRENDS EQUITIES CID USD USD,GLOBAL,LU0554840073:USD,USD,,,,,XRQ3.F,0,NO_SYMBOL,,,,NO_SYMBOL
SANDS CAPITAL FUND GLOBAL GROWTH A USD ACC USD,GLOBAL,LU0990495888:USD,USD,,,,,,0,NO_SYMBOL,,,,NO_SYMBOL
Schroder Int Sel Global Energy A Acc USD,GLOBAL,LU0256331488:USD,USD,,,,,0P000019EE,0,NO_SYMBOL,,,,NO_SYMBOL
SCHRODER INT SEL GLOBAL EQUITY A USD ACC USD,GLOBAL,LU0215105999:USD,USD,ZJPC.F,FRA,ETF,,ZJPC.F,1,SYMBOL_FOUND,EUR,ETF,Schroder International Selection Fund SICAV- Global Equity,CUR_MISMATCH
Schroder Int Sel Global Equity Alpha A USD Acc USD,GLOBAL,LU0225283273:USD,USD,HV8M.MU,MUN,ETF,,HV8M.MU,1,SYMBOL_FOUND,EUR,ETF,Schroder International Selection Fund SICAV - Global Equity Alpha Fund,CUR_MISMATCH
SCHRODER INTERNATIONAL SELECTION FUND EMERGING MARKETS DEBT TOTAL RETURN A ACC USD,INTERNATIONAL,LU0106253197:USD,USD,HV8C.F,FRA,ETF,,HV8C.F,1,SYMBOL_FOUND,EUR,ETF,Schroder ISF-EM Dbt Tot.Rtn   N,CUR_MISMATCH
SCHRODER INTERNATIONAL SELECTION FUND GLOBAL HIGH YIELD C INC USD,GLOBAL/INTERNATIONAL,LU0189893018:USD,USD,0P00000TCU,PNK,Fund,,0P0001ADKP,1,SYMBOL_FOUND,USD,MUTUALFUND,Schroder ISF Glbl High Yld A Acc USD,OK
SCHRODER ISF GLOBAL EQUITY ALPHA C ACC USD,GLOBAL,LU0225283786:USD,USD,0P00001CEH,PNK,Fund,,0P00001CEH,1,SYMBOL_FOUND,USD,MUTUALFUND,Schroder ISF Global Eq Alp C Acc USD,OK
SCHRODER ISF GLOBAL HIGH YIELD C ACC USD,GLOBAL,LU0189893794:USD,USD,SRVT.F,FRA,ETF,,SRVT.F,1,SYMBOL_FOUND,EUR,ETF,Schroder International Selection Fund SICAV - Global High Yield,CUR_MISMATCH
SCHRODER ISF GLOBAL M.A DIS USD A HDG MF USD,GLOBAL,LU1514167136:USD,USD,0P00019BR5,PNK,Fund,,0P00009BZQ,1,SYMBOL_FOUND,USD,MUTUALFUND,Schroder ISF Glb Crdt Inc A Dis $ MF,OK
SCHRODER ISF GLOBAL MULTI ASSET BALANCED C ACC USD,GLOBAL,LU0776415563:USD,USD,0P0000WFLZ,PNK,Fund,,0P0000WFLZ,1,SYMBOL_FOUND,USD,MUTUALFUND,Schroder ISF Glbl MA Bal C Acc USD H,OK
T ROWE GLOBAL FOCUSED GROWTH EQUITY Q USD USD,GLOBAL,LU0143551892:USD,USD,TRIA.MU,MUN,ETF,,0P0001EVSL,1,SYMBOL_FOUND,EUR,ETF,T. Rowe Price Funds SICAV - Global Focused Growth Equity Fund,CUR_MISMATCH
T.ROWE PRICE GLOBAL HI YLD BD A USD USD,GLOBAL,LU2168316169:USD,USD,0P0001JT7G,PNK,Fund,,TRGRX,1,SYMBOL_FOUND,USD,MUTUALFUND,T. Rowe Price Global High Inc Bd S,OK
