name,symbol,status,rows,yahoo_longname,currency,quoteType,exchange
AB INTERNATIONAL TECHNOLOGY PORTFOLIO I ACC USD,0P0001P7SF,OK,1035,AB International Tech S14 USD,USD,MUTUALFUND,OTC Markets OTCPK
AB SICAV I INTERNATIONAL TECHNOLOGY PORTFOLIO A USD USD,0P00000I4D,OK,1114,AB Intl Technology I USD,USD,MUTUALFUND,OTC Markets OTCPK
AMERICAN AIRLINES COM USD1 USD,AAL,OK,5252,American Airlines Group Inc.,USD,EQUITY,NasdaqGS
AMERICAN BITCOIN CORP NPV USD,ABTC,OK,2128,American Bitcoin Corp,USD,EQUITY,NasdaqCM
APPLE 3.35 % NOTES 2022 08.08.32 GLOBAL USD,AAPL,OK,7704,Apple Inc.,USD,EQUITY,NasdaqGS
BLACKROCK (LUX) SA Global Long-Horizon Equity Fund A USD USD,BDMAX,OK,3429,BlackRock Global Equity Market Neutral Fund,USD,MUTUALFUND,Nasdaq
BLACKROCK GLOBAL UNCONSTRAINED EQUITY D ACC USD,0P0001SS6L,OK,580,BGF Global Unconstrained Eq X2,USD,MUTUALFUND,OTC Markets OTCPK
BNY MELLON GLB FDS GLOBAL BD A USD USD,0P0001AGX2,OK,1914,BNY Mellon Glb ShrtDtd HY Bd USD A Inc,USD,MUTUALFUND,OTC Markets OTCPK
BNY MELLON GLOBAL INFRASTRUCTURE INCOME FUND W ACC USD,BKGI,OK,945,Bny Mellon Global Infrastructure Income ETF,USD,ETF,Cboe US
BUNGE GLOBAL LTD USD,BG,OK,6294,Bunge Global SA,USD,EQUITY,NYSE
CAM GLOBAL EQUITY FEEDER FUND R ACC USD,0P0001HD39,OK,1914,Camissa Global Equity B USD Acc,USD,MUTUALFUND,OTC Markets OTCPK
CARRIER GLOBAL COR COM USD0.01 WI USD,CARR,OK,1609,Carrier Global Corporation,USD,EQUITY,NYSE
COINBASE GLOBAL INC USD,COIN,OK,1340,"Coinbase Global, Inc.",USD,EQUITY,NasdaqGS
CURATE GLOBAL SUSTAINABLE EQUITY FUND A USD ACC USD,0P0001KPAS,OK,1114,Curate Global Sust Eq A USD Acc,USD,MUTUALFUND,OTC Markets OTCPK
CURATE GLOBAL SUSTAINABLE EQUITY FUND B USD ACC USD,0P0001NAGP,OK,1114,Curate Global Sust Eq B USD Acc,USD,MUTUALFUND,OTC Markets OTCPK
DIMENSIONAL GLOBAL SHORT FIXED INCOME USD ACC USD,0P0000J2A3,OK,1914,Dimensional Global Sht Fxd Inc USD Acc,USD,MUTUALFUND,OTC Markets OTCPK
DIMENSIONAL GLOBAL SUSTAINABILITY FIXED INCOME ACC USD,DFSB,OK,937,Dimensional Global Sustainability Fixed Income ETF,USD,ETF,NYSEArca
DIMENSIONAL GLOBAL SUSTAINABILITY TARGETED VALUE FUND ACC USD,DFSB,OK,937,Dimensional Global Sustainability Fixed Income ETF,USD,ETF,NYSEArca
DIMENSIONAL GLOBAL ULTRA SHORT FIXED INCOME FUND ACC USD USD,0P00012MVU,OK,1037,Dimensional Global UltrShrt FI USD Acc,USD,MUTUALFUND,OTC Markets OTCPK
DVAM GLOBAL EQUITY INCOME USD B2 INC USD,0P0001H41F,OK,1904,dVAM Global Equity Income PCP USD A2Dist,USD,MUTUALFUND,OTC Markets OTCPK
DVAM GLOBAL EQUITY INCOME USD D2 DIS USD,0P0001H41F,OK,1904,dVAM Global Equity Income PCP USD A2Dist,USD,MUTUALFUND,OTC Markets OTCPK
DVAM GLOBAL EQUITY INCOME USD E2 INC USD,0P0001H41F,OK,1904,dVAM Global Equity Income PCP USD A2Dist,USD,MUTUALFUND,OTC Markets OTCPK
FIDELITY FUNDS SUSTAINABLE GLOBAL DIVIDEND PLUS FUND Y ACC USD,0P0001MNHQ,OK,1114,FF - Global Dividend Pl A Acc USD,USD,MUTUALFUND,OTC Markets OTCPK
FIDELITY GLOBAL INC A MINCOME(G) DIS USD,0P0001MHNW,OK,1291,Fidelity Global Intrinsic Value A,USD,MUTUALFUND,OTC Markets OTCPK
FIDELITY LUX GLOBAL FINL SVCS A INC USD,0P0001MHNW,OK,1291,Fidelity Global Intrinsic Value A,USD,MUTUALFUND,OTC Markets OTCPK
FRANKLIN TEMP GLOBAL BAL A ACC USD USD,0P0000KAMO,OK,1662,UWS Franklin Templeton Global Balanced S4,USD,MUTUALFUND,OTC Markets OTCPK
Fidelity Global Multi Asset Growth & Income Fund A USD USD,0P0001M4I2,OK,1114,Fidelity Global Multi Asset Dyn I-AccUSD,USD,MUTUALFUND,OTC Markets OTCPK
GAM STAR GLOBAL BALANCED ACC USD USD,0P0000MXNH,OK,1914,GAM Star Global Rates USD Acc,USD,MUTUALFUND,OTC Markets OTCPK
GAM STAR GLOBAL BALANCED F USD ACC USD,0P0000MXNH,OK,1914,GAM Star Global Rates USD Acc,USD,MUTUALFUND,OTC Markets OTCPK
GAM STAR GLOBAL BALANCED INSTL ACC USD,0P0000MXNH,OK,1914,GAM Star Global Rates USD Acc,USD,MUTUALFUND,OTC Markets OTCPK
GAM STAR GLOBAL BALANCED T USD USD,0P0000MXNH,OK,1914,GAM Star Global Rates USD Acc,USD,MUTUALFUND,OTC Markets OTCPK
GAM STAR GLOBAL BALANCED U USD ACC USD,0P0000MXNH,OK,1914,GAM Star Global Rates USD Acc,USD,MUTUALFUND,OTC Markets OTCPK
GLOBAL PAYMENTS 5.95 % NOTES 2022-15.08.52 USD,GPN,OK,6432,Global Payments Inc.,USD,EQUITY,NYSE
GS GLOBAL CORE EQUITY BASE ACCUMULATION SNAP USD ACC SNAP USD,0P00013MGM,OK,1114,GS Global CORE Eq IO Inc USD Snap,USD,MUTUALFUND,OTC Markets OTCPK
INTERNATIONAL SEAWAYS INC NPV USD,INSW,OK,2447,"International Seaways, Inc.",USD,EQUITY,NYSE
INVESCO GLOBAL INCOME A INC USD,0P00014BDI,OK,1113,Invesco Global Income A USDH QD-GI,USD,MUTUALFUND,OTC Markets OTCPK
JANUS HENDERSON GLOBAL LIFE SCIENCE A ACC USD,0P00000RMR,OK,1914,Janus Henderson Glb Life Scn B2 USD,USD,MUTUALFUND,OTC Markets OTCPK
JANUS HENDERSON HORIZON GLOBAL PROPERTY EQUITIES FUND I2 USD USD,0P0000ZQ1D,OK,1113,Janus Henderson Hrzn GlblPtyEqsG2USD,USD,MUTUALFUND,OTC Markets OTCPK
JUPITER MERIAN NORTH AMERICAN EQUITY FUND I USD ACC USD,0P00000MLI,OK,1914,Jupiter Merian NA Eq (IRL) L $ Acc,USD,MUTUALFUND,OTC Markets OTCPK
JUPITER MERIAN NORTH AMERICAN EQUITY FUND L USD ACC USD,0P00000MLI,OK,1914,Jupiter Merian NA Eq (IRL) L $ Acc,USD,MUTUALFUND,OTC Markets OTCPK
Jupiter Merian Global Equity Income Fund (IRL) L USD Inc USD,0P00016I3U,OK,1914,Jupiter Merian Glb Eq Inc (IRL) L $ Inc,USD,MUTUALFUND,OTC Markets OTCPK
LIBERTY GLOBAL LTD USD,LBTYA,OK,5584,Liberty Global Ltd.,USD,EQUITY,NasdaqGS
LITHIUM AMERICAS CORP USD,LAC,OK,719,Lithium Americas Corp.,USD,EQUITY,NYSE
MOBILITY GLOBAL INC USD,MBGL,OK,34,"Mobility Global, Inc.",USD,EQUITY,NYSE
MORGAN STANLEY GLOBAL BRANDS C USD,0P0000MWCC,OK,1113,MS INVF Global Brands C,USD,MUTUALFUND,OTC Markets OTCPK
MORGAN STANLEY IF GLOBAL OPPTY FD USD CL A USD,0P0001XI1K,OK,235,Morgan Stanley IF - Global Stars A Acc,USD,MUTUALFUND,OTC Markets OTCPK
NEW CAPITAL GLOBAL VALUE CREDIT FUND USD,0P000025ZS,OK,1914,New Capital Glbl Val Crdt USD Ord Acc,USD,MUTUALFUND,OTC Markets OTCPK
NINETY ONE GLOBAL ENVIROMENT FUND A ACC USD,0P00000R8P,OK,1114,Ninety One GSF Glb StratMgd A Inc USD,USD,MUTUALFUND,OTC Markets OTCPK
NINETY ONE GLOBAL ENVIRONMENTS A USD ACC USD,0P00000R8P,OK,1114,Ninety One GSF Glb StratMgd A Inc USD,USD,MUTUALFUND,OTC Markets OTCPK
NINETY ONE GLOBAL EQUITY A ACC USD USD,0P00013NJN,OK,1114,Ninety One GSF European Eq A Acc USD Hdg,USD,MUTUALFUND,OTC Markets OTCPK
NINETY ONE GSF GLOBAL FRANCHISE A ACC USD,0P0001CNCE,OK,1114,Ninety One GSF AsiaPac Franchise A Acc $,USD,MUTUALFUND,OTC Markets OTCPK
NINETY ONE GSF GLOBAL GOLD A INC GRS USD USD,0P00000R8P,OK,1114,Ninety One GSF Glb StratMgd A Inc USD,USD,MUTUALFUND,OTC Markets OTCPK
NINETY ONE GSF GLOBAL NATURAL RESOURCES A ACC GRS USD USD,0P00000R8P,OK,1114,Ninety One GSF Glb StratMgd A Inc USD,USD,MUTUALFUND,OTC Markets OTCPK
NINETY ONE GSF GLOBAL STRATEGIC EQUITY A GRS USD ACC USD,0P00000R8P,OK,1114,Ninety One GSF Glb StratMgd A Inc USD,USD,MUTUALFUND,OTC Markets OTCPK
NINETY ONE LUX S.A GLOBAL ENVIRONMENT A ACC USD,0P0001GZNK,OK,1114,Ninety One GSF Global Envir A Acc USD,USD,MUTUALFUND,OTC Markets OTCPK
NINETY-ONE GLOBAL ST GBL STRAT EQUITY I ACC USD,0P0001RBV0,OK,745,Ninety One GSF Glb Equity ZX Inc USD,USD,MUTUALFUND,OTC Markets OTCPK
NINETY-ONE GLOBAL ST US DOLLAR MONEY I USD ACC USD,0P0000SF11,OK,1114,Ninety One GSF US Dollar Money I Acc USD,USD,MUTUALFUND,OTC Markets OTCPK
NSF WEALTH DEFENDER GLOBAL EQUITY A ACC USD,0P0001CXPX,OK,1114,NSF SICAV Wealth Defender Glbl Eq A USD,USD,MUTUALFUND,OTC Markets OTCPK
PGIM GLOBAL REAL SEL RE SECURITIES I ACC USD,PURGX,OK,2168,PGIM Global Real Estate R4,USD,MUTUALFUND,Nasdaq
PICTET GLOBAL ENVIRONMENTAL OPPORTUNITIES I USD ACC USD,0P0001EVPJ,OK,1114,Pictet - Global Envir Opps I dy USD,USD,MUTUALFUND,OTC Markets OTCPK
PIMCO GIS GLOBAL INVEST GRADE CREDIT HDGD E ACC USD USD,0P0000HOIQ,OK,1914,PIMCO GIS Global Investment Grade Credit Fund H Institutional USD Accumulation,USD,MUTUALFUND,OTC Markets OTCPK
PIMCO GIS GLOBAL INVEST GRADE CREDIT INST ACC USD USD,0P0000HOIQ,OK,1914,PIMCO GIS Global Investment Grade Credit Fund H Institutional USD Accumulation,USD,MUTUALFUND,OTC Markets OTCPK
POLAR CAPITAL FUND GLOBAL INSURANCE I USD DIS USD,0P0000M892,OK,1914,Polar Capital Global Tech I Inc,USD,MUTUALFUND,OTC Markets OTCPK
POLAR CAPITAL FUNDS NORTH AMERICAN I INC USD,0P0000M892,OK,1914,Polar Capital Global Tech I Inc,USD,MUTUALFUND,OTC Markets OTCPK
REMITLY GLOBAL INC USD,RELY,OK,1227,"Remitly Global, Inc.",USD,EQUITY,NasdaqGS
S&P GLOBAL INC COM USD1 USD,SPGI,OK,7704,S&P Global Inc.,USD,EQUITY,NYSE
SCHRODER INTL SEL GLOBAL MULTI-ASSET ALLOCATI USD,0P0000TY84,OK,1914,SEB LI Schroder Intl Sel Global Eq USD,USD,MUTUALFUND,OTC Markets OTCPK
SUMITOMO MITSUI FINANCIAL 5.766 % MEDIUM TERM NOTES 2023-13.01.33 GLOBAL USD,SMFG,OK,5168,"Sumitomo Mitsui Financial Group, Inc.",USD,EQUITY,NYSE
TOYOTA MOTOR CREDIT CORP 3.05 % MEDIUM TERM NOTES 2022-22.03.27 GLOBAL SER B USD,TM,OK,7704,Toyota Motor Corporation,USD,EQUITY,NYSE
UBAM TECH GLOBAL LEADERS EQUITY IC USD ACC USD,0P0001DZRW,OK,1114,UBAM Tech Global Leaders Equity IC USD,USD,MUTUALFUND,OTC Markets OTCPK
UNITED STATES OF AMERICA 0 % TREASURY BILLS 2025-21.05.26 USD,USO,OK,5118,"United States Oil Fund, LP",USD,ETF,NYSEArca
UNITED STATES OF AMERICA 0 % TREASURY BILLS 2026-21.07.26 USD,USO,OK,5118,"United States Oil Fund, LP",USD,ETF,NYSEArca
UNITED STATES OF AMERICA 0 % TREASURY BILLS 2026-23.06.26 USD,USO,OK,5118,"United States Oil Fund, LP",USD,ETF,NYSEArca
UNITED STATES OF AMERICA 0 % TREASURY BILLS 2026-23.07.26 USD,USO,OK,5118,"United States Oil Fund, LP",USD,ETF,NYSEArca
UNITED STATES OF AMERICA 3.125 % TREASURY NOTES 2018-15.11.28 USD,USO,OK,5118,"United States Oil Fund, LP",USD,ETF,NYSEArca
UNITED STATES OF AMERICA 3.5 % TREASURY NOTES 2023-15.02.33 USD,USO,OK,5118,"United States Oil Fund, LP",USD,ETF,NYSEArca
UNITED STATES OF AMERICA 4.125 % TREASURY NOTES USD,USO,OK,5118,"United States Oil Fund, LP",USD,ETF,NYSEArca
