name,category,source,symbol,isin,ref_name,yahoo_name,overlap,currency_ok,yahoo_currency,yahoo_type,verdict,recommendation
AB GLOBAL HIGH YIELD PORTFOLIO I INC USD,GLOBAL,Yahoo按名称,0P0000MPP7.SI,LU0154094527,AB GLOBAL HIGH YIELD PORTFOLIO I INC USD,AB - Global High Yield Portfolio AT SGD Inc,1.0,False,SGD,MUTUALFUND,存疑-币种不符,待人工核
AB INTERNATIONAL HEALTH CARE PORTFOLIO C ACC USD,INTERNATIONAL,FT-ISIN->Yahoo,XAYP.F,LU0058720904,AB SICAV I - International Health Care Portfolio A Acc,AB Sicav I - International Health Care Portfolio,1.0,False,EUR,ETF,存疑-币种不符,待人工核
AB SICAV I GLOBAL REAL ESTATE SECURITIES PORTFOLIO A USD,GLOBAL,FT-ISIN->Yahoo,XAY6.HM,LU0074935502,AB SICAV I - Global Real Estate Securities Portfolio A Acc,AB Sicav I - Global Real Estate Securities Portfolio,1.0,False,EUR,ETF,存疑-币种不符,待人工核
AB SICAV I INTERNATIONAL HEALTH CARE PORTFOLIO A USD USD,INTERNATIONAL,FT-ISIN->Yahoo,XAYP.F,LU0058720904,AB SICAV I - International Health Care Portfolio A Acc,AB Sicav I - International Health Care Portfolio,1.0,False,EUR,ETF,存疑-币种不符,待人工核
ABRDN SICAV I - GLOBAL SUSTAINABLE AND RESPONSIBLE INVESTMENT EQUITY A ACC USD USD,GLOBAL,Yahoo按名称,0P00000R9X.L,,ABRDN SICAV I - GLOBAL SUSTAINABLE AND RESPONSIBLE INVESTMENT EQUITY A ACC USD USD,abrdn Global Sustainable Equity A Acc,1.0,False,GBP,MUTUALFUND,存疑-币种不符,待人工核
ABRDN SICAV I - NORTH AMERICAN SMALLER COMPANIES A ACC USD USD,AMERICAN,FT-ISIN->Yahoo,0P0000ZNPV,LU0566484027,abrdn SICAV I - North American Smaller Companies Fund A Acc USD,abrdn-Nrth American Sml Comp A Acc USD,0.4,True,USD,MUTUALFUND,存疑,待人工核
ABRDN SICAV I FUTURE GLOBAL EQUITY A ACC USD,GLOBAL,FT-ISIN->Yahoo,AEFJ.MU,LU0107464264,abrdn SICAV I - Future Global Equity Fund A Acc USD,Aberdeen Standard SICAV I - Global Innovation Equity Fund,0.5,False,EUR,ETF,存疑-币种不符,待人工核
AEGON STRATEGIC GLOBAL INCOME FUND CLS A USD ACC USD,GLOBAL,Yahoo按名称,0P00009VKL.F,,AEGON STRATEGIC GLOBAL INCOME FUND CLS A USD ACC USD,Aegon Strategic Global Inc B Inc EUR Hdg,1.0,False,EUR,MUTUALFUND,存疑-币种不符,待人工核
AEGON STRATEGIC GLOBAL INCOME FUND CLS B USD INC USD,GLOBAL,Yahoo按名称,0P00009VKL.F,,AEGON STRATEGIC GLOBAL INCOME FUND CLS B USD INC USD,Aegon Strategic Global Inc B Inc EUR Hdg,1.0,False,EUR,MUTUALFUND,存疑-币种不符,待人工核
ALLIANZ GLOBAL ASIA PACIFIC INCOME A INC USD,GLOBAL,FT-ISIN->Yahoo,AZHI.F,LU0348744763,Allianz Global Investors Fund - Allianz Asia Pacific Income A USD,Allianz Global Investors Fund - Allianz Indonesia Equity,0.5,False,EUR,ETF,存疑-币种不符,待人工核
ALLIANZ GLOBAL INV ALLIANZ INCOME AND GROWTH USD,GLOBAL,Yahoo按名称,0P000148G1.BE,LU0820561818,ALLIANZ GLOBAL INV ALLIANZ INCOME AND GROWTH USD,Allianz Global Investors Fund - Allianz Asian Multi Income Plus,0.6,False,AUD,MUTUALFUND,存疑-币种不符,待人工核
ALLIANZ GLOBAL INV CHINA EQUITY A USD DIS USD,GLOBAL,FT-ISIN->Yahoo,UQ24.F,LU0348825331,Allianz Global Investors Fund - Allianz China Equity A USD,Allianz Global Investors Fund - Allianz China Equity,1.0,False,EUR,ETF,存疑-币种不符,待人工核
ALLIANZ GLOBAL INV GLOBAL EQUITY UNCONSTRAINED AT USD,GLOBAL,FT-ISIN->Yahoo,DJET.MU,LU0342679015,Allianz Global Investors Fund - Allianz Global Equity Unconstrained AT USD,Allianz Global Investors Fund - Allianz Global Equity Unconstrained,1.0,False,EUR,ETF,存疑-币种不符,待人工核
ALLIANZ GLOBAL INV GLOBAL HI TECH GTH A ACC NAV USD,GLOBAL,FT-ISIN->Yahoo,ZZRZ.F,LU0348723411,Allianz Global Investors Fund - Allianz Global HiTech Growth A USD,Allianz Global Investors Fund - Allianz Global Hi-Tech Growth,0.75,False,EUR,ETF,存疑-币种不符,待人工核
ALLIANZ GLOBAL INV GLOBAL SUSTAINABILITY A DIS USD,GLOBAL,FT-ISIN->Yahoo,UQ2K.F,LU0158827948,Allianz Global Investors Fund - Allianz Global Sustainability A USD,Allianz Global Investors Fund - Allianz Global Sustainability,1.0,False,EUR,ETF,存疑-币种不符,待人工核
ALLIANZ GLOBAL INV HONG KONG EQUITY A USD USD,GLOBAL,FT-ISIN->Yahoo,UQ2G.F,LU0348735423,Allianz Global Investors Fund - Allianz Hong Kong Equity A USD,Allianz Global Investors Fund - Allianz Hong Kong Equity,1.0,False,EUR,ETF,存疑-币种不符,待人工核
ALLIANZ GLOBAL INV INCOME AND GROWTH AM USD IN USD,GLOBAL,Yahoo按名称,0P000148G1.BE,LU0820561818,ALLIANZ GLOBAL INV INCOME AND GROWTH AM USD IN USD,Allianz Global Investors Fund - Allianz Asian Multi Income Plus,0.5,False,AUD,MUTUALFUND,存疑-币种不符,待人工核
ALLIANZ GLOBAL INV LITTLE DRAGONS A USD DIS USD,GLOBAL,FT-ISIN->Yahoo,UQ26.F,LU0348766576,Allianz Global Investors Fund - Allianz Little Dragons A USD,Allianz Global Investors Fund - Allianz Little Dragons,1.0,False,EUR,ETF,存疑-币种不符,待人工核
ALLIANZ GLOBAL INV ORIENTAL INCOME A USD USD,GLOBAL,Yahoo按名称,0P000148G1.BE,LU0348783233,ALLIANZ GLOBAL INV ORIENTAL INCOME A USD USD,Allianz Global Investors Fund - Allianz Asian Multi Income Plus,0.6,False,AUD,MUTUALFUND,存疑-币种不符,待人工核
ALLIANZ GLOBAL INV US EQUITY A USD INC NAV USD,GLOBAL,FT-ISIN->Yahoo,DJEU.HM,LU0256863811,Allianz Global Investors Fund - Allianz US Equity Fund A USD,Allianz Global Investors Fund - Allianz US Equity Fund,1.0,False,EUR,ETF,存疑-币种不符,待人工核
ALLSPRING WORLDWIDE GLOBAL EQUITY ENHANCED INCOME A ACC USD,GLOBAL,FT-ISIN->Yahoo,0P0001VF82,LU3076206690,Allspring (Lux) Worldwide Fund - Global Equity Enhanced Income Fund Class A USD Acc,Allspring Lux Glb Eq Enh Inc A USD Acc,0.25,True,USD,MUTUALFUND,存疑,待人工核
ALQUITY GLOBAL IMPACT R ACC USD,GLOBAL,FT-ISIN->Yahoo,0P0001CQMG,LU1730018279,Alquity SICAV - Alquity Global Impact Fund USD R Class,,0.0,True,USD,MUTUALFUND,无名称信息,待人工核
AMERICAS GOLD AND SILVER CORPORATION USD,AMERICAN,Yahoo按名称,SZ7.F,,AMERICAS GOLD AND SILVER CORPORATION USD,Americas Gold & Silver Corp.  R,1.0,False,EUR,EQUITY,存疑-币种不符,待人工核
AMUNDI FUNDS POLEN CAPITAL GLOBAL GROWTH I2 ACC USD,GLOBAL,FT-ISIN->Yahoo,0P0001F9VL,LU1691799644,Amundi Funds - Polen Capital Global Growth A2 USD (C),Amundi Fds Polen Cptl Glbl Gr A2 USD C,0.43,True,USD,MUTUALFUND,存疑,待人工核
BAILLIE GIFFORD WO GLOBAL ALPHA B ACC USD,GLOBAL,Yahoo按名称,0P00015OHN.SW,,BAILLIE GIFFORD WO GLOBAL ALPHA B ACC USD,Baillie Gifford Worldwide Global Alpha Fund,0.8,False,CHF,MUTUALFUND,存疑-币种不符,待人工核
BAILLIE GIFFORD WO LONG TERM GLOBAL GROWTH B ACC USD,GLOBAL,Yahoo按名称,0P00019ZCB.F,,BAILLIE GIFFORD WO LONG TERM GLOBAL GROWTH B ACC USD,Baillie Gifford Worldwide Long Term Global Growth Fund,0.86,False,EUR,MUTUALFUND,存疑-币种不符,待人工核
BANK OF AMERICA NOTES 2023-15.09.29 USD,AMERICAN,Yahoo按名称,BOAC34.SA,,BANK OF AMERICA NOTES 2023-15.09.29 USD,Bank of America Corporation,1.0,False,BRL,EQUITY,存疑-币种不符,待人工核
BARING GLOBAL AGRIC USD ACC NAV USD,GLOBAL,Yahoo按名称,0P0000J1C4.F,,BARING GLOBAL AGRIC USD ACC NAV USD,Barings Global Agriculture A EUR,0.33,False,EUR,MUTUALFUND,存疑,待人工核
BARING GLOBAL RESOURCES A USD DIS USD,GLOBAL,FT-ISIN->Yahoo,BYQN.F,IE0000931182,Barings Global Umbrella Fund - Barings Global Resources Fund Class A USD Inc,Barings Global Umbrella Fund - Barings Global Resources Fund,1.0,False,EUR,ETF,存疑-币种不符,待人工核
BARING LATIN AMERICA A USD DIS USD,AMERICAN,FT-ISIN->Yahoo,BYQU.F,IE0000828933,Barings Emerging Markets Umbrella Fund - Barings Latin America Fund Class A USD Inc,Barings Emerging Markets Umbrella Fund - Barings Latin America Fund,1.0,False,EUR,ETF,存疑-币种不符,待人工核
BARINGS GLOBAL LEADERS FUND CLASS A USD INC USD,GLOBAL,FT-ISIN->Yahoo,BYQX.SG,IE0030016244,Barings Global Umbrella Fund - Barings Global Leaders Fund Class A USD Inc,Baring Global Umbrella Fund - Baring Global Leaders Fund,0.75,False,EUR,MUTUALFUND,存疑-币种不符,待人工核
BLACKROCK (LUX) SA LATIN AMERICAN A2 USD USD,AMERICAN,Yahoo按名称,BRLA.L,LU0072463663,BLACKROCK (LUX) SA LATIN AMERICAN A2 USD USD,BlackRock Latin American Ord,0.75,False,GBp,EQUITY,存疑-币种不符,待人工核
BLACKROCK (LUXEMBOURG) S.A. FIXED INCOME GLOBAL OPPORTUNITIES A5 USD,GLOBAL,FT-ISIN->Yahoo,0P00008XI2.SI,LU0280468637,BlackRock Global Funds - Fixed Income Global Opportunities Fund A5 SGD Hedged,BGF Fixed Income Global Opps A5 SGD H,0.67,False,SGD,MUTUALFUND,存疑-币种不符,待人工核
BLACKROCK GF SYSTEMATIC GLOBAL EQUITY HIGH INCOME FUND D6 INC USD,GLOBAL,Yahoo按名称,MI9R.F,,BLACKROCK GF SYSTEMATIC GLOBAL EQUITY HIGH INCOME FUND D6 INC USD,BlackRock Global Funds - European Focus Fund,0.4,False,EUR,ETF,存疑,待人工核
BLACKROCK GLOBAL FUNDS CHINA A2 USD USD,GLOBAL,Yahoo按名称,0P0000UNZJ,LU0359201612,BLACKROCK GLOBAL FUNDS CHINA A2 USD USD,BGF China Bond C2,0.25,True,USD,MUTUALFUND,存疑,待人工核
BLACKROCK GLOBAL FUNDS FINTECH A2 ACC USD,GLOBAL,Yahoo按名称,0P0001FAHG.F,LU1861217088,BLACKROCK GLOBAL FUNDS FINTECH A2 ACC USD,BlackRock Global Funds - FinTech Fund I2 EUR Hedged,0.8,False,EUR,MUTUALFUND,存疑-币种不符,待人工核
BLACKROCK SYSTEMATIC GLOBAL EQUITY HIGH INCOME A6 INC USD,GLOBAL,FT-ISIN->Yahoo,0P00014FO3,LU1116320737,BlackRock Global Funds - Systematic Global Equity High Income Fund A6,BGF Systematic Glbl Eq Hi Inc A6,0.33,True,USD,MUTUALFUND,存疑,待人工核
BLACKROCK SYSTEMATIC GLOBAL SMALLCAP D2 ACC USD,GLOBAL,FT-ISIN->Yahoo,0P0001MSQE,LU0724617971,BlackRock Global Funds - Systematic Global SmallCap Fund D2,,0.0,True,USD,MUTUALFUND,无名称信息,待人工核
BLACKROCK SYSTEMATIC GLOBAL SMALLCAP FUND A2 ACC USD,GLOBAL,Yahoo按名称,0P000137EL,LU0054578231,BLACKROCK SYSTEMATIC GLOBAL SMALLCAP FUND A2 ACC USD,BSF Systematic Glb Eq Abs Rt A2 USD,0.4,True,USD,MUTUALFUND,存疑,待人工核
BLUEBAY GLOBAL SOVEREIGN OPPORTUNITIES C ACC USD,GLOBAL,Yahoo按名称,0P00019Y0W.F,LU1480175907,BLUEBAY GLOBAL SOVEREIGN OPPORTUNITIES C ACC USD,BlueBay Funds - BlueBay Global Sovereign Opportunities Fund,1.0,False,EUR,MUTUALFUND,存疑-币种不符,待人工核
BNP PARIBAS FUNDS GLOBAL CONVERTIBLE CLASSIC CAPITALISATION USD,GLOBAL,FT-ISIN->Yahoo,0P0000YSSR,LU0823394779,BNP Paribas Funds Global Convertible Classic Capitalisation,BNP Paribas Glbl Cnvrt Cl C,0.4,True,USD,MUTUALFUND,存疑,待人工核
BNP PARIBAS SHS SPONSORED AMERICAN DEPOSITARY RECEIPT REPR 1/2 SH USD,AMERICAN,Yahoo按名称,BNP.PA,,BNP PARIBAS SHS SPONSORED AMERICAN DEPOSITARY RECEIPT REPR 1/2 SH USD,BNP PARIBAS ACT.A,0.67,False,EUR,EQUITY,存疑-币种不符,待人工核
BNY MELLON GLOBAL EQUITY INCOME USD A USD,GLOBAL,FT-ISIN->Yahoo,0P00000QYA.L,GB0006779986,BNY Mellon Global Equity Fund Sterling Income,BNY Mellon Global Equity GBP Inc,1.0,False,GBP,MUTUALFUND,存疑-币种不符,待人工核
BNY MELLON GLOBAL REAL RETURN FUND C CLASS ACC USD,GLOBAL,Yahoo按名称,0P0000WK9T.L,,BNY MELLON GLOBAL REAL RETURN FUND C CLASS ACC USD,BNY Mellon Global Real Return Fund (GBP),1.0,False,GBP,MUTUALFUND,存疑-币种不符,待人工核
BNY MELLON GLOBAL REAL RETURN USD A USD,GLOBAL,Yahoo按名称,0P0000WK9T.L,,BNY MELLON GLOBAL REAL RETURN USD A USD,BNY Mellon Global Real Return Fund (GBP),1.0,False,GBP,MUTUALFUND,存疑-币种不符,待人工核
CITRINE GLOBAL MULTI-ASSET A ACC USD,GLOBAL,Yahoo按名称,0P0001TXF7.L,,CITRINE GLOBAL MULTI-ASSET A ACC USD,Citrine Global Multi-Asset A GBP Acc,1.0,False,GBP,MUTUALFUND,存疑-币种不符,待人工核
CT AMERICAN SELECT 1U USD ACC USD,AMERICAN,FT-ISIN->Yahoo,FV2J.F,LU1868841674,CT (Lux) - American Select Class 1U (USD Accumulation),Threadneedle (Lux) - American Select,0.67,False,EUR,ETF,存疑-币种不符,待人工核
CT GLOBAL FOCUS AU USD USD,GLOBAL,Yahoo按名称,0P0001CZXN.L,LU0061474960,CT GLOBAL FOCUS AU USD USD,CT Global Focus 2 Ins Grs Acc £,0.75,False,GBP,MUTUALFUND,存疑-币种不符,待人工核
DIMENSIONAL GLOBAL CORE EQUITY USD ACC USD,GLOBAL,Yahoo按名称,0P0000TIT2.F,,DIMENSIONAL GLOBAL CORE EQUITY USD ACC USD,Dimensional Global Core Equity EUR Dist,1.0,False,EUR,MUTUALFUND,存疑-币种不符,待人工核
DODGE & COX WORLDW GLOBAL STOCK USD ACC USD,GLOBAL,Yahoo按名称,0P0001N3OL.SW,,DODGE & COX WORLDW GLOBAL STOCK USD ACC USD,Dodge & Cox Worldwide Global Bd CHF HInc,0.67,False,CHF,MUTUALFUND,存疑-币种不符,待人工核
DODGE & COX WORLDWIDE GLOBAL USD ACC USD,GLOBAL,Yahoo按名称,0P0001N3OL.SW,,DODGE & COX WORLDWIDE GLOBAL USD ACC USD,Dodge & Cox Worldwide Global Bd CHF HInc,1.0,False,CHF,MUTUALFUND,存疑-币种不符,待人工核
DVAM GLOBAL EQUITY FOCUS STRATEGY PCP USD A1 ACC USD,GLOBAL,Yahoo按名称,0P0001LIX3.F,,DVAM GLOBAL EQUITY FOCUS STRATEGY PCP USD A1 ACC USD,dVAM Global Equity Focus Strategy PCP,1.0,False,EUR,MUTUALFUND,存疑-币种不符,待人工核
DVAM GLOBAL EQUITY FOCUS STRATEGY PCP USD B1 ACC USD,GLOBAL,Yahoo按名称,0P0001LIX6.F,,DVAM GLOBAL EQUITY FOCUS STRATEGY PCP USD B1 ACC USD,dVAM Global Equity Focus Strategy PCP,1.0,False,EUR,MUTUALFUND,存疑-币种不符,待人工核
DVAM GLOBAL EQUITY FOCUS STRATEGY PCP USD D1 ACC USD,GLOBAL,Yahoo按名称,0P0001LIX3.F,,DVAM GLOBAL EQUITY FOCUS STRATEGY PCP USD D1 ACC USD,dVAM Global Equity Focus Strategy PCP,1.0,False,EUR,MUTUALFUND,存疑-币种不符,待人工核
DVAM GLOBAL EQUITY FOCUS STRATEGY PCP USD E1 ACC USD,GLOBAL,Yahoo按名称,0P0001LIX3.F,,DVAM GLOBAL EQUITY FOCUS STRATEGY PCP USD E1 ACC USD,dVAM Global Equity Focus Strategy PCP,1.0,False,EUR,MUTUALFUND,存疑-币种不符,待人工核
EUROPEAN INVESTMENT BANK EIB 4.625 % NOTES 2025 12.02.35 GLOBAL USD,GLOBAL,Yahoo按名称,0P0001AKK2.F,,EUROPEAN INVESTMENT BANK EIB 4.625 % NOTES 2025 12.02.35 GLOBAL USD,Evli European Investment Grade IB,0.4,False,EUR,MUTUALFUND,存疑,待人工核
EVELYN GLOBAL BALANCED DIRECT FUND K USD ACC USD,GLOBAL,Yahoo按名称,0P0001LWFA.L,,EVELYN GLOBAL BALANCED DIRECT FUND K USD ACC USD,Evelyn Global Balanced Direct K £ Acc,1.0,False,GBP,MUTUALFUND,存疑-币种不符,待人工核
EVELYN GLOBAL BALANCED PORTFOLIO A USD ACC USD,GLOBAL,Yahoo按名称,0P0001IS0K.F,,EVELYN GLOBAL BALANCED PORTFOLIO A USD ACC USD,Evelyn Global Balanced Retail € Acc,1.0,False,EUR,MUTUALFUND,存疑-币种不符,待人工核
EVELYN GLOBAL BALANCED PORTFOLIO RETAIL USD ACC USD,GLOBAL,Yahoo按名称,0P0001IS0K.F,,EVELYN GLOBAL BALANCED PORTFOLIO RETAIL USD ACC USD,Evelyn Global Balanced Retail € Acc,1.0,False,EUR,MUTUALFUND,存疑-币种不符,待人工核
EVELYN GLOBAL DEFENSIVE PORTFOLIO RETAIL USD ACC USD,GLOBAL,Yahoo按名称,0P0001IRZ3.F,,EVELYN GLOBAL DEFENSIVE PORTFOLIO RETAIL USD ACC USD,Evelyn Global Defensive Retail € Acc,1.0,False,EUR,MUTUALFUND,存疑-币种不符,待人工核
EVELYN GLOBAL INCOME PORTFOLIO RETAIL USD ACC USD,GLOBAL,Yahoo按名称,0P0001IS09.F,,EVELYN GLOBAL INCOME PORTFOLIO RETAIL USD ACC USD,Evelyn Global Income Retail € Acc,1.0,False,EUR,MUTUALFUND,存疑-币种不符,待人工核
FED HERMES GLOBAL EMERGING MARKETS EX CHINA EQUITY FUND CLASS M ACC USD,GLOBAL,Yahoo按名称,0P0001PITB.F,,FED HERMES GLOBAL EMERGING MARKETS EX CHINA EQUITY FUND CLASS M ACC USD,Federated Hermes Global Emerging Markets Ex China Equity Fund,0.88,False,EUR,MUTUALFUND,存疑-币种不符,待人工核
FEDERATED HERMES GLOBAL EMERGING MARKETS EQUITY FUND F USD ACCUMULATING USD,GLOBAL,Yahoo按名称,0P0001PITB.F,,FEDERATED HERMES GLOBAL EMERGING MARKETS EQUITY FUND F USD ACCUMULATING USD,Federated Hermes Global Emerging Markets Ex China Equity Fund,0.86,False,EUR,MUTUALFUND,存疑-币种不符,待人工核
FF GLOBAL DEMOGRAPHICS FUND A ACC USD,GLOBAL,Yahoo按名称,Y1B0.MU,LU0528227936,FF GLOBAL DEMOGRAPHICS FUND A ACC USD,Fidelity Funds - Global Demographics Fund,0.67,False,EUR,ETF,存疑-币种不符,待人工核
FF GLOBAL HEALTHCARE FUND A ACC USD,GLOBAL,Yahoo按名称,FJ2U.MU,,FF GLOBAL HEALTHCARE FUND A ACC USD,FF-Global Healthcare Fund     R,1.0,False,EUR,ETF,存疑-币种不符,待人工核
FIDELITY FDS AMERICA A ACC USD USD,AMERICAN,Yahoo按名称,IPGA.HM,,FIDELITY FDS AMERICA A ACC USD USD,Fidelity Fds-America Fund     R,1.0,False,EUR,ETF,存疑-币种不符,待人工核
FIDELITY FUNDS - INTERNATIONAL FUND A USD USD,INTERNATIONAL,Yahoo按名称,FJ22.F,LU1261432493,FIDELITY FUNDS - INTERNATIONAL FUND A USD USD,Fidelity Funds - International Fund,1.0,False,EUR,ETF,存疑-币种不符,待人工核
FIDELITY FUNDS FID AMERICA A DIS USD USD,AMERICAN,Yahoo按名称,0P0001KN60.F,LU0048573561,FIDELITY FUNDS FID AMERICA A DIS USD USD,Fidelity Funds - Fidelity Institutional Target 2060 (Euro) Fund,0.5,False,EUR,MUTUALFUND,存疑-币种不符,待人工核
FIDELITY FUNDS GLOBAL DIVIDEND EQUITY FUND A ACC USD,GLOBAL,Yahoo按名称,0P0001M4I2,,FIDELITY FUNDS GLOBAL DIVIDEND EQUITY FUND A ACC USD,Fidelity Global Multi Asset Dyn I-AccUSD,0.4,True,USD,MUTUALFUND,存疑,待人工核
FIDELITY FUNDS GLOBAL DIVIDEND EQUITY FUND A INC USD,GLOBAL,Yahoo按名称,0P0001M4I2,,FIDELITY FUNDS GLOBAL DIVIDEND EQUITY FUND A INC USD,Fidelity Global Multi Asset Dyn I-AccUSD,0.4,True,USD,MUTUALFUND,存疑,待人工核
FIDELITY FUNDS GLOBAL DIVIDEND EQUITY FUND Y ACC USD,GLOBAL,Yahoo按名称,0P0001CZEL,,FIDELITY FUNDS GLOBAL DIVIDEND EQUITY FUND Y ACC USD,Fidelity Glb Mlt Ast Inc Y-Acc-USD,0.25,True,USD,MUTUALFUND,存疑,待人工核
FIDELITY FUNDS GLOBAL FOCUS A USD DIS USD,GLOBAL,FT-ISIN->Yahoo,IPGR.F,LU0157215616,Fidelity Funds - Global Focus Fund A-DIST-USD,Fidelity Funds - Global Focus Fund,1.0,False,EUR,ETF,存疑-币种不符,待人工核
FIDELITY FUNDS GLOBAL INCOME FUND A ACC USD,GLOBAL,FT-ISIN->Yahoo,FJ2K.MU,LU0905233846,Fidelity Funds - Global Multi Asset Income Fund A-Acc-USD,Fidelity Funds - Global Multi Asset Income Fund,1.0,False,EUR,ETF,存疑-币种不符,待人工核
FIDELITY FUNDS GLOBAL MULTI ASSET INCOME FUND Y ACC USD,GLOBAL,FT-ISIN->Yahoo,0P0000CO5U,LU0346392300,Fidelity Funds - Global Multi Asset Growth & Income Fund Y-Acc-USD,Fidelity Glb MA Gr & Inc Y-Acc-USD,0.4,True,USD,MUTUALFUND,存疑,待人工核
FIDELITY FUNDS LATIN AMERICA A USD DIS NAV USD,AMERICAN,FT-ISIN->Yahoo,FJRC.F,LU0050427557,Fidelity Funds - Latin America Fund A-DIST-USD,Fidelity Funds - Latin America Fund,1.0,False,EUR,ETF,存疑-币种不符,待人工核
FIDELITY GLOBAL HEALTH CARE FUND Y ACC USD,GLOBAL,Yahoo按名称,FAGRX,,FIDELITY GLOBAL HEALTH CARE FUND Y ACC USD,Fidelity Global Health Care Fund Series A LSC (613A3),1.0,False,CAD,MUTUALFUND,存疑-币种不符,待人工核
FIDELITY GLOBAL TECHNOLOGY A USD ACC USD,GLOBAL,Yahoo按名称,0P0001DIJX.SI,LU1046421795,FIDELITY GLOBAL TECHNOLOGY A USD ACC USD,Fidelity Global Technology A-Acc-SGD,1.0,False,SGD,MUTUALFUND,存疑-币种不符,待人工核
FIRST STATE GLOBAL STEWART INV GLOBAL EMERGING MARKET LEADERS I ACC USD USD,GLOBAL,Yahoo按名称,F7H0.MU,,FIRST STATE GLOBAL STEWART INV GLOBAL EMERGING MARKET LEADERS I ACC USD USD,First State Global Umbrella Fund - Stewart Investors Asia Pacific Leaders Fund,0.62,False,EUR,ETF,存疑-币种不符,待人工核
FIRST STATE GLOBAL UM LISTD INFRASTRUCT I USD DIST USD,GLOBAL,Yahoo按名称,F7H0.MU,,FIRST STATE GLOBAL UM LISTD INFRASTRUCT I USD DIST USD,First State Global Umbrella Fund - Stewart Investors Asia Pacific Leaders Fund,0.43,False,EUR,ETF,存疑,待人工核
GAM STAR GLOBAL BALANCED C USD ACC USD,GLOBAL,Yahoo按名称,0P0001J7ZC.F,,GAM STAR GLOBAL BALANCED C USD ACC USD,GAM Star Global Eq Slng Agt C H EUR Acc,0.75,False,EUR,MUTUALFUND,存疑-币种不符,待人工核
GOLDMAN SACHS GLOBAL CORE EQUITY PORTFOLIO ACC USD,GLOBAL,FT-ISIN->Yahoo,0P0001UZPQ,LU3029563320,Goldman Sachs Global CORE Equity Portfolio R Acc USD Close,,0.0,True,USD,MUTUALFUND,无名称信息,待人工核
GOLDMAN SACHS GLOBAL SENIOR LOANS R HEDGED INC USD,GLOBAL,Yahoo按名称,0P0001527M.F,LU0428438575,GOLDMAN SACHS GLOBAL SENIOR LOANS R HEDGED INC USD,Goldman Sachs Global Senior Loans Select (Lux),0.83,False,EUR,MUTUALFUND,存疑-币种不符,待人工核
GQG PARTNERS GLOBAL EQUITY I ACC USD,GLOBAL,Yahoo按名称,0P0001F5PM.F,,GQG PARTNERS GLOBAL EQUITY I ACC USD,GQG Partners Global Equity I EUR Acc,1.0,False,EUR,MUTUALFUND,存疑-币种不符,待人工核
GUINNESS AM GLOBAL ENERGY C USD INC NAV USD,GLOBAL,Yahoo按名称,0P000118SR.F,,GUINNESS AM GLOBAL ENERGY C USD INC NAV USD,Guinness Global Energy C EUR Acc,1.0,False,EUR,MUTUALFUND,存疑-币种不符,待人工核
GUINNESS AM GLOBAL ENERGY D USD INC NAV USD,GLOBAL,Yahoo按名称,0P0000IKHA.F,,GUINNESS AM GLOBAL ENERGY D USD INC NAV USD,Guinness Global Energy D EUR Acc,1.0,False,EUR,MUTUALFUND,存疑-币种不符,待人工核
GUINNESS AM GLOBAL EQUITY INCOME C USD,GLOBAL,Yahoo按名称,0P0000SR2U.L,,GUINNESS AM GLOBAL EQUITY INCOME C USD,Guinness Global Equity Income C GBP Dist,1.0,False,GBP,MUTUALFUND,存疑-币种不符,待人工核
GUINNESS AM GLOBAL EQUITY INCOME Y USD,GLOBAL,Yahoo按名称,0P00015HVY.F,,GUINNESS AM GLOBAL EQUITY INCOME Y USD,Guinness Global Equity Income Y EUR Acc,1.0,False,EUR,MUTUALFUND,存疑-币种不符,待人工核
GUINNESS AM GLOBAL INNOVATORS C ACC USD,GLOBAL,Yahoo按名称,0P00014JQ1.F,,GUINNESS AM GLOBAL INNOVATORS C ACC USD,Guinness Global Innovators C EUR ACC,1.0,False,EUR,MUTUALFUND,存疑-币种不符,待人工核
GUINNESS GLOBAL EQUITY INCOME FUND C USD USD,GLOBAL,Yahoo按名称,0P00015HVY.F,,GUINNESS GLOBAL EQUITY INCOME FUND C USD USD,Guinness Global Equity Income Y EUR Acc,1.0,False,EUR,MUTUALFUND,存疑-币种不符,待人工核
GUINNESS GLOBAL MONEY MANAGERS C ACC USD,GLOBAL,Yahoo按名称,0P000118SS.F,,GUINNESS GLOBAL MONEY MANAGERS C ACC USD,Guinness Global Money Managers C EUR Acc,1.0,False,EUR,MUTUALFUND,存疑-币种不符,待人工核
HSBC HOLDINGS PLC 7.35 % NOTES 2022-27.11.32 GLOBAL USD,GLOBAL,Yahoo按名称,HSBA.L,,HSBC HOLDINGS PLC 7.35 % NOTES 2022-27.11.32 GLOBAL USD,HSBC Holdings plc,1.0,False,GBp,EQUITY,存疑-币种不符,待人工核
INVESCO GLOBAL CONSUMER TRENDS A USD USD,GLOBAL,FT-ISIN->Yahoo,IUGI.F,LU0052864419,Invesco Funds - Invesco Global Consumer Trends Fund A Accumulation USD,Invesco Funds - Invesco Global Consumer Trends Fund,1.0,False,EUR,ETF,存疑-币种不符,待人工核
INVESCO GLOBAL CONSUMER TRENDS C USD USD,GLOBAL,FT-ISIN->Yahoo,0P00000AN0,LU0100598878,Invesco Funds - Invesco Global Consumer Trends Fund C Accumulation USD,Invesco Glbl Consmr Trnds C USD Acc,0.25,True,USD,MUTUALFUND,存疑,待人工核
INVESCO GLOBAL EQUITY FUND C (USD)-ANNUAL DISTRIBUTION USD,GLOBAL,Yahoo按名称,IGET.L,LU0267985157,INVESCO GLOBAL EQUITY FUND C (USD)-ANNUAL DISTRIBUTION USD,Invesco Global Equity Income Trust ord,0.75,False,GBp,EQUITY,存疑-币种不符,待人工核
ISHARES GLOBAL HIGH YIELD CORP BD UCITS USD ACC USD,GLOBAL,Yahoo按名称,CEBR.DE,,ISHARES GLOBAL HIGH YIELD CORP BD UCITS USD ACC USD,iShares Global High Yield Corp Bond UCITS ETF EUR Hedged (Acc),0.8,False,EUR,ETF,存疑-币种不符,待人工核
ISHARES MSCI EM LATIN AMERICA USD,AMERICAN,Yahoo按名称,LTAM.L,,ISHARES MSCI EM LATIN AMERICA USD,iShares MSCI EM Latin America UCITS ETF USD (Dist),1.0,False,GBp,ETF,存疑-币种不符,待人工核
ISHARES S&P GLOBAL TIMBER & FORESTRY USD,GLOBAL,Yahoo按名称,XGD.TO,,ISHARES S&P GLOBAL TIMBER & FORESTRY USD,iShares S&P/TSX Global Gold Index ETF,0.5,False,CAD,ETF,存疑-币种不符,待人工核
J O HAMBRO CAP GLOBAL OPPS A USD INC NAV USD,GLOBAL,Yahoo按名称,U650.MU,,J O HAMBRO CAP GLOBAL OPPS A USD INC NAV USD,J O Hambro Capital Management Umbrella Fund plc - J O Hambro Capital Management Global Select Fund,0.5,False,EUR,ETF,存疑-币种不符,待人工核
JANUS HENDERSON GLOBAL EQUITY FUND R\$ ACC A2 USD USD,GLOBAL,FT-ISIN->Yahoo,0P00000HSG,IE0033534557,Janus Henderson Capital Funds plc - Global Real Estate Equity Income Fund Class A2 USD,Janus Henderson Glb Rl EstEqInc A2USD,0.33,True,USD,MUTUALFUND,存疑,待人工核
JANUS HENDERSON GLOBAL REAL ESTATE A3Q USD USD,GLOBAL,FT-ISIN->Yahoo,F4QR.MU,IE0033534441,Janus Henderson Capital Funds plc - Global Real Estate Equity Income Fund Class A3q USD,Janus Henderson Capital Funds plc - Janus Global Real Estate Fund,1.0,False,EUR,ETF,存疑-币种不符,待人工核
JANUS HENDERSON HORIZON GLOBAL PROPERTY EQUITIES FUND A3Q USD USD,GLOBAL,FT-ISIN->Yahoo,HZ5Y.F,LU0209137206,Janus Henderson Horizon Global Property Equities Fund A3q USD,Janus Henderson Horizon - Global Property Equities Fund,1.0,False,EUR,ETF,存疑-币种不符,待人工核
JANUS HENDERSON HORIZON GLOBAL TECHNOLOGY LEADERS FUND A1 USD USD,GLOBAL,FT-ISIN->Yahoo,FGVA.MU,LU0209158467,Janus Henderson Horizon Global Technology Leaders Fund A1 USD,Janus Henderson Horizon - Global Technology Fund,1.0,False,EUR,ETF,存疑-币种不符,待人工核
JANUS HENDERSON HORIZON GLOBAL TECHNOLOGY LEADERS FUND A2 USD USD,GLOBAL,Yahoo按名称,0P0000YWFQ.SI,LU0070992663,JANUS HENDERSON HORIZON GLOBAL TECHNOLOGY LEADERS FUND A2 USD USD,Janus Henderson Horizon Global Technology Leaders Fund A2 HSGD,1.0,False,SGD,MUTUALFUND,存疑-币种不符,待人工核
JANUS HENDERSON HORIZON GLOBAL TECHNOLOGY LEADERS FUND H2 USD USD,GLOBAL,FT-ISIN->Yahoo,0P0000YFYK,LU0828813369,Janus Henderson Horizon Global Technology Leaders Fund H2 USD,Janus Henderson Hrzn GlbTechLdrs H2USD,0.4,True,USD,MUTUALFUND,存疑,待人工核
JP MORGAN GLOBAL SOCIALLY RESPONSIBLE A ACC USD,GLOBAL,Yahoo按名称,0P0001M07F.L,,JP MORGAN GLOBAL SOCIALLY RESPONSIBLE A ACC USD,UWS JP Morgan Global (ex-UK) A OSB,0.6,False,GBP,MUTUALFUND,存疑-币种不符,待人工核
JPMORGAN AMERICA EQUITY A USD USD,AMERICAN,FT-ISIN->Yahoo,JPJA.F,LU0053666078,JPMorgan Funds - America Equity Fund A (dist) USD,JPMorgan Funds - America Equity Fund,1.0,False,EUR,ETF,存疑-币种不符,待人工核
JPMORGAN ASSET MGM LATIN AMERICA EQUITY A DIS USD USD,AMERICAN,Yahoo按名称,00401A.TW,,JPMORGAN ASSET MGM LATIN AMERICA EQUITY A DIS USD USD,JPMorgan (Taiwan) Taiwan Equity High Income Active ETF,0.33,False,TWD,ETF,存疑,待人工核
JUPITER GLOBAL FUND JUPITER FINANCIAL INNOVATION L USD ACC NAV USD,GLOBAL,Yahoo按名称,0P00007W57.L,,JUPITER GLOBAL FUND JUPITER FINANCIAL INNOVATION L USD ACC NAV USD,Jupiter Global Fund - Jupiter Financial Innovation,1.0,False,GBP,MUTUALFUND,存疑-币种不符,待人工核
JUPITER MERIAN GLOBAL EQUITY ABSOLUTE RETURN FUND I USD ACC USD,GLOBAL,Yahoo按名称,0P0001339A,,JUPITER MERIAN GLOBAL EQUITY ABSOLUTE RETURN FUND I USD ACC USD,Jupiter Merian Glb Eq Abs Rt I USD Acc,0.4,True,USD,MUTUALFUND,存疑,待人工核
JUPITER MERIAN GLOBAL EQUITY ABSOLUTE RETURN FUND L USD ACC USD,GLOBAL,Yahoo按名称,0P00013397,,JUPITER MERIAN GLOBAL EQUITY ABSOLUTE RETURN FUND L USD ACC USD,Jupiter Merian Glb Eq Abs Rt L USD Acc,0.4,True,USD,MUTUALFUND,存疑,待人工核
LIONTRUST GF SUSTAINABLE FUTURE GLOBAL GROWTH FUND B5 ACC USD USD,GLOBAL,Yahoo按名称,0P0001IRM0.F,,LIONTRUST GF SUSTAINABLE FUTURE GLOBAL GROWTH FUND B5 ACC USD USD,Liontrust GF Sustainable Future Global Growth Fund,1.0,False,EUR,MUTUALFUND,存疑-币种不符,待人工核
MAN GLOBAL INVESTMENT GRADE OPPORTUNITIES I ACC USD,GLOBAL,Yahoo按名称,0P0001NTQ4.L,,MAN GLOBAL INVESTMENT GRADE OPPORTUNITIES I ACC USD,BlackRock Solutions Funds ICAV - Coutts Actively Managed Global Investment Grade Credit Fund,0.6,False,GBP,MUTUALFUND,存疑-币种不符,待人工核
MFS MERIDIAN FUNDS GLOBAL TOTAL RETURN A1 USD CAP USD,GLOBAL,Yahoo按名称,FHTF.MU,,MFS MERIDIAN FUNDS GLOBAL TOTAL RETURN A1 USD CAP USD,MFS Meridian Funds - Global Total Return Fund,1.0,False,EUR,ETF,存疑-币种不符,待人工核
MGTS PROGENY PROFOLIO GLOBAL 30-50% SHARES FUND ACC USD,GLOBAL,Yahoo按名称,0P0001R09P.L,,MGTS PROGENY PROFOLIO GLOBAL 30-50% SHARES FUND ACC USD,MGTS Progeny ProFolio Global 30-50% Shares Fund,1.0,False,GBP,MUTUALFUND,存疑-币种不符,待人工核
MORGAN STANLEY GLOBAL ADVANTAGE A EUR ACC NAV USD,GLOBAL,Yahoo按名称,MSJAX,,MORGAN STANLEY GLOBAL ADVANTAGE A EUR ACC NAV USD,Morgan Stanley Global Endurance A,0.75,False,USD,MUTUALFUND,存疑-币种不符,待人工核
MORGAN STANLEY GLOBAL ADVANTAGE FUND Z ACC USD,GLOBAL,Yahoo按名称,0P0000CNA5.F,,MORGAN STANLEY GLOBAL ADVANTAGE FUND Z ACC USD,Mediolanum Best Brands Morgan Stanley Global Selection,0.75,False,EUR,MUTUALFUND,存疑-币种不符,待人工核
NEW HORIZON GLOBAL BALANCED FUND C USD ACC USD,GLOBAL,Yahoo按名称,0P0001D65K.L,,NEW HORIZON GLOBAL BALANCED FUND C USD ACC USD,New Horizon Global Balanced E GBP,1.0,False,GBP,MUTUALFUND,存疑-币种不符,待人工核
NEW HORIZON GLOBAL BALANCED FUND F USD ACC USD,GLOBAL,Yahoo按名称,0P0001F4JT.L,,NEW HORIZON GLOBAL BALANCED FUND F USD ACC USD,New Horizon Global Balanced F GBP,1.0,False,GBP,MUTUALFUND,存疑-币种不符,待人工核
NEW HORIZON GLOBAL BALANCED FUND M USD ACC USD,GLOBAL,Yahoo按名称,0P0001F4JV.L,,NEW HORIZON GLOBAL BALANCED FUND M USD ACC USD,New Horizon Global Balanced M GBP,1.0,False,GBP,MUTUALFUND,存疑-币种不符,待人工核
NEW HORIZON GLOBAL INNOVATION D ACC USD,GLOBAL,Yahoo按名称,0P0001SS10.F,,NEW HORIZON GLOBAL INNOVATION D ACC USD,New Horizon Global Innovation C EUR Acc,1.0,False,EUR,MUTUALFUND,存疑-币种不符,待人工核
NINETY ONE GLOBAL MULTI-ASSET INC A INC-2 USD,GLOBAL,FT-ISIN->Yahoo,0P0000URPG,LU0700851271,Ninety One Global Strategy Fund - Emerging Markets Multi-Asset Fund A Acc USD,Ninety One GSF EM Mlt-Asst A Acc USD,0.33,True,USD,MUTUALFUND,存疑,待人工核
NINETY ONE GLOBAL NATURAL RESOURCES C INC USD,GLOBAL,FT-ISIN->Yahoo,0P0001HDEI,LU1982815224,Ninety One Global Strategy Fund - Global Natural Resources Fund C USD Acc,Ninety One GSF Glb Ntrl Res C USD Acc,0.33,True,USD,MUTUALFUND,存疑,待人工核
NINETY ONE GLOBAL ST GBL MULTI ASSET INC IX INC USD,GLOBAL,Yahoo按名称,0P00000R8P,,NINETY ONE GLOBAL ST GBL MULTI ASSET INC IX INC USD,Ninety One GSF Glb StratMgd A Inc USD,0.4,True,USD,MUTUALFUND,存疑,待人工核
NINETY ONE GLOBAL ST GBL MULTI AST INC A USD ACC USD,GLOBAL,Yahoo按名称,0P00000R8P,,NINETY ONE GLOBAL ST GBL MULTI AST INC A USD ACC USD,Ninety One GSF Glb StratMgd A Inc USD,0.4,True,USD,MUTUALFUND,存疑,待人工核
NINETY ONE GLOBAL ST GBL MULTI AST INC I USD DIS USD,GLOBAL,Yahoo按名称,0P0001RBUZ,,NINETY ONE GLOBAL ST GBL MULTI AST INC I USD DIS USD,Ninety One GSF Glbl Crdt Inc C Inc2USD,0.33,True,USD,MUTUALFUND,存疑,待人工核
NINETY ONE GLOBAL STRATEGY FUND GLOBAL NATURAL RESOURCES FUND I ACC USD,GLOBAL,FT-ISIN->Yahoo,0P00009X5L,LU0345781172,Ninety One Global Strategy Fund - Global Natural Resources Fund I Acc USD,Ninety One GSF Glb Ntrl Res I Acc USD,0.33,True,USD,MUTUALFUND,存疑,待人工核
NINETY-ONE GLOBAL ST GLOBAL VALUE EQTY A USD ACC USD,GLOBAL,Yahoo按名称,0P00000R8P,,NINETY-ONE GLOBAL ST GLOBAL VALUE EQTY A USD ACC USD,Ninety One GSF Glb StratMgd A Inc USD,0.4,True,USD,MUTUALFUND,存疑,待人工核
NINETY-ONE GS GLOBAL EQUITY A INC USD,GLOBAL,FT-ISIN->Yahoo,0P00000R8Y,LU0345770993,Ninety One Global Strategy Fund - Global Strategic Equity Fund A Inc USD,Ninety One GSF Glb Strat Eq A Inc USD,0.33,True,USD,MUTUALFUND,存疑,待人工核
PIMCO GIS GLOBAL HIGH YIELD E INC USD USD,GLOBAL,Yahoo按名称,0P00006D1H,IE0002420739,PIMCO GIS GLOBAL HIGH YIELD E INC USD USD,PIMCO GIS Glb Hi Yld Bd E USD Acc,0.4,True,USD,MUTUALFUND,存疑,待人工核
PIMCO GIS GLOBAL INVESTMENT GRADE CREDIT E USD INC USD,GLOBAL,FT-ISIN->Yahoo,0P00000WBD,IE0033386453,PIMCO GIS Global Investment Grade Credit Fund Institutional USD Income,PIMCO GIS GlInGd Crdt Instl USD Inc,0.4,True,USD,MUTUALFUND,存疑,待人工核
PIMCO GLOBAL ADVIS DIVSFD INC INST ACC NAV USD,GLOBAL,Yahoo按名称,0P0001I30F.TO,,PIMCO GLOBAL ADVIS DIVSFD INC INST ACC NAV USD,IG PIMCO Global Bond Fund F,0.5,False,CAD,MUTUALFUND,存疑-币种不符,待人工核
PIMCO GLOBAL ADVIS GBL REAL RETURN INSTL INC USD,GLOBAL,Yahoo按名称,0P0001I30F.TO,,PIMCO GLOBAL ADVIS GBL REAL RETURN INSTL INC USD,IG PIMCO Global Bond Fund F,0.5,False,CAD,MUTUALFUND,存疑-币种不符,待人工核
PINEBRIDGE GLOBAL DYNAMIC ASSET ALLOCATION Y USD ACC USD,GLOBAL,FT-ISIN->Yahoo,0P00000RKU,IE0007357332,PineBridge Global Dynamic Asset Allocation Fund Y,PineBridge Glbl Dyn Asset Allc Y,0.4,True,USD,MUTUALFUND,存疑,待人工核
PINEBRIDGE GLOBAL EMERGING MARKETS FOCUS EQUITY Y USD ACC USD,GLOBAL,FT-ISIN->Yahoo,0P00000RRD,IE0004897173,PineBridge Global Emerging Markets Focus Equity Fund Y,PineBridge Global Emerg Mkts Foc Eq Y,0.33,True,USD,MUTUALFUND,存疑,待人工核
PZENA GLOBAL EXPANDED VALUE FUND A USD INC USD,GLOBAL,Yahoo按名称,0P00013PR9.L,,PZENA GLOBAL EXPANDED VALUE FUND A USD INC USD,Pzena Global Value A GBP Acc,1.0,False,GBP,MUTUALFUND,存疑-币种不符,待人工核
QUILTER INVESTORS GLOBAL EQUITY VALUE FUND ACC USD,GLOBAL,Yahoo按名称,0P0001D7J3.L,,QUILTER INVESTORS GLOBAL EQUITY VALUE FUND ACC USD,Quilter Investors Global Equity Absolute Return Fund,0.75,False,GBP,MUTUALFUND,存疑-币种不符,待人工核
ROBECO GLOBAL CONSUMER TRENDS EQUITIES CID USD USD,GLOBAL,Yahoo按名称,XRQ3.F,,ROBECO GLOBAL CONSUMER TRENDS EQUITIES CID USD USD,Robeco Capital Growth Funds - Robeco Consumer Trends Equities,0.67,False,EUR,ETF,存疑-币种不符,待人工核
SANLAM AI GLOBAL MANAGED RISK BASE A2 ACC USD,GLOBAL,Yahoo按名称,0P00013EB2,,SANLAM AI GLOBAL MANAGED RISK BASE A2 ACC USD,A.I.Machines Glb Mgd Risk A2 USD Base Ac,0.43,True,USD,MUTUALFUND,存疑,待人工核
SANLAM AI GLOBAL MANAGED RISK BASE L2 ACC USD,GLOBAL,Yahoo按名称,0P0001E1JG,,SANLAM AI GLOBAL MANAGED RISK BASE L2 ACC USD,A.I.Machines Glb Mgd Risk 5N2USD Base Ac,0.33,True,USD,MUTUALFUND,存疑,待人工核
SANLAM AI GLOBAL MANAGED RISK FUND N ACC USD,GLOBAL,Yahoo按名称,0P0001CZWD,,SANLAM AI GLOBAL MANAGED RISK FUND N ACC USD,A.I.Machines Glb Mgd Risk N USD Acc,0.25,True,USD,MUTUALFUND,存疑,待人工核
Schroder Int Sel Global Energy A Acc USD,GLOBAL,Yahoo按名称,0P000019EE,LU0256331488,Schroder Int Sel Global Energy A Acc USD,Schroder International Selection Fund Global Equity A Accumulation USD,0.4,True,USD,MUTUALFUND,存疑,待人工核
SCHRODER INT SEL GLOBAL EQUITY A USD ACC USD,GLOBAL,FT-ISIN->Yahoo,ZJPC.F,LU0215105999,Schroder International Selection Fund Global Equity A Accumulation USD,Schroder International Selection Fund SICAV- Global Equity,1.0,False,EUR,ETF,存疑-币种不符,待人工核
Schroder Int Sel Global Equity Alpha A USD Acc USD,GLOBAL,FT-ISIN->Yahoo,HV8M.MU,LU0225283273,Schroder International Selection Fund Global Equity Alpha A Accumulation USD,Schroder International Selection Fund SICAV - Global Equity Alpha Fund,1.0,False,EUR,ETF,存疑-币种不符,待人工核
SCHRODER ISF GLOBAL EQUITY ALPHA C ACC USD,GLOBAL,FT-ISIN->Yahoo,0P00001CEH,LU0225283786,Schroder International Selection Fund Global Equity Alpha C Accumulation USD,Schroder ISF Global Eq Alp C Acc USD,0.4,True,USD,MUTUALFUND,存疑,待人工核
SCHRODER ISF GLOBAL HIGH YIELD C ACC USD,GLOBAL,FT-ISIN->Yahoo,SRVT.F,LU0189893794,Schroder International Selection Fund Global High Yield C Accumulation USD,Schroder International Selection Fund SICAV - Global High Yield,1.0,False,EUR,ETF,存疑-币种不符,待人工核
T ROWE GLOBAL FOCUSED GROWTH EQUITY Q USD USD,GLOBAL,FT-ISIN->Yahoo,0P0001EVSL,LU1892523231,T. Rowe Price Funds SICAV - Global Focused Growth Equity Fund Q,T. Rowe Price Glb Foc Gr Eq Q,0.33,True,USD,MUTUALFUND,存疑,待人工核
T.ROWE PRICE FDS GLOBAL TECHNOLOGY EQUITY Q USD,GLOBAL,Yahoo按名称,TRI3.MU,,T.ROWE PRICE FDS GLOBAL TECHNOLOGY EQUITY Q USD,T. Rowe Price Funds SICAV - Global Allocation Fund,0.4,False,EUR,ETF,存疑,待人工核
T.ROWE PRICE GLOBAL HI YLD BD A USD USD,GLOBAL,Yahoo按名称,TRGRX,,T.ROWE PRICE GLOBAL HI YLD BD A USD USD,T. Rowe Price Global Real Estate,0.4,True,USD,MUTUALFUND,存疑,待人工核
VANGUARD GLOBAL SMALL-CAP INDEX USD ACC USD,GLOBAL,Yahoo按名称,0P00012I66.F,,VANGUARD GLOBAL SMALL-CAP INDEX USD ACC USD,Vanguard Global Small-Cap Index Fund,1.0,False,EUR,MUTUALFUND,存疑-币种不符,待人工核
VT DE LISLE AMERICA B ACC USD,AMERICAN,Yahoo按名称,0P0001PMCT.L,,VT DE LISLE AMERICA B ACC USD,VT De Lisle America B GBP Hdg,1.0,False,GBP,MUTUALFUND,存疑-币种不符,待人工核
