name,isin_cur,expected_cur,symbol_old,usable,reason
AB INTERNATIONAL HEALTH CARE PORTFOLIO C ACC USD,LU0058720904:USD,USD,XAYP.F,CUR_MISMATCH,Yahoo仅有EUR/其他币种份额，需EODHD或人工
AB SICAV I GLOBAL REAL ESTATE SECURITIES PORTFOLIO A USD,LU0074935502:USD,USD,XAY6.HM,CUR_MISMATCH,Yahoo仅有EUR/其他币种份额，需EODHD或人工
AB SICAV I INTERNATIONAL HEALTH CARE PORTFOLIO A USD USD,LU0058720904:USD,USD,XAYP.F,CUR_MISMATCH,Yahoo仅有EUR/其他币种份额，需EODHD或人工
ABRDN SICAV I FUTURE GLOBAL EQUITY A ACC USD,LU0107464264:USD,USD,AEFJ.MU,CUR_MISMATCH,Yahoo仅有EUR/其他币种份额，需EODHD或人工
ALLIANZ GLOBAL ASIA PACIFIC INCOME A INC USD,LU0348744763:USD,USD,AZHI.F,CUR_MISMATCH,Yahoo仅有EUR/其他币种份额，需EODHD或人工
ALLIANZ GLOBAL INV CHINA EQUITY A USD DIS USD,LU0348832204:USD,USD,UQ24.F,NO_SYMBOL,Yahoo无USD符号，建议EODHD按ISIN拉
ALLIANZ GLOBAL INV GLOBAL EQUITY UNCONSTRAINED AT USD,LU0342679015:USD,USD,DJET.MU,CUR_MISMATCH,Yahoo仅有EUR/其他币种份额，需EODHD或人工
ALLIANZ GLOBAL INV GLOBAL HI TECH GTH A ACC NAV USD,LU0348723411:USD,USD,ZZRZ.F,CUR_MISMATCH,Yahoo仅有EUR/其他币种份额，需EODHD或人工
ALLIANZ GLOBAL INV GLOBAL SUSTAINABILITY A DIS USD,LU0158827948:USD,USD,UQ2K.F,CUR_MISMATCH,Yahoo仅有EUR/其他币种份额，需EODHD或人工
ALLIANZ GLOBAL INV HONG KONG EQUITY A USD USD,LU0348735423:USD,USD,UQ2G.F,CUR_MISMATCH,Yahoo仅有EUR/其他币种份额，需EODHD或人工
ALLIANZ GLOBAL INV INCOME AND GROWTH AM USD IN USD,LU0820561818:USD,USD,0P000148G1.BE,CUR_MISMATCH,Yahoo仅有EUR/其他币种份额，需EODHD或人工
ALLIANZ GLOBAL INV LITTLE DRAGONS A USD DIS USD,LU0348766576:USD,USD,UQ26.F,CUR_MISMATCH,Yahoo仅有EUR/其他币种份额，需EODHD或人工
ALLIANZ GLOBAL INV ORIENTAL INCOME A USD USD,LU0348783233:USD,USD,0P000148G1.BE,CUR_MISMATCH,Yahoo仅有EUR/其他币种份额，需EODHD或人工
ALLIANZ GLOBAL INV US EQUITY A USD INC NAV USD,LU0256863811:USD,USD,DJEU.HM,CUR_MISMATCH,Yahoo仅有EUR/其他币种份额，需EODHD或人工
AXA WORLD FUND GLOBAL REAL ESTATE A USD ACC USD,LU1731858806:USD,USD,0P0000SR16,NO_SYMBOL,Yahoo无USD符号，建议EODHD按ISIN拉
BARING GLOBAL RESOURCES A USD DIS USD,IE0000931182:USD,USD,BYQN.F,CUR_MISMATCH,Yahoo仅有EUR/其他币种份额，需EODHD或人工
BARING LATIN AMERICA A USD DIS USD,IE0000828933:USD,USD,BYQU.F,CUR_MISMATCH,Yahoo仅有EUR/其他币种份额，需EODHD或人工
BARINGS GLOBAL LEADERS FUND CLASS A USD INC USD,IE0030016244:USD,USD,BYQX.SG,CUR_MISMATCH,Yahoo仅有EUR/其他币种份额，需EODHD或人工
BLACKROCK SYSTEMATIC GLOBAL SMALLCAP FUND A2 ACC USD,LU0054578231:USD,USD,0P000137EL,CUR_MISMATCH,Yahoo仅有EUR/其他币种份额，需EODHD或人工
BLUEBAY GLOBAL SOVEREIGN OPPORTUNITIES C ACC USD,LU1480175907:USD,USD,0P00019Y0W.F,NO_SYMBOL,Yahoo无USD符号，建议EODHD按ISIN拉
CT AMERICAN SELECT 1U USD ACC USD,LU1868841674:USD,USD,FV2J.F,CUR_MISMATCH,Yahoo仅有EUR/其他币种份额，需EODHD或人工
CT GLOBAL FOCUS AU USD USD,LU0061474960:USD,USD,0P0001CZXN.L,CUR_MISMATCH,Yahoo仅有EUR/其他币种份额，需EODHD或人工
FIDELITY FUNDS FID AMERICA A DIS USD USD,LU0048573561:USD,USD,0P0001KN60.F,NO_SYMBOL,Yahoo无USD符号，建议EODHD按ISIN拉
FIDELITY FUNDS GLOBAL FOCUS A USD DIS USD,LU0157215616:USD,USD,IPGR.F,CUR_MISMATCH,Yahoo仅有EUR/其他币种份额，需EODHD或人工
FIDELITY FUNDS LATIN AMERICA A USD DIS NAV USD,LU0050427557:USD,USD,FJRC.F,CUR_MISMATCH,Yahoo仅有EUR/其他币种份额，需EODHD或人工
FIDELITY GLOBAL TECHNOLOGY A USD ACC USD,LU1046421795:USD,USD,0P0001DIJX.SI,NO_SYMBOL,Yahoo无USD符号，建议EODHD按ISIN拉
JANUS HENDERSON GLOBAL REAL ESTATE A3Q USD USD,IE0033534441:USD,USD,F4QR.MU,CUR_MISMATCH,Yahoo仅有EUR/其他币种份额，需EODHD或人工
JANUS HENDERSON HORIZON GLOBAL PROPERTY EQUITIES FUND A3Q USD USD,LU0209137206:USD,USD,HZ5Y.F,CUR_MISMATCH,Yahoo仅有EUR/其他币种份额，需EODHD或人工
JANUS HENDERSON HORIZON GLOBAL TECHNOLOGY LEADERS FUND A1 USD USD,LU0209158467:USD,USD,FGVA.MU,CUR_MISMATCH,Yahoo仅有EUR/其他币种份额，需EODHD或人工
JANUS HENDERSON HORIZON GLOBAL TECHNOLOGY LEADERS FUND A2 USD USD,LU0070992663:USD,USD,0P0000YWFQ.SI,NO_SYMBOL,Yahoo无USD符号，建议EODHD按ISIN拉
MFS MERIDIAN FUNDS GLOBAL TOTAL RETURN A1 USD CAP USD,LU0219441499:USD,USD,FHTF.MU,CUR_MISMATCH,Yahoo仅有EUR/其他币种份额，需EODHD或人工
NINETY ONE GLOBAL MULTI-ASSET INC A INC-2 USD,LU1800671676:USD,USD,0P0000URPG,NO_SYMBOL,Yahoo无USD符号，建议EODHD按ISIN拉
ROBECO GLOBAL CONSUMER TRENDS EQUITIES CID USD USD,LU0554840073:USD,USD,XRQ3.F,NO_SYMBOL,Yahoo无USD符号，建议EODHD按ISIN拉
SANDS CAPITAL FUND GLOBAL GROWTH A USD ACC USD,LU0990495888:USD,USD,,NO_SYMBOL,Yahoo无USD符号，建议EODHD按ISIN拉
Schroder Int Sel Global Energy A Acc USD,LU0256331488:USD,USD,0P000019EE,NO_SYMBOL,Yahoo无USD符号，建议EODHD按ISIN拉
SCHRODER INT SEL GLOBAL EQUITY A USD ACC USD,LU0215105999:USD,USD,ZJPC.F,CUR_MISMATCH,Yahoo仅有EUR/其他币种份额，需EODHD或人工
Schroder Int Sel Global Equity Alpha A USD Acc USD,LU0225283273:USD,USD,HV8M.MU,CUR_MISMATCH,Yahoo仅有EUR/其他币种份额，需EODHD或人工
SCHRODER INTERNATIONAL SELECTION FUND EMERGING MARKETS DEBT TOTAL RETURN A ACC USD,LU0106253197:USD,USD,HV8C.F,CUR_MISMATCH,Yahoo仅有EUR/其他币种份额，需EODHD或人工
SCHRODER ISF GLOBAL HIGH YIELD C ACC USD,LU0189893794:USD,USD,SRVT.F,CUR_MISMATCH,Yahoo仅有EUR/其他币种份额，需EODHD或人工
T ROWE GLOBAL FOCUSED GROWTH EQUITY Q USD USD,LU0143551892:USD,USD,0P0001EVSL,CUR_MISMATCH,Yahoo仅有EUR/其他币种份额，需EODHD或人工
