name,symbol,rows,first,last,currency
AB INTERNATIONAL HEALTH CARE PORTFOLIO C ACC USD,XAYP.F,1,1786600959,1786600959,EUR
AB INTERNATIONAL TECHNOLOGY PORTFOLIO I ACC USD,0P0001P7SF,1035,1656509400,1786627800,USD
AB SICAV I GLOBAL REAL ESTATE SECURITIES PORTFOLIO A USD,XAY6.HM,1,1786601089,1786601089,EUR
AB SICAV I INTERNATIONAL HEALTH CARE PORTFOLIO A USD USD,XAYP.F,1,1786600959,1786600959,EUR
AB SICAV I INTERNATIONAL TECHNOLOGY PORTFOLIO A USD USD,LU0060230025.SG,0,,,EUR
ABRDN SICAV I - GLOBAL DYNAMIC DIVIDEND FUND X INC USD USD,0P0001M1PV,1113,1646749800,1786627800,USD
ABRDN SICAV I - NORTH AMERICAN SMALLER COMPANIES A ACC USD USD,0P0000ZNPV,1113,1646749800,1786627800,USD
ABRDN SICAV I FUTURE GLOBAL EQUITY A ACC USD,AEFJ.MU,1,1786601705,1786601705,EUR
ALLIANZ BEST STYLES GLOBAL EQUITY WT ACC USD,0P0001UAGR,425,1733149800,1786627800,USD
ALLIANZ GLOBAL ARTIFICIAL INTELLIGENCE RT USD ACC USD,0P0001KQC9,1113,1646749800,1786627800,USD
ALLIANZ GLOBAL ASIA PACIFIC INCOME A INC USD,AZHI.F,3224,1385967600,1786687200,EUR
ALLIANZ GLOBAL CYBER SECURITY AT ACC USD,0P0001LPJK,1113,1646749800,1786627800,USD
ALLIANZ GLOBAL INV ALLIANZ INCOME AND GROWTH USD,LU0820561818.SG,0,,,EUR
ALLIANZ GLOBAL INV CHINA EQUITY A USD DIS USD,UQ24.F,1,1786642624,1786642624,EUR
ALLIANZ GLOBAL INV GLOBAL EQUITY UNCONSTRAINED AT USD,DJET.MU,1,1786600935,1786600935,EUR
ALLIANZ GLOBAL INV GLOBAL HI TECH GTH A ACC NAV USD,ZZRZ.F,1,1786642195,1786642195,EUR
ALLIANZ GLOBAL INV GLOBAL SUSTAINABILITY A DIS USD,UQ2K.F,1,1786600959,1786600959,EUR
ALLIANZ GLOBAL INV HKD INCOME AM USD USD,0P000148G2.HK,1089,1646703000,1786671000,HKD
ALLIANZ GLOBAL INV HONG KONG EQUITY A USD USD,UQ2G.F,1,1786642665,1786642665,EUR
ALLIANZ GLOBAL INV INCOME AND GROWTH AM USD IN USD,LU0820561818.SG,0,,,EUR
ALLIANZ GLOBAL INV LITTLE DRAGONS A USD DIS USD,UQ26.F,1,1786642354,1786642354,EUR
ALLIANZ GLOBAL INV ORIENTAL INCOME A USD USD,LU0348783233.SG,0,,,EUR
ALLIANZ GLOBAL INV US EQUITY A USD INC NAV USD,DJEU.HM,1,1786601089,1786601089,EUR
ALLIANZ GLOBAL SUSTAINABILITY AM H2 INC USD,0P0001J2E3,1113,1646749800,1786627800,USD
ALLSPRING WORLDWIDE GLOBAL EQUITY ENHANCED INCOME A ACC USD,0P0001VF82,302,1748871000,1786627800,USD
ALQUITY GLOBAL IMPACT R ACC USD,0P0001CQMG,425,1733149800,1786627800,USD
AMUNDI FUNDS POLEN CAPITAL GLOBAL GROWTH I2 ACC USD,0P0001F9VL,1115,1646404200,1786627800,USD
ARTEMIS SMARTGARP GLOBAL EMERGING MARKETS EQUITY I ACC USD,0P0001YIQ8,148,1768228200,1786627800,USD
AXA WORLD FUND GLOBAL REAL ESTATE A USD ACC USD,0P0000SR16,1114,1646663400,1786627800,USD
BARING GLOBAL RESOURCES A USD DIS USD,BYQN.F,7323,883551600,1786687200,EUR
BARING LATIN AMERICA A USD DIS USD,BYQU.F,7323,883551600,1786687200,EUR
BARINGS GLOBAL LEADERS FUND CLASS A USD INC USD,BYQX.SG,2912,1425279600,1786687200,EUR
BLACKROCK (LUX) SA BGF GLOBAL INFL L A2 USD,LU0425308086-USD.LU,0,,,USD
BLACKROCK (LUX) SA FIXED INCOME GLOBAL OPP A2 USD USD,LU0278466700-USD.LU,0,,,USD
BLACKROCK (LUX) SA GLOBAL ALLOCATION A2 USD ACC USD,LU0072462426-USD.LU,0,,,USD
BLACKROCK (LUX) SA GLOBAL EVENT DRIVEN D2 USD ACC USD,0P00016JAM,1113,1646749800,1786627800,USD
BLACKROCK (LUX) SA Global Long-Horizon Equity Fund A USD USD,LU0011850046-USD.LU,0,,,USD
BLACKROCK (LUX) SA GLOBAL MULTI-ASSET INCOME A2 USD ACC USD,0P00017CB4,1114,1646663400,1786627800,USD
BLACKROCK (LUX) SA GLOBAL SUSTAINABLE ENERGY A2 USD ACC USD,LU0124384867-USD.LU,0,,,USD
BLACKROCK (LUX) SA LATIN AMERICAN A2 USD USD,LU0072463663-USD.LU,0,,,USD
BLACKROCK (LUXEMBOURG) S.A. FIXED INCOME GLOBAL OPPORTUNITIES A5 USD,0P00008XI2.SI,1118,1646614800,1786669200,SGD
BLACKROCK GLOBAL ALLOCATION FUND D10 INC USD,0P0001UKBP,393,1737469800,1786627800,USD
BLACKROCK GLOBAL DYNAMIC HIGH INCOME FUND D6 USD,0P0001CP0L,1114,1646663400,1786627800,USD
BLACKROCK GLOBAL FUNDS CHINA A2 USD USD,LU0359201612-USD.LU,0,,,USD
BLACKROCK GLOBAL FUNDS FINTECH A2 ACC USD,LU1861217088-USD.LU,0,,,USD
BLACKROCK GLOBAL FUNDS SICAV - ASIAN DRAGON FUND D2 ACC USD,0P0000JI29,1114,1646663400,1786627800,USD
BLACKROCK GLOBAL UNCONSTRAINED EQUITY D ACC USD,0P0001SS6L,580,1713792600,1786627800,USD
BLACKROCK SYSTEMATIC GLOBAL EQUITY HIGH INCOME A6 INC USD,0P00014FO3,1114,1646663400,1786627800,USD
BLACKROCK SYSTEMATIC GLOBAL SMALLCAP D2 ACC USD,0P0001MSQE,1113,1646749800,1786627800,USD
BLACKROCK SYSTEMATIC GLOBAL SMALLCAP FUND A2 ACC USD,LU0054578231-USD.LU,0,,,USD
BLUEBOX GLOBAL TECHNOLOGY FUND A ACC USD,0P0001KEXS,1114,1646663400,1786627800,USD
BLUEBOX GLOBAL TECHNOLOGY FUND CLASS C ACC USD,0P0001LWPD,1114,1646663400,1786627800,USD
BNP PARIBAS FUNDS GLOBAL CONVERTIBLE CLASSIC CAPITALISATION USD,0P0000YSSR,1114,1646663400,1786627800,USD
BNY MELLON GLOBAL EQUITY INCOME USD A USD,0P00000QYA.L,3188,1388649600,1786604400,GBP
CT AMERICAN SELECT 1U USD ACC USD,FV2J.F,1,1786642612,1786642612,EUR
CT AMERICAN SELECT AU USD ACC USD,0P00000SKQ,1114,1646663400,1786627800,USD
CT GLOBAL FOCUS AU USD USD,LU0061474960.SG,0,,,EUR
CURATE GLOBAL SUSTAINABLE EQUITY FUND A USD ACC USD,0P0001KPAS,1114,1646663400,1786627800,USD
CURATE GLOBAL SUSTAINABLE EQUITY FUND B USD ACC USD,0P0001NAGP,1114,1646663400,1786627800,USD
DIMENSIONAL GLOBAL SHORT FIXED INCOME USD ACC USD,0P0000J2A3,1914,1546439400,1786627800,USD
FF GLOBAL DEMOGRAPHICS FUND A ACC USD,LU0528227936.SG,0,,,EUR
FIDELITY FUNDS GLOBAL FOCUS A USD DIS USD,IPGR.F,3466,1355727600,1786687200,EUR
FIDELITY FUNDS GLOBAL INCOME FUND A ACC USD,FJ2K.MU,1,1786600934,1786600934,EUR
FIDELITY FUNDS GLOBAL MULTI ASSET INCOME FUND Y ACC USD,0P0000CO5U,1114,1646663400,1786627800,USD
FIDELITY FUNDS LATIN AMERICA A USD DIS NAV USD,FJRC.F,1,1786600959,1786600959,EUR
FIDELITY GLOBAL INCOME Y MINCOME INC USD,0P0001AMU4,1114,1646663400,1786627800,USD
FIRST EAGLE AMUNDI INTERNATIONAL AU USD ACC USD,LU0068578508-USD.LU,0,,,USD
GOLDMAN SACHS GLOBAL CORE EQUITY PORTFOLIO ACC USD,0P0001UZPQ,345,1743427800,1786627800,USD
HSBC GLOBAL INDIA FIX INC ACC USD USD,0P0000WX8N,1114,1646663400,1786627800,USD
INVESCO GLOBAL CONSUMER TRENDS A USD USD,IUGI.F,1,1786600959,1786600959,EUR
INVESCO GLOBAL CONSUMER TRENDS C USD USD,0P00000AN0,1113,1646749800,1786627800,USD
INVESCO GLOBAL HEALTH CARE INNOVATION A USD USD,0P0001DK2B,1113,1646749800,1786627800,USD
INVESCO GLOBAL HEALTH CARE INNOVATION FUND C AD USD,0P0001DK29,1113,1646749800,1786627800,USD
INVESCO GLOBAL INCOME A INC USD,0P00014BDI,1113,1646749800,1786627800,USD
JANUS HENDERSON GLOBAL EQUITY FUND R\$ ACC A2 USD USD,0P00000HSG,1914,1546439400,1786627800,USD
JANUS HENDERSON GLOBAL LIFE SCIENCE A ACC USD,0P00000RMR,1914,1546439400,1786627800,USD
JANUS HENDERSON GLOBAL REAL ESTATE A3Q USD USD,F4QR.MU,1,1786602993,1786602993,EUR
JANUS HENDERSON HORIZON GLOBAL PROPERTY EQUITIES FUND A2 USD USD,LU0209137388.SG,0,,,EUR
JANUS HENDERSON HORIZON GLOBAL PROPERTY EQUITIES FUND A3Q USD USD,HZ5Y.F,1,1786642709,1786642709,EUR
JANUS HENDERSON HORIZON GLOBAL PROPERTY EQUITIES FUND I2 USD USD,0P0000ZQ1D,1113,1646749800,1786627800,USD
JANUS HENDERSON HORIZON GLOBAL TECHNOLOGY LEADERS FUND A1 USD USD,FGVA.MU,1,1786600935,1786600935,EUR
JANUS HENDERSON HORIZON GLOBAL TECHNOLOGY LEADERS FUND H2 USD USD,0P0000YFYK,1113,1646749800,1786627800,USD
JPMORGAN AMERICA EQUITY A USD USD,JPJA.F,1,1786641947,1786641947,EUR
JPMORGAN GLOBAL GROWTH FUND A USD ACC USD,0P000019C1,1114,1646663400,1786627800,USD
JPMORGAN GLOBAL RESEARCH ENHANCED INDEX EQUITY A ACC USD,0P0001P9BJ,1041,1655818200,1786627800,USD
JUPITER GLOBAL FIXED INCOME FUND L USD ACC USD,0P00000MMB,1914,1546439400,1786627800,USD
JUPITER MERIAN NORTH AMERICAN EQUITY FUND I USD ACC USD,0P00000MLI,1914,1546439400,1786627800,USD
JUPITER MERIAN NORTH AMERICAN EQUITY FUND L USD ACC USD,0P00000MLI,1914,1546439400,1786627800,USD
M&G (LUX) GLOBAL TARGET RETURN FUND C H ACC USD,0P00019IT4,1113,1646749800,1786627800,USD
MOMENTUM GLOBAL GROWTH FUND CLASS A USD,0P0000TT0O,1114,1646663400,1786627800,USD
MORGAN STANLEY GLOBAL BRANDS C USD,0P0000MWCC,1113,1646749800,1786627800,USD
NEW CAPITAL GLOBAL VALUE CREDIT FUND USD,0P000025ZS,1914,1546439400,1786627800,USD
NINETY ONE GLOBAL EQUITY A ACC USD USD,0P00013NJN,1114,1646663400,1786627800,USD
NINETY ONE GLOBAL MULTI-ASSET INC A INC-2 USD,0P0000URPG,1114,1646663400,1786627800,USD
NINETY ONE GLOBAL NATURAL RESOURCES C INC USD,0P0001HDEI,1114,1646663400,1786627800,USD
NINETY ONE GLOBAL STRATEGY FUND GLOBAL NATURAL RESOURCES FUND I ACC USD,0P00009X5L,1114,1646663400,1786627800,USD
NINETY ONE GSF GLOBAL FRANCHISE A ACC USD,0P0001CNCE,1114,1646663400,1786627800,USD
NINETY ONE LUX S.A GLOBAL ENVIRONMENT A ACC USD,0P0001GZNK,1114,1646663400,1786627800,USD
NINETY-ONE GLOBAL ST UK ALPHA I USD ACC USD,0P0000TL13,1114,1646663400,1786627800,USD
NINETY-ONE GLOBAL ST US DOLLAR MONEY I USD ACC USD,0P0000SF11,1114,1646663400,1786627800,USD
NINETY-ONE GS GLOBAL EQUITY A INC USD,0P00000R8Y,1114,1646663400,1786627800,USD
NSF SICAV WEALTH DEFENDER GLOBAL EQUITY FUND C USD ACC USD,0P0001SAYJ,641,1706106600,1786627800,USD
NSF WEALTH DEFENDER GLOBAL EQUITY A ACC USD,0P0001CXPX,1114,1646663400,1786627800,USD
PICTET GLOBAL ENVIRONMENTAL OPPORTUNITIES I USD ACC USD,0P0001EVPJ,1114,1646663400,1786627800,USD
PICTET-GLOBAL ENVIRONMENTAL OPPORTUNITIES HP ACC USD,0P0001CKEL,1114,1646663400,1786627800,USD
PIMCO GIS GLOBAL HIGH YIELD E INC USD USD,IE0002420739-USD.LU,0,,,USD
PIMCO GIS GLOBAL INV GRADE CREDIT INST INC USD USD,IE0034085260-USD.LU,0,,,USD
PIMCO GIS GLOBAL INVEST GRADE CREDIT INST ACC USD USD,IE0034085260-USD.LU,0,,,USD
PIMCO GIS GLOBAL INVESTMENT GRADE CREDIT E USD INC USD,0P00000WBD,1914,1546439400,1786627800,USD
PINEBRIDGE GLOBAL DYNAMIC ASSET ALLOCATION Y USD ACC USD,0P00000RKU,1914,1546439400,1786627800,USD
PINEBRIDGE GLOBAL EMERGING MARKETS FOCUS EQUITY Y USD ACC USD,0P00000RRD,1914,1546439400,1786627800,USD
SCHRODER INT SEL GLOBAL EQUITY A USD ACC USD,ZJPC.F,1,1786642575,1786642575,EUR
Schroder Int Sel Global Equity Alpha A USD Acc USD,HV8M.MU,1,1786600935,1786600935,EUR
SCHRODER INTERNATIONAL SELECTION FUND EMERGING MARKETS DEBT TOTAL RETURN A ACC USD,HV8C.F,1,1786600959,1786600959,EUR
SCHRODER INTERNATIONAL SELECTION FUND GLOBAL HIGH YIELD C INC USD,0P0001ADKP,1114,1646663400,1786627800,USD
SCHRODER ISF GLOBAL CITIES A ACC USD,0P00001E4P,1114,1646663400,1786627800,USD
SCHRODER ISF GLOBAL EQUITY ALPHA C ACC USD,0P00001CEH,1114,1646663400,1786627800,USD
SCHRODER ISF GLOBAL HIGH YIELD C ACC USD,SRVT.F,1,1786600959,1786600959,EUR
SCHRODER ISF GLOBAL M.A DIS USD A HDG MF USD,0P00009BZQ,1114,1646663400,1786627800,USD
SCHRODER ISF GLOBAL MULTI ASSET BALANCED C ACC USD,0P0000WFLZ,1114,1646663400,1786627800,USD
T ROWE GLOBAL FOCUSED GROWTH EQUITY Q USD USD,0P0001EVSL,1113,1646749800,1786627800,USD
UBAM GLOBAL EQUITY IC ACC USD,0P0001DZRW,1114,1646663400,1786627800,USD
UBAM TECH GLOBAL LEADERS EQUITY IC USD ACC USD,0P0001DZRW,1114,1646663400,1786627800,USD
VONTOBEL FUND II DUFF & PHELPS GLOBAL LISTED INFRASTRUCTURE B ACC USD,0P0001K1Y4,1114,1646663400,1786627800,USD
