ticker,strategy_no,source,condition,horizon,full_avg,full_trades,full_hit,frozen_avg,frozen_trades,frozen_hit
BIPIX,1,triple_scan,FXY_up_up_down_GDX_QQQ,1,0.45732828105046774,505,0.6237623762376238,0.6829356270873249,41,0.6341463414634146
BIPIX,2,condition_expansion,combo_QQQ_down__self_big_down,1,0.4211931112891726,584,0.5753424657534246,0.942694851847015,56,0.6785714285714286
BIPIX,3,condition_expansion,combo_XLF_down__self_big_down,1,0.44803494202803346,514,0.5836575875486382,0.9760061796216856,49,0.673469387755102
BIPSX,1,condition_expansion,combo_QQQ_down__self_big_down,1,0.44218632911335126,609,0.5812807881773399,0.9381413242889881,56,0.6785714285714286
BIPSX,2,condition_expansion,combo_XLK_down__self_big_down,1,0.46101008557005996,558,0.5770609318996416,1.030534193542822,52,0.6730769230769231
BIPSX,3,condition_expansion,combo_XLF_down__self_big_down,1,0.4677282619649451,521,0.5873320537428023,0.9705439142279747,49,0.673469387755102
BITIX,1,triple_scan,GLD_up_up_up_HYG_QQQ,1,1.0619889992663747,138,0.5869565217391305,0.806429095899326,104,0.6153846153846154
BITIX,2,triple_scan,GLD_up_up_up_JNK_QQQ,1,0.9956327222514064,156,0.6089743589743589,0.7880475144748268,106,0.6226415094339622
BITIX,3,triple_scan,EEM_up_up_up_GLD_QQQ,1,1.023596164281224,146,0.6164383561643836,0.8411645158171159,110,0.6363636363636364
BKPIX,1,triple_scan,GDX_up_down_down_QQQ_XLV,1,0.5757153124020149,272,0.5735294117647058,1.3593442703882619,39,0.717948717948718
BKPIX,2,triple_scan,GDX_up_down_down_IWM_XLK,1,0.5662008095350111,265,0.569811320754717,0.8560050125795187,54,0.6666666666666666
BKPIX,3,triple_scan,GDX_up_down_down_XLF_XLK,1,0.577189338545379,225,0.5866666666666667,1.1892251765457558,49,0.7551020408163265
BKPSX,1,triple_scan,GDX_up_down_down_QQQ_XLV,1,0.5751748493291422,280,0.5714285714285714,1.3554429263737653,39,0.717948717948718
BKPSX,2,triple_scan,GDX_up_down_up_QQQ_SLV,2,0.48471067120950806,349,0.6074498567335244,0.4787983270796592,63,0.6349206349206349
BKPSX,3,triple_scan,GDX_up_down_down_IWM_XLK,1,0.541081603247559,280,0.5642857142857143,0.8513565927884822,54,0.6666666666666666
BLPIX,1,condition_expansion,combo_XLV_big_down__self_down,1,0.24703242157607017,606,0.570957095709571,0.6112842817025174,35,0.6
BLPSX,1,pair_scan,GDX_up_XLC_down,1,0.25422392696009927,302,0.5860927152317881,0.27693144530371017,93,0.5913978494623656
BLPSX,2,triple_scan,FXY_up_up_up_JNK_TIP,1,0.2382782402225635,123,0.6747967479674797,0.2502829655557381,84,0.6785714285714286
BLPSX,3,triple_scan,FXY_up_up_up_GDX_LQD,1,0.20774615538099947,164,0.6585365853658537,0.24212515615149166,83,0.6867469879518072
BMPIX,1,triple_scan,GDX_up_down_down_XLF_XLK,1,0.48871846330273,314,0.5764331210191083,1.0282701486408095,49,0.6938775510204082
BMPIX,2,triple_scan,GDX_up_down_down_XLK_XLV,1,0.3911881506246197,487,0.5605749486652978,1.5089704332959308,36,0.7222222222222222
BMPIX,3,triple_scan,GDX_up_down_down_JNK_XLF,1,0.5934086616038332,210,0.5714285714285714,0.7666512221988119,58,0.603448275862069
BMPSX,1,condition_expansion,combo_XLV_down__ext_usd_gold_ratio_le-1,1,0.6828396307517393,174,0.5804597701149425,0.735338985677243,48,0.5625
BMPSX,2,triple_scan,GDX_up_down_down_JNK_XLF,1,0.590684872767363,210,0.5714285714285714,0.7623844485004209,58,0.603448275862069
BMPSX,3,triple_scan,GDX_up_down_down_XLK_XLV,1,0.38762730563450404,487,0.5605749486652978,1.5056989698871979,36,0.7222222222222222
BTCFX,1,triple_scan,XLC_down_down_down_XLK_XLV,1,0.8695616967160064,175,0.5828571428571429,0.6772969749975712,59,0.559322033898305
BTCFX,2,triple_scan,QQQ_down_down_down_XLK_XLV,1,0.6809279333297967,223,0.5695067264573991,0.6157319945786784,74,0.5540540540540541
BTCFX,3,triple_scan,QQQ_down_down_down_XLF_XLV,1,0.6996624554639056,176,0.5681818181818182,0.753280787992598,72,0.5694444444444444
CNPIX,1,condition_expansion,combo_XLV_down__ext_usd_gold_ratio_le-1,1,0.5433056963237041,177,0.6384180790960452,0.30620791650245044,48,0.6666666666666666
CNPIX,2,triple_scan,GDX_up_up_down_TIP_XLK,1,0.3011078547607187,509,0.5854616895874263,0.4300947416849534,41,0.5609756097560976
CNPIX,3,triple_scan,FXY_up_up_down_GDX_XLK,1,0.301104452587243,505,0.5900990099009901,0.637917753391038,38,0.6578947368421053
CNPSX,1,triple_scan,GDX_up_up_down_TIP_XLK,1,0.29938468928051826,509,0.5834970530451866,0.42298689296338243,41,0.5609756097560976
CNPSX,2,triple_scan,FXY_up_up_down_GDX_XLK,1,0.29623998329809076,499,0.5851703406813628,0.6314455498004908,38,0.6578947368421053
CNPSX,3,triple_scan,FXY_up_up_down_GDX_QQQ,1,0.2919713914262783,508,0.5866141732283464,0.6003608763990732,41,0.6585365853658537
CYPIX,1,triple_scan,GDX_up_down_down_XLK_XLV,1,0.3723066558393966,482,0.6016597510373444,1.5451313331059588,36,0.7222222222222222
CYPIX,2,triple_scan,EEM_down_up_up_GDX_GLD,1,0.4422950555025714,333,0.6366366366366366,0.7330849644196292,58,0.6896551724137931
CYPIX,3,pair_scan,EEM_down_GDX_up,1,0.38284232686214675,427,0.6323185011709602,0.5316883494789348,72,0.6805555555555556
CYPSX,1,condition_expansion,combo_EEM_down__ext_usd_gold_ratio_le-1,1,0.8142654682439411,125,0.64,0.950352193435835,30,0.7
CYPSX,2,condition_expansion,combo_XLK_down__ext_usd_gold_ratio_le-1,1,0.6869728477923184,153,0.6405228758169934,1.005529036361345,39,0.6923076923076923
CYPSX,3,condition_expansion,combo_SPY_down__ext_usd_gold_ratio_le-1,1,0.644763189110873,161,0.6211180124223602,0.7376442401878831,42,0.6190476190476191
ENPIX,1,triple_scan,FXY_up_down_down_SPY_XLV,1,0.46168941333365127,407,0.5577395577395577,1.0739656438566672,37,0.7027027027027027
ENPIX,2,condition_expansion,combo_XLC_down__ext_sect_rotation_down,1,0.4086478966451907,403,0.598014888337469,0.819924135757216,91,0.7032967032967034
ENPIX,3,triple_scan,EEM_up_down_down_GLD_LQD,1,0.3549378542613669,507,0.5522682445759369,0.20689925124974326,40,0.575
ENPSX,1,triple_scan,FXY_up_down_down_SPY_XLV,1,0.4216188705418592,382,0.5549738219895288,1.071274216965042,37,0.7027027027027027
ENPSX,2,condition_expansion,combo_XLC_down__ext_sect_rotation_down,1,0.4045923402862987,403,0.598014888337469,0.8116885010513318,91,0.7032967032967034
ENPSX,3,triple_scan,GDX_up_down_down_LQD_XLE,1,0.6835891062664996,134,0.5746268656716418,0.8229494988966738,38,0.631578947368421
FNPIX,1,triple_scan,GDX_up_down_down_XLF_XLK,1,0.4858276671458093,335,0.6268656716417911,0.770104770695214,49,0.7142857142857143
FNPIX,2,pair_scan,GDX_up_QQQ_down,1,0.3844684294723921,479,0.5949895615866388,0.5042600345443056,80,0.65
FNPIX,3,triple_scan,GDX_up_down_down_UUP_XLK,1,0.5327119226915935,249,0.6465863453815262,0.7614100757759222,40,0.725
FNPSX,1,triple_scan,GDX_up_down_down_SPY_XLF,1,0.5863096372384896,282,0.6063829787234043,0.6693797036490506,60,0.6666666666666666
FNPSX,2,triple_scan,GDX_up_down_down_UUP_XLK,1,0.5592935939075754,235,0.6510638297872341,0.7499316323420835,40,0.725
FNPSX,3,pair_scan,EEM_down_GDX_up,1,0.47810347128399855,307,0.5895765472312704,0.3247718867950551,72,0.6111111111111112
GVPSX,1,condition_expansion,combo_TLT_down__self_3down,1,0.2066190604415276,399,0.5789473684210527,0.25211501595078856,35,0.6285714285714286
HCPIX,1,triple_scan,FXY_up_up_down_GDX_QQQ,1,0.3626694194731027,494,0.6133603238866396,0.5303230192260707,41,0.5609756097560976
HCPIX,2,triple_scan,FXY_up_up_down_GDX_XLK,1,0.344182969285231,472,0.6080508474576272,0.590260075471347,38,0.6052631578947368
HCPIX,3,condition_expansion,combo_XLK_down__ext_tnx_chgbp_down,1,0.20307137178362802,1166,0.5728987993138936,0.29142753385170406,72,0.5972222222222222
HCPSX,1,triple_scan,FXY_up_up_down_GDX_QQQ,1,0.36339481518028566,485,0.6144329896907217,0.5241567455208652,41,0.5609756097560976
HCPSX,2,triple_scan,FXY_up_up_down_GDX_XLK,1,0.34947240332701174,466,0.6072961373390557,0.5841026404235136,38,0.6052631578947368
HCPSX,3,triple_scan,GDX_up_up_down_TIP_XLK,1,0.29716331560338455,493,0.5983772819472617,0.5378643384235096,41,0.6097560975609756
IDPIX,1,pair_scan,GDX_up_XLK_down,1,0.37524318808443363,501,0.6227544910179641,0.6787957927303058,75,0.68
IDPIX,2,triple_scan,GDX_up_up_down_TIP_XLK,1,0.45438079611963894,330,0.6545454545454545,0.6133879081616923,41,0.7560975609756098
IDPIX,3,triple_scan,GDX_up_down_down_SPY_XLK,1,0.4010426743653826,400,0.6175,0.8413368336091738,63,0.7301587301587301
IDPSX,1,triple_scan,GDX_up_down_down_SPY_XLK,1,0.40390536652547915,404,0.6188118811881188,0.8373507481224446,63,0.7301587301587301
IDPSX,2,pair_scan,GDX_up_XLK_down,1,0.3473203361018804,527,0.6148007590132827,0.6745503371487782,75,0.68
IDPSX,3,triple_scan,GDX_up_down_down_XLF_XLK,1,0.4223327779688823,334,0.6347305389221557,0.9620089251107586,49,0.7755102040816326
INPIX,1,triple_scan,GLD_up_down_down_XLF_XLK,1,0.4879897632391866,342,0.6345029239766082,0.6735655736854793,54,0.5925925925925926
INPIX,2,condition_expansion,combo_XLK_down__ext_usd_gold_ratio_le-1,1,0.7230066064032009,149,0.6510067114093959,0.8891787096298075,39,0.5897435897435898
INPIX,3,condition_expansion,combo_SPY_down__ext_usd_gold_ratio_le-1,1,0.638789250454234,183,0.644808743169399,0.7296648357820295,42,0.5714285714285714
INPSX,1,condition_expansion,combo_SPY_down__ext_usd_gold_ratio_le-1,1,0.6980740218511322,173,0.6473988439306358,0.7209352790818145,42,0.5714285714285714
INPSX,2,condition_expansion,combo_IWM_down__ext_usd_gold_ratio_le-1,1,0.6211082197446602,206,0.6116504854368932,0.6999440047244079,46,0.5652173913043478
INPSX,3,triple_scan,GLD_up_down_down_XLF_XLK,1,0.4817208681773665,330,0.6272727272727273,0.6679716215945569,54,0.5925925925925926
LGPIX,1,condition_expansion,combo_XLV_down__ext_usd_gold_ratio_le-1,1,0.43304150421272863,191,0.6596858638743456,0.44739605827701506,48,0.625
LGPSX,1,condition_expansion,combo_XLV_down__ext_usd_gold_ratio_le-1,1,0.42871399658942483,191,0.6596858638743456,0.4415697976069033,48,0.625
LVPIX,1,condition_expansion,combo_XLV_down__ext_usd_gold_ratio_le-1,1,0.45123116620288906,184,0.6413043478260869,0.4070751967785502,48,0.6875
LVPIX,2,triple_scan,GDX_up_down_down_XLK_XLV,1,0.2821607805107494,390,0.5897435897435898,0.7114336264616593,36,0.8055555555555556
LVPIX,3,pair_scan,GDX_up_XLK_down,1,0.23253543709138425,517,0.5899419729206963,0.3260076886942812,75,0.6933333333333334
LVPSX,1,condition_expansion,combo_XLV_down__ext_usd_gold_ratio_le-1,1,0.44528940522029814,168,0.6428571428571429,0.40172266784321037,48,0.6875
MDPIX,1,triple_scan,GDX_up_down_down_SPY_XLF,1,0.2931349460820169,393,0.5928753180661578,0.5774339628416361,60,0.6833333333333333
MDPIX,2,triple_scan,GDX_up_down_down_IWM_XLF,1,0.28696449110860406,383,0.5900783289817232,0.5790014474379696,57,0.6666666666666666
MDPIX,3,triple_scan,GDX_up_down_down_SPY_XLK,1,0.27269199794152416,418,0.5956937799043063,0.5734130823543083,63,0.6825396825396826
MDPSX,1,triple_scan,GDX_up_down_down_IWM_XLF,1,0.2805766926817632,387,0.5891472868217055,0.5764150046266961,57,0.6666666666666666
MDPSX,2,triple_scan,GDX_up_down_down_SPY_XLK,1,0.2681138848686525,418,0.5956937799043063,0.5697972916622419,63,0.6825396825396826
MDPSX,3,triple_scan,GDX_up_down_down_SPY_XLF,1,0.28023702292893854,379,0.5910290237467019,0.5743131620600176,60,0.6833333333333333
MGPIX,1,triple_scan,GDX_up_down_down_XLF_XLK,1,0.27589538516662093,400,0.64,0.7139340254663638,49,0.7551020408163265
MGPIX,2,triple_scan,GDX_up_down_down_SPY_XLK,1,0.242495557242006,502,0.6175298804780877,0.6021310180456679,63,0.6825396825396826
MGPIX,3,triple_scan,GDX_up_down_down_IWM_XLK,1,0.2533499046074154,453,0.6269315673289183,0.585366126207992,54,0.6666666666666666
MGPSX,1,triple_scan,GDX_up_down_down_XLF_XLK,1,0.2712729139570114,400,0.635,0.7078731296997836,49,0.7551020408163265
MGPSX,2,triple_scan,GDX_up_down_down_XLK_XLV,1,0.24570554713894355,479,0.5970772442588727,0.8883149775988761,36,0.7222222222222222
MGPSX,3,triple_scan,GDX_up_down_down_SPY_XLK,1,0.23781734935850768,502,0.6155378486055777,0.5958035324458483,63,0.6825396825396826
MLPIX,1,triple_scan,GDX_up_down_down_SPY_XLF,1,0.42021209828572176,216,0.6018518518518519,0.5588510809221118,60,0.65
MLPIX,2,triple_scan,GDX_up_down_down_SPY_XLK,1,0.3017853943564483,387,0.5943152454780362,0.5385623528058177,63,0.6349206349206349
MLPIX,3,triple_scan,GDX_up_down_down_XLK_XLV,1,0.29653928147784353,384,0.5755208333333334,0.9174276789892725,36,0.7222222222222222
MLPSX,1,triple_scan,GDX_up_down_down_SPY_XLF,1,0.4170282475380811,219,0.6027397260273972,0.5552566473939436,60,0.65
MLPSX,2,triple_scan,GDX_up_down_down_XLK_XLV,1,0.2958941283256512,404,0.5693069306930693,0.9146476717337132,36,0.7222222222222222
MLPSX,3,triple_scan,GDX_up_down_down_XLF_XLK,1,0.32187117280533506,317,0.6056782334384858,0.6703678059844669,49,0.6938775510204082
OEPIX,1,triple_scan,QQQ_down_down_down_TLT_XLC,1,0.9262251842925474,127,0.5984251968503937,0.8217669890913181,66,0.5606060606060606
OEPIX,2,condition_expansion,combo_GLD_big_down__ext_vix_chg_down,1,0.6671411919620126,167,0.5988023952095808,0.7656105387587486,33,0.6060606060606061
OEPIX,3,triple_scan,TLT_down_down_down_UUP_XLV,2,0.6059499734029589,171,0.5789473684210527,0.7488725173635989,38,0.5789473684210527
OEPSX,1,condition_expansion,combo_GLD_big_down__ext_vix_chg_down,1,0.6671901816190131,161,0.5900621118012422,0.760719018469639,33,0.6060606060606061
OEPSX,2,triple_scan,TLT_down_down_down_UUP_XLV,2,0.6081201353590042,186,0.5752688172043011,0.7463057238294055,38,0.5789473684210527
OEPSX,3,triple_scan,TIP_down_up_down_XLF_XLV,2,0.5470507144427535,212,0.5707547169811321,0.8016666846480829,32,0.59375
OTPIX,1,condition_expansion,combo_XLF_big_down__self_down,1,0.252456414304231,749,0.5794392523364486,0.20164534407689966,33,0.5757575757575758
OTPIX,2,triple_scan,FXY_up_up_down_GDX_QQQ,1,0.29368328158275425,508,0.6279527559055118,0.5733377404985666,41,0.6097560975609756
OTPIX,3,triple_scan,GDX_up_down_down_XLK_XLV,1,0.2999094788478996,487,0.62217659137577,0.9798919997323292,36,0.75
OTPSX,1,condition_expansion,combo_IWM_down__ext_usd_gold_ratio_le-1,1,0.33768677693687293,300,0.61,0.4287793440004389,46,0.6086956521739131
PHPIX,1,triple_scan,FXY_up_up_down_GDX_QQQ,1,0.35046072137690665,468,0.5811965811965812,0.7123919504602448,41,0.6097560975609756
PHPIX,2,triple_scan,FXY_up_up_down_GDX_XLK,1,0.33511589572369893,454,0.5616740088105727,0.7180370920797026,38,0.6052631578947368
PHPIX,3,condition_expansion,combo_IWM_down__ext_usd_gold_ratio_le-1,1,0.5369988156712479,156,0.6602564102564102,0.3210333893408904,46,0.6086956521739131
PHPIX,4,condition_expansion,combo_QQQ_down__ext_usd_gold_ratio_down,2,0.20466323761889987,953,0.5960125918153201,0.2994845138165488,86,0.5697674418604651
PHPSX,1,triple_scan,FXY_up_up_down_GDX_QQQ,1,0.34354189868400403,462,0.5800865800865801,0.7102204140851796,41,0.6097560975609756
PMPIX,1,condition_expansion,combo_ext_sect_rotation_up__self_big_down,1,0.5729399031604261,521,0.5527831094049904,0.3892610369323368,42,0.6190476190476191
PMPIX,2,triple_scan,SPY_down_up_up_TIP_UUP,1,0.6501757745620047,291,0.5567010309278351,1.5109579725791322,32,0.78125
PMPIX,3,condition_expansion,combo_QQQ_up__self_big_down,1,0.5138544430656278,419,0.5632458233890215,0.44295791961075204,33,0.6060606060606061
PMPSX,1,condition_expansion,combo_ext_sect_rotation_up__self_big_down,1,0.5827151396860079,525,0.5542857142857143,0.38540613692417336,42,0.6190476190476191
PMPSX,2,condition_expansion,combo_ext_tnx_chgbp_down__self_big_down,1,0.916582744096313,181,0.56353591160221,0.4182883658242796,33,0.7272727272727273
PMPSX,3,condition_expansion,combo_QQQ_up__self_big_down,1,0.5853883224217808,431,0.568445475638051,0.4382648539852233,33,0.6060606060606061
REPIX,1,condition_expansion,combo_XLF_big_down__ext_tnx_yield_ge1,1,0.4895611858251699,696,0.5689655172413793,0.39377136784710365,44,0.7272727272727273
REPIX,2,condition_expansion,combo_XLF_big_down__ext_tnx_yield_up,1,0.4308889530399748,753,0.5670650730411687,0.39377136784710365,44,0.7272727272727273
REPIX,3,condition_expansion,combo_XLF_big_down__ext_vix_close_up,1,0.4308889530399748,753,0.5670650730411687,0.39377136784710365,44,0.7272727272727273
REPSX,1,condition_expansion,combo_XLF_big_down__ext_tnx_yield_ge1,1,0.49033578288370294,696,0.5704022988505747,0.38938811234976467,44,0.7272727272727273
REPSX,2,condition_expansion,combo_XLF_big_down__ext_tnx_yield_up,1,0.43320423773833594,753,0.5670650730411687,0.38938811234976467,44,0.7272727272727273
REPSX,3,condition_expansion,combo_XLF_big_down__ext_vix_close_up,1,0.43320423773833594,753,0.5670650730411687,0.38938811234976467,44,0.7272727272727273
RRPIX,1,condition_expansion,combo_XLV_big_down__ext_sect_rotation_up,1,0.2924330411360788,209,0.5645933014354066,0.23577310294234333,33,0.5757575757575758
RRPSX,1,condition_expansion,combo_XLV_big_down__ext_sect_rotation_up,1,0.29149180272618985,196,0.5510204081632653,0.23215453645208514,33,0.5757575757575758
SGPIX,1,triple_scan,GDX_up_down_down_SPY_XLF,1,0.33284217252921583,326,0.5736196319018405,0.5860335267258415,60,0.6833333333333333
SGPIX,2,triple_scan,GDX_up_down_down_XLF_XLK,1,0.31455275145286543,359,0.584958217270195,0.693245960729271,49,0.7142857142857143
SGPIX,3,triple_scan,GDX_up_down_down_SPY_XLK,1,0.29956090404011926,391,0.5882352941176471,0.5651907534381521,63,0.6666666666666666
SGPSX,1,triple_scan,GDX_up_down_down_SPY_XLK,1,0.3083561336376136,390,0.5846153846153846,0.5621973528759366,63,0.6666666666666666
SGPSX,2,triple_scan,GDX_up_down_down_XLF_XLK,1,0.31468710082843837,354,0.5706214689265536,0.6905776906170212,49,0.7142857142857143
SGPSX,3,triple_scan,GDX_up_down_up_SPY_TIP,1,0.35619716259773715,273,0.6007326007326007,0.5265948831511782,39,0.717948717948718
SLPIX,1,triple_scan,GDX_up_down_down_XLF_XLK,1,0.32072459112924045,366,0.5956284153005464,0.7132760435953878,49,0.673469387755102
SLPIX,2,triple_scan,GDX_up_down_down_SPY_XLK,1,0.2812691942663004,475,0.5873684210526315,0.564224630680314,63,0.6507936507936508
SLPIX,3,triple_scan,GDX_up_down_down_SPY_XLF,1,0.3195156283602086,353,0.5750708215297451,0.5700069031581061,60,0.6333333333333333
SLPSX,1,triple_scan,GDX_up_up_up_GLD_TIP,1,0.2032890469545302,189,0.5608465608465608,0.2198236778894126,101,0.594059405940594
SLPSX,2,triple_scan,FXY_up_up_up_GDX_LQD,1,0.21532451609629566,293,0.5631399317406144,0.26139570426522807,83,0.6626506024096386
SLPSX,3,pair_scan,XLK_down_XLC_down,1,0.21662966476282736,217,0.5576036866359447,0.4835099182186453,81,0.6419753086419753
SLPSX,4,pair_scan,GDX_up_SPY_down,1,0.26335839146861373,509,0.5658153241650294,0.42406348800263866,76,0.5921052631578947
SMPIX,1,condition_expansion,combo_IWM_down__ext_usd_gold_ratio_le-1,1,1.3437688857154075,153,0.6405228758169934,0.9893703588837894,46,0.6086956521739131
SMPIX,2,condition_expansion,combo_QQQ_down__ext_vix_5dchg_up,1,0.6803899186045047,591,0.583756345177665,1.4284447752314506,108,0.6111111111111112
SMPIX,3,triple_scan,GDX_up_down_down_SPY_XLF,1,0.849515217468002,365,0.6410958904109589,1.5784548756967924,60,0.7166666666666667
SMPSX,1,condition_expansion,combo_IWM_down__ext_usd_gold_ratio_le-1,1,1.340146189550002,153,0.6405228758169934,0.9886861765661827,46,0.6086956521739131
SMPSX,2,triple_scan,GDX_up_down_down_SPY_XLK,1,0.776918223035151,441,0.6167800453514739,1.299350917043555,63,0.6666666666666666
SMPSX,3,triple_scan,GDX_up_down_down_SPY_XLF,1,0.8568141164364522,362,0.638121546961326,1.577228406398141,60,0.7166666666666667
SNPIX,1,triple_scan,QQQ_up_up_up_XLC_XLV,1,0.3705735828518337,158,0.569620253164557,0.8807136883415989,35,0.6
SNPIX,2,triple_scan,XLC_up_up_up_XLK_XLU,1,0.37000621312291404,130,0.5769230769230769,0.4997496466359809,61,0.6229508196721312
SNPIX,3,triple_scan,SPY_up_up_up_XLC_XLV,1,0.3291837437980343,134,0.5895522388059702,0.715074294128646,35,0.5714285714285714
SNPSX,1,triple_scan,SPY_up_up_up_XLC_XLK,1,0.4212866628776488,147,0.6122448979591837,0.7584011975858662,44,0.7045454545454546
SNPSX,2,triple_scan,QQQ_up_up_up_XLC_XLV,1,0.37154462450758546,158,0.569620253164557,0.8836135007600735,35,0.6
SNPSX,3,triple_scan,LQD_up_up_up_SPY_XLC,1,0.2974575288274003,196,0.5663265306122449,0.6318492712742976,50,0.56
SPPIX,1,triple_scan,GLD_up_up_down_XLE_XLV,1,0.28976361890412705,421,0.5795724465558195,0.41647678676979943,54,0.5740740740740741
SPPIX,2,triple_scan,EEM_up_up_down_GLD_IWM,1,0.3315668152982321,290,0.5758620689655173,0.9217735695831965,34,0.5882352941176471
SPPIX,3,triple_scan,GLD_up_down_up_IWM_XLE,1,0.28259317474671547,302,0.5860927152317881,0.54749113787431,47,0.5531914893617021
SPPSX,1,triple_scan,GLD_up_up_down_XLE_XLV,1,0.293234602950354,421,0.5795724465558195,0.4285554965448252,54,0.5740740740740741
SPPSX,2,triple_scan,GLD_up_down_up_IWM_XLE,1,0.2873370005714841,302,0.5827814569536424,0.5817696567794339,47,0.5531914893617021
SPPSX,3,triple_scan,EEM_up_up_down_SLV_XLV,2,0.2546689380838389,120,0.5833333333333334,0.4072947319817645,44,0.5909090909090909
SVPIX,1,triple_scan,GDX_up_down_down_SPY_XLK,1,0.3025111483423076,394,0.5685279187817259,0.5852671767762666,63,0.6666666666666666
SVPIX,2,triple_scan,GDX_up_down_down_XLK_XLV,1,0.33043062220455116,328,0.5670731707317073,1.019863568554428,36,0.75
SVPIX,3,triple_scan,GDX_up_down_down_IWM_XLK,1,0.2897657636750054,392,0.5790816326530612,0.5451785334648119,54,0.6481481481481481
SVPSX,1,triple_scan,GDX_up_down_down_SPY_XLK,1,0.3010347861695245,406,0.5640394088669951,0.5803286314485473,63,0.6507936507936508
SVPSX,2,triple_scan,GDX_up_down_down_IWM_XLK,1,0.29971489018517905,405,0.5802469135802469,0.5399949018869832,54,0.6296296296296297
SVPSX,3,triple_scan,GDX_up_down_down_XLK_XLV,1,0.31649210557318447,342,0.5672514619883041,1.0151279242716391,36,0.75
TEPIX,1,triple_scan,GLD_up_down_down_XLF_XLK,1,0.6243476849869445,345,0.6347826086956522,1.0585603874910872,54,0.6666666666666666
TEPIX,2,condition_expansion,combo_SPY_down__ext_usd_gold_ratio_le-1,1,0.877199543212082,165,0.6484848484848484,0.7585302940506864,42,0.5952380952380952
TEPIX,3,condition_expansion,combo_XLK_down__ext_usd_gold_ratio_le-1,1,0.9159013690573952,151,0.6754966887417219,0.8700871873171752,39,0.6153846153846154
TEPSX,1,triple_scan,GLD_up_down_down_XLF_XLK,1,0.6281432275861261,345,0.6289855072463768,1.0526141997863265,54,0.6666666666666666
TEPSX,2,condition_expansion,combo_SPY_down__ext_usd_gold_ratio_le-1,1,0.8480193634113254,171,0.6491228070175439,0.7506420298293149,42,0.5952380952380952
TEPSX,3,condition_expansion,combo_XLV_down__ext_usd_gold_ratio_le-1,1,0.8342823372921885,172,0.6569767441860465,0.6742696315703399,48,0.5625
UAPIX,1,triple_scan,EEM_down_down_down_XLE_XLF,1,0.3708032870475718,1177,0.5548003398470688,0.9555622904991586,43,0.6046511627906976
UAPIX,2,triple_scan,EEM_down_down_down_XLF_XLU,1,0.37760364154238485,1121,0.5539696699375558,1.0812308429048765,58,0.6724137931034483
UAPIX,3,condition_expansion,combo_EEM_down__self_big_down,1,0.4198862416372285,897,0.5529542920847269,1.5328248889902563,64,0.75
UAPSX,1,triple_scan,EEM_down_down_down_XLE_XLF,1,0.36934303069731544,1178,0.5551782682512734,0.9524714564139201,43,0.6046511627906976
UAPSX,2,triple_scan,EEM_down_down_down_XLF_XLU,1,0.3762389498495337,1121,0.5548617305976806,1.0768817306812648,58,0.6724137931034483
UAPSX,3,triple_scan,EEM_down_down_down_SPY_XLF,1,0.30984088286778244,1568,0.5522959183673469,0.8968464114529119,87,0.6206896551724138
UBPIX,1,triple_scan,GDX_up_down_down_XLK_XLV,1,1.100845636067093,194,0.6030927835051546,1.9858486417824568,36,0.7777777777777778
UBPIX,2,pair_scan,GDX_up_XLC_down,1,0.8248435331433064,302,0.5860927152317881,0.7526424316831574,93,0.5913978494623656
UBPIX,3,triple_scan,GDX_up_down_down_QQQ_XLV,1,1.107986844563412,161,0.6149068322981367,1.775995822277723,39,0.7692307692307693
UBPSX,1,pair_scan,GDX_up_XLC_down,1,0.8211538002248276,302,0.5827814569536424,0.747293947340909,93,0.5913978494623656
UBPSX,2,triple_scan,GDX_up_down_down_XLK_XLV,1,0.9046233370543392,242,0.5826446280991735,1.9812218115884177,36,0.7777777777777778
UBPSX,3,triple_scan,GDX_up_down_down_QQQ_XLV,1,1.0185743465084733,178,0.6123595505617978,1.7708725703188004,39,0.7692307692307693
UCPIX,1,triple_scan,JNK_up_down_up_LQD_XLC,2,0.3188250673844444,132,0.553030303030303,0.3119471173971214,33,0.6666666666666666
UCPSX,1,triple_scan,GDX_down_up_up_XLC_XLF,1,0.3837824191168044,124,0.5645161290322581,0.5944559487177534,58,0.603448275862069
UCPSX,2,triple_scan,TLT_down_down_up_UUP_XLC,2,0.2287425147250519,143,0.5524475524475524,0.6795084502191234,34,0.6764705882352942
UDPIX,1,condition_expansion,combo_XLV_big_down__self_down,1,0.49485764227744494,530,0.5584905660377358,0.820920737742773,42,0.5952380952380952
UDPIX,2,triple_scan,GDX_up_down_down_XLK_XLV,1,0.5350756195019863,413,0.5980629539951574,1.3131532907365853,36,0.6944444444444444
UDPIX,3,pair_scan,GDX_up_XLK_down,1,0.48536655416918445,489,0.623721881390593,0.6342509338350351,75,0.6533333333333333
UDPSX,1,condition_expansion,combo_XLV_big_down__self_down,1,0.491111348745088,529,0.55765595463138,0.8174210226725458,42,0.5952380952380952
UDPSX,2,triple_scan,GDX_up_down_down_XLK_XLV,1,0.5311836662747129,413,0.5956416464891041,1.3104149881396596,36,0.6944444444444444
UDPSX,3,pair_scan,GDX_up_XLK_down,1,0.4822800108306488,489,0.621676891615542,0.6306027071383289,75,0.6533333333333333
UEPIX,1,pair_scan,GDX_up_SPY_down,1,0.42067837659488816,128,0.59375,0.410993113988879,76,0.631578947368421
UEPIX,2,triple_scan,GDX_up_down_down_XLK_XLV,1,0.32646136063412645,196,0.576530612244898,0.7875531920828708,36,0.75
UEPIX,3,triple_scan,GDX_up_down_up_SPY_TIP,1,0.36685362147808354,136,0.6470588235294118,0.4316444256357123,39,0.717948717948718
UEPSX,1,pair_scan,GDX_up_SPY_down,1,0.41068305989173765,141,0.5957446808510638,0.40491331892520915,76,0.631578947368421
UEPSX,2,triple_scan,GDX_up_down_up_SPY_TIP,1,0.36087201048244805,139,0.6402877697841727,0.42461751137160103,39,0.717948717948718
UEPSX,3,triple_scan,GDX_up_down_down_SPY_XLK,1,0.2708744152375847,224,0.6071428571428571,0.5065351596547129,63,0.6666666666666666
UFPIX,1,triple_scan,LQD_down_down_down_SLV_XLF,3,0.24212589430949344,435,0.5609195402298851,0.26210362829664585,48,0.5625
UFPIX,2,triple_scan,JNK_down_down_up_LQD_XLV,2,0.2860321091131218,303,0.5808580858085809,0.4795577502657645,38,0.5526315789473685
UFPIX,3,triple_scan,JNK_down_down_up_TIP_XLV,3,0.2358018643969219,306,0.5588235294117647,0.3541194820977159,34,0.5882352941176471
UFPSX,1,triple_scan,LQD_down_down_down_SLV_XLF,3,0.23775407696753612,435,0.5655172413793104,0.25983883881608066,48,0.5833333333333334
UFPSX,2,triple_scan,JNK_down_down_up_LQD_XLV,2,0.2811816217558483,303,0.5775577557755776,0.4774573712183044,38,0.5526315789473685
UFPSX,3,triple_scan,JNK_down_down_up_TIP_XLV,3,0.2345694364552725,306,0.5588235294117647,0.3533449172769558,34,0.5882352941176471
UGPIX,1,triple_scan,QQQ_down_down_down_UUP_XLE,1,1.1686116036453986,195,0.5897435897435898,1.372463591378508,30,0.5666666666666667
UGPIX,2,triple_scan,SPY_down_down_down_UUP_XLE,1,1.0050643958705823,222,0.5765765765765766,1.229699352322095,34,0.5588235294117647
UGPIX,3,triple_scan,FXY_up_up_down_GDX_QQQ,1,0.6838403638136626,474,0.5506329113924051,1.6032098749211738,41,0.5853658536585366
UGPSX,1,triple_scan,QQQ_down_down_down_UUP_XLE,1,1.157335479620609,195,0.5897435897435898,1.3644902335481783,30,0.5666666666666667
UGPSX,2,triple_scan,SPY_down_down_down_UUP_XLE,1,0.9982346603776067,227,0.5770925110132159,1.2222371046663467,34,0.5588235294117647
UGPSX,3,triple_scan,IWM_down_down_down_UUP_XLK,1,0.9506305436504626,243,0.5720164609053497,1.5274072460371064,46,0.6086956521739131
UHPIX,1,triple_scan,TIP_down_up_down_UUP_XLE,1,0.8612781866487544,128,0.609375,1.6751103194192203,41,0.6585365853658537
UHPIX,2,triple_scan,UUP_up_down_up_XLF_XLK,2,0.5865458201884246,256,0.6015625,0.6251659075453039,48,0.6458333333333334
UHPIX,3,triple_scan,FXY_down_up_down_UUP_XLC,2,0.5004988556105499,273,0.5567765567765568,0.7884957070564071,82,0.6341463414634146
UHPSX,1,triple_scan,FXY_down_up_down_IWM_XLE,2,0.5731777796718274,277,0.5812274368231047,0.8755620510352246,43,0.6511627906976745
UHPSX,2,triple_scan,TIP_down_up_down_UUP_XLE,1,0.8301187700187769,128,0.6015625,1.5847312339928585,41,0.6341463414634146
UHPSX,3,triple_scan,FXY_down_up_down_UUP_XLC,2,0.48950021376275166,273,0.5531135531135531,0.7663186568655455,82,0.6341463414634146
UIPIX,1,condition_expansion,combo_XLC_big_up__ext_usd_gold_ratio_down,2,0.2475880152961724,125,0.552,0.2212616408887753,34,0.6764705882352942
UIPSX,1,triple_scan,FXY_down_up_up_GLD_XLC,2,0.23490920787922834,153,0.5555555555555556,0.5261029859106525,38,0.6052631578947368
UIPSX,2,condition_expansion,combo_XLC_big_up__ext_usd_gold_ratio_down,2,0.24509537881645915,125,0.552,0.21561360622054995,34,0.6764705882352942
UJPIX,1,pair_scan,HYG_down_XLK_down,1,1.3112354301594886,127,0.6299212598425197,0.9386572980659891,100,0.65
UJPIX,2,triple_scan,GDX_up_down_down_SPY_XLK,1,0.6828532559756567,400,0.61,1.4077203179237119,63,0.7142857142857143
UJPIX,3,triple_scan,EEM_down_down_down_SPY_XLV,1,0.35804015469518385,1442,0.5554785020804438,0.9168310638734325,76,0.631578947368421
UJPSX,1,triple_scan,GDX_up_down_down_XLK_XLV,1,0.7911497396228943,297,0.632996632996633,2.214931880651771,36,0.7777777777777778
UJPSX,2,triple_scan,EEM_down_down_down_SPY_XLV,1,0.35318658940474507,1442,0.5554785020804438,0.9155486392928692,76,0.631578947368421
UJPSX,3,triple_scan,GDX_up_down_down_SPY_XLK,1,0.6720937083148834,398,0.6080402010050251,1.4049767178267052,63,0.7142857142857143
UKPIX,1,triple_scan,FXY_down_up_up_GLD_XLC,2,0.45634821538516296,145,0.5724137931034483,0.7519217075825021,30,0.6666666666666666
UKPIX,2,triple_scan,QQQ_up_up_down_SPY_TIP,2,0.2711573753509887,209,0.569377990430622,0.7745293137099802,40,0.6
UKPIX,3,condition_expansion,combo_XLC_down__ext_credit_spread_up,2,0.30285234110751164,134,0.5522388059701493,0.28610293304040296,39,0.6153846153846154
UKPSX,1,triple_scan,QQQ_up_up_down_SPY_TIP,2,0.3899149966596362,181,0.585635359116022,0.7678283507889103,40,0.6
UKPSX,2,triple_scan,GLD_up_up_up_XLC_XLE,2,0.26375245762189653,261,0.5747126436781609,0.46444997462967413,66,0.6363636363636364
UKPSX,3,triple_scan,LQD_down_down_down_TIP_XLC,2,0.3501905345545628,138,0.5869565217391305,0.3987286843501065,42,0.6428571428571429
ULPIX,1,condition_expansion,combo_XLV_big_down__self_down,1,0.47450320787557365,616,0.5665584415584416,1.2104063686002278,36,0.6111111111111112
ULPIX,2,condition_expansion,combo_XLU_down__self_big_down,1,0.48453084790524303,576,0.5590277777777778,1.4382721141501797,30,0.7333333333333333
ULPIX,3,condition_expansion,combo_XLF_big_down__self_down,1,0.4081670433984077,793,0.5825977301387137,0.24462452081942315,42,0.5952380952380952
ULPSX,1,condition_expansion,combo_XLU_down__self_big_down,1,0.5273192363335554,514,0.5525291828793775,1.4336349903721113,30,0.7333333333333333
ULPSX,2,condition_expansion,combo_XLV_big_down__self_down,1,0.5055782181858953,550,0.56,1.2059964766456703,36,0.6111111111111112
ULPSX,3,condition_expansion,combo_XLF_big_down__self_down,1,0.3993959391223978,819,0.5824175824175825,0.23938196002120968,42,0.5952380952380952
UMPIX,1,triple_scan,GDX_up_down_down_SPY_XLK,1,0.558741227734537,423,0.6004728132387707,1.1458208353640846,63,0.6825396825396826
UMPIX,2,triple_scan,GDX_up_down_down_SPY_XLF,1,0.5522144842310219,425,0.5882352941176471,1.13828575052846,60,0.6666666666666666
UMPIX,3,triple_scan,GDX_up_down_down_XLF_XLK,1,0.6117255390781456,336,0.6220238095238095,1.3944450793693808,49,0.7551020408163265
UMPSX,1,triple_scan,GDX_up_down_down_SPY_XLK,1,0.5540857560275064,423,0.5981087470449172,1.140848083343845,63,0.6825396825396826
UMPSX,2,triple_scan,GDX_up_down_down_SPY_XLF,1,0.5479714370568143,425,0.5858823529411765,1.1328867457091734,60,0.6666666666666666
UMPSX,3,triple_scan,GDX_up_down_down_XLF_XLK,1,0.6072074349841184,336,0.6190476190476191,1.3890951681598114,49,0.7551020408163265
UNPIX,1,condition_expansion,combo_XLE_down__self_down,1,0.2849042012024237,1511,0.5506287227001986,0.5962623148940362,71,0.5915492957746479
UNPIX,2,condition_expansion,combo_ext_vix_chg_up__self_big_down,1,0.43275596705769087,583,0.5540308747855918,0.39026072340072554,45,0.6222222222222222
UNPIX,3,condition_expansion,combo_IWM_big_down__self_big_down,1,0.47168334650544386,464,0.5668103448275862,0.5758359248862138,34,0.6764705882352942
UNPSX,1,condition_expansion,combo_IWM_big_down__self_big_down,1,0.5415320753354433,461,0.5661605206073753,0.5724436655482988,34,0.6764705882352942
UNPSX,2,condition_expansion,combo_ext_vix_chg_up__self_big_down,1,0.4279261091374525,581,0.5507745266781411,0.38751339336632956,45,0.6222222222222222
UNPSX,3,condition_expansion,combo_IWM_down__self_big_down,1,0.39737926412626784,613,0.5530179445350734,0.6882935097571818,47,0.6808510638297872
UOPIX,1,condition_expansion,combo_XLF_big_down__self_down,1,0.4950588841469394,833,0.5762304921968787,0.3931956253857106,33,0.5757575757575758
UOPIX,2,condition_expansion,combo_ext_vix_chg_up__self_big_down,1,0.5495790109620684,638,0.5658307210031348,0.8115004952424999,63,0.5714285714285714
UOPIX,3,condition_expansion,combo_XLF_big_down__ext_vix_20dvol_up,1,0.48761934136092056,753,0.5750332005312085,0.3072971510320764,44,0.5909090909090909
UOPSX,1,condition_expansion,combo_XLF_big_down__self_down,1,0.5021706318175149,831,0.5764139590854392,0.39048716601960115,33,0.5757575757575758
UOPSX,2,triple_scan,GLD_up_down_down_XLF_XLK,1,0.7122994196381237,392,0.6454081632653061,1.2683863566924602,54,0.6666666666666666
UOPSX,3,condition_expansion,combo_ext_vix_chg_up__self_big_down,1,0.5528866891801311,641,0.5647425897035881,0.7944191708546241,64,0.5625
USPIX,1,triple_scan,EEM_up_up_up_SLV_XLV,1,0.49747529425272285,136,0.5661764705882353,0.6852998567451373,61,0.5901639344262295
USPIX,2,triple_scan,EEM_up_up_up_GLD_HYG,1,0.485485646138533,121,0.5537190082644629,0.9734706704712375,46,0.6739130434782609
USPIX,3,triple_scan,GLD_down_down_down_TIP_XLC,1,0.23053268827910078,121,0.5619834710743802,0.7548828483432248,37,0.6216216216216216
USPSX,1,triple_scan,EEM_up_up_up_GLD_HYG,1,0.48663813708408077,121,0.5537190082644629,0.9778102094410872,46,0.6739130434782609
USPSX,2,triple_scan,GLD_down_down_down_TIP_XLC,1,0.2263269752134936,121,0.5537190082644629,0.7568546633526966,37,0.6216216216216216
UTPIX,1,triple_scan,FXY_up_up_down_GDX_XLK,1,0.3792684267341154,508,0.5826771653543307,0.5563531971108809,38,0.5789473684210527
UTPIX,2,triple_scan,EEM_down_down_down_SPY_XLV,1,0.20149515084519157,1429,0.5661301609517145,0.3736096954990636,76,0.6578947368421053
UTPIX,3,condition_expansion,combo_XLF_down__ext_credit_spread_le-0_5,1,0.25034616125889325,913,0.5695509309967142,0.2408643122107069,35,0.6285714285714286
UTPSX,1,triple_scan,FXY_up_up_down_GDX_XLK,1,0.37960631872019834,508,0.5826771653543307,0.5529098511164146,38,0.5789473684210527
UTPSX,2,condition_expansion,combo_XLF_down__ext_credit_spread_le-0_5,1,0.2468381408521916,913,0.5684556407447974,0.23764431185348853,35,0.6285714285714286
UTPSX,3,triple_scan,TIP_up_down_down_XLK_XLV,1,0.2494231725783085,853,0.5685814771395076,0.20686030423839,32,0.6875
UUPIX,1,triple_scan,SPY_down_down_down_XLK_XLV,1,0.40388812673952657,1299,0.5519630484988453,0.7150985881738814,74,0.5675675675675675
UUPIX,2,condition_expansion,combo_SPY_big_down__self_down,1,0.6330036098970215,506,0.5573122529644269,0.8798295171213246,43,0.5581395348837209
UUPIX,3,triple_scan,FXY_up_up_down_GDX_XLK,1,0.6177382829994028,452,0.5575221238938053,1.867136549193978,38,0.6578947368421053
UUPSX,1,triple_scan,SPY_down_down_down_XLK_XLV,1,0.3995505596396396,1299,0.5511932255581217,0.7094233318770515,74,0.5675675675675675
UUPSX,2,condition_expansion,combo_SPY_big_down__self_down,1,0.6283439614416843,506,0.5592885375494071,0.8756653899872457,43,0.5581395348837209
UUPSX,3,triple_scan,FXY_up_up_down_GDX_XLK,1,0.6142217957608628,452,0.5575221238938053,1.8620705284141679,38,0.6578947368421053
UVPIX,1,triple_scan,FXY_down_up_down_IWM_JNK,1,0.46456083548855437,268,0.5559701492537313,0.9053203449588673,30,0.6333333333333333
UVPIX,2,triple_scan,SPY_up_up_up_TLT_XLK,2,0.455065585215194,133,0.5639097744360902,0.5071163767612634,36,0.5833333333333334
UVPIX,3,triple_scan,FXY_down_up_down_IWM_JNK,2,0.31737471608971324,265,0.5660377358490566,0.6594624358797064,30,0.6
UVPSX,1,condition_expansion,combo_SLV_big_up__ext_tnx_yield_ge1,3,0.33978619840851043,286,0.5559440559440559,0.24705910772976186,35,0.5714285714285714
UVPSX,2,triple_scan,HYG_down_down_down_QQQ_SLV,2,0.3499391459180637,266,0.5714285714285714,0.7055760172944784,34,0.5588235294117647
UVPSX,3,triple_scan,FXY_down_up_down_IWM_JNK,2,0.3413641964727237,250,0.564,0.651017512063221,30,0.6
UWPSX,1,pair_scan,XLV_up_XLC_down,1,0.3913202202965446,128,0.5625,0.4397272093760715,41,0.5609756097560976
UXPSX,1,triple_scan,SLV_up_down_down_TIP_TLT,2,0.2260833878153247,200,0.57,0.2118936056471965,34,0.5882352941176471
WCPIX,1,triple_scan,GLD_up_down_down_XLK_XLV,2,0.3182164607085411,528,0.6060606060606061,0.44385445084131875,40,0.6
WCPIX,2,triple_scan,GDX_up_down_down_XLK_XLV,1,0.4791000788913656,220,0.6045454545454545,1.035874990197028,36,0.6666666666666666
WCPIX,3,triple_scan,GDX_up_down_down_SPY_XLK,1,0.3774243668279658,332,0.5963855421686747,0.5387251667571664,63,0.5714285714285714
WCPSX,1,triple_scan,GLD_up_down_down_XLK_XLV,2,0.31432587372593435,528,0.6022727272727273,0.4375993810029401,40,0.575
WCPSX,2,triple_scan,GDX_up_down_down_XLK_XLV,1,0.474890809525854,220,0.6045454545454545,1.0319270291024862,36,0.6666666666666666
WCPSX,3,triple_scan,GDX_up_down_down_XLF_XLK,1,0.440902968212291,245,0.5959183673469388,0.6231759815632937,49,0.5510204081632653
