pair_a,pair_b,corr,abs_corr,group
TNX_High,TNX_Yield,0.9996711436953478,0.9996711436953478,EXT-EXT
TNX_Open,TNX_Low,0.9996445629356873,0.9996445629356873,EXT-EXT
TNX_Yield,TNX_Low,0.9996415649785574,0.9996415649785574,EXT-EXT
TNX_High,TNX_Open,0.9996331092872617,0.9996331092872617,EXT-EXT
TNX_High,TNX_Low,0.9995163338535435,0.9995163338535435,EXT-EXT
TNX_Open,TNX_Yield,0.9992293406232027,0.9992293406232027,EXT-EXT
VIX_Open,VIX_Low,0.9915241743699849,0.9915241743699849,EXT-EXT
VIX_High,VIX_Close,0.9908423881013655,0.9908423881013655,EXT-EXT
VIX_Low,VIX_Close,0.9884004513310317,0.9884004513310317,EXT-EXT
VIX_High,VIX_Open,0.9858374107584027,0.9858374107584027,EXT-EXT
VIX_High,VIX_Low,0.9830000584945563,0.9830000584945563,EXT-EXT
VIX_Open,VIX_Close,0.9807509635050173,0.9807509635050173,EXT-EXT
JNKSpread,CreditSpread,0.9465425969815036,0.9465425969815036,EXT-EXT
GLD,USDGoldRatio,-0.9460879579940993,0.9460879579940993,ETF-EXT
QQQ,XLK,0.9377706465600575,0.9377706465600575,ETF-ETF
TLT,YldCurveProxy,0.9206428297789291,0.9206428297789291,ETF-EXT
TLT,TNX_ChgBp,-0.8864685821151639,0.8864685821151639,ETF-EXT
IWM,SPY,0.8863445139326287,0.8863445139326287,ETF-ETF
SPY,XLK,0.8678643509829783,0.8678643509829783,ETF-ETF
QQQ,XLC,0.8623997902456476,0.8623997902456476,ETF-ETF
SPY,XLC,0.8564559119633371,0.8564559119633371,ETF-ETF
QQQ,SPY,0.8526603813282798,0.8526603813282798,ETF-ETF
TLT,CreditSpread,-0.8383585368568711,0.8383585368568711,ETF-EXT
TLT,JNKSpread,-0.8284824614459237,0.8284824614459237,ETF-EXT
HYG,JNK,0.8278046405597291,0.8278046405597291,ETF-ETF
YldCurveProxy,JNKSpread,-0.826802755447143,0.826802755447143,EXT-EXT
YldCurveProxy,CreditSpread,-0.826294987499891,0.826294987499891,EXT-EXT
SPY,XLF,0.8250060579069,0.8250060579069,ETF-ETF
EEM,SPY,0.8120927463398754,0.8120927463398754,ETF-ETF
GLD,SLV,0.7967039987699431,0.7967039987699431,ETF-ETF
IWM,XLF,0.7894786394031041,0.7894786394031041,ETF-ETF
XLC,XLK,0.7882934039028988,0.7882934039028988,ETF-ETF
IWM,QQQ,0.7808217829884573,0.7808217829884573,ETF-ETF
SPY,XLV,0.772486336464916,0.772486336464916,ETF-ETF
SLV,USDGoldRatio,-0.7721882412082768,0.7721882412082768,ETF-EXT
IWM,XLK,0.7719524694828054,0.7719524694828054,ETF-ETF
YldCurveProxy,TNX_ChgBp,-0.7711796661765276,0.7711796661765276,EXT-EXT
GDX,GLD,0.7639333024252675,0.7639333024252675,ETF-ETF
GDX,USDGoldRatio,-0.7612479811611769,0.7612479811611769,ETF-EXT
EEM,IWM,0.7551544787721977,0.7551544787721977,ETF-ETF
EEM,QQQ,0.7523036116544383,0.7523036116544383,ETF-ETF
EEM,XLK,0.7378037038331691,0.7378037038331691,ETF-ETF
TNX_ChgBp,CreditSpread,0.7289273125818351,0.7289273125818351,EXT-EXT
SPY,VIX_Chg%,-0.7270605592748375,0.7270605592748375,ETF-EXT
JNKSpread,TNX_ChgBp,0.7252731734114886,0.7252731734114886,EXT-EXT
IWM,XLC,0.7207903652807774,0.7207903652807774,ETF-ETF
TIP,TLT,0.7072096552249392,0.7072096552249392,ETF-ETF
TIP,TNX_ChgBp,-0.7061028767495402,0.7061028767495402,ETF-EXT
QQQ,VIX_Chg%,-0.7011379840979728,0.7011379840979728,ETF-EXT
GDX,SLV,0.6981474460670223,0.6981474460670223,ETF-ETF
EEM,XLF,0.6880501599753491,0.6880501599753491,ETF-ETF
UUP,USDGoldRatio,0.6876766905390299,0.6876766905390299,ETF-EXT
XLK,VIX_Chg%,-0.6835253261064984,0.6835253261064984,ETF-EXT
IWM,XLV,0.6827568772508611,0.6827568772508611,ETF-ETF
HYG,SPY,0.6811628803739499,0.6811628803739499,ETF-ETF
HYG,XLC,0.6741553581967491,0.6741553581967491,ETF-ETF
IWM,VIX_Chg%,-0.6739616702451915,0.6739616702451915,ETF-EXT
JNK,XLC,0.6734185599761188,0.6734185599761188,ETF-ETF
XLC,XLF,0.6652781323647425,0.6652781323647425,ETF-ETF
JNK,JNKSpread,0.661249066735961,0.661249066735961,ETF-EXT
HYG,CreditSpread,0.6508394130891249,0.6508394130891249,ETF-EXT
EEM,XLE,0.6499459052872785,0.6499459052872785,ETF-ETF
SPY,XLE,0.6471142729543686,0.6471142729543686,ETF-ETF
IWM,XLE,0.6397672505012686,0.6397672505012686,ETF-ETF
XLF,SectRotation,-0.6346747290433506,0.6346747290433506,ETF-EXT
QQQ,XLV,0.6334244305968167,0.6334244305968167,ETF-ETF
XLK,XLV,0.6324165600669949,0.6324165600669949,ETF-ETF
EEM,XLC,0.6223089972374449,0.6223089972374449,ETF-ETF
XLC,VIX_Chg%,-0.6221953405069611,0.6221953405069611,ETF-EXT
HYG,IWM,0.6219822923197776,0.6219822923197776,ETF-ETF
XLF,XLV,0.6209308586551862,0.6209308586551862,ETF-ETF
XLF,XLK,0.6191557822069567,0.6191557822069567,ETF-ETF
XLC,XLV,0.6178917357068554,0.6178917357068554,ETF-ETF
VIX_TNX_Ratio,VIX_High,0.6142401968844818,0.6142401968844818,EXT-EXT
JNK,SPY,0.6141007888164548,0.6141007888164548,ETF-ETF
VIX_TNX_Ratio,VIX_Close,0.6114824519918167,0.6114824519918167,EXT-EXT
SPY,CreditSpread,0.6105107760819372,0.6105107760819372,ETF-EXT
XLV,VIX_Chg%,-0.6036565974255846,0.6036565974255846,ETF-EXT
EEM,VIX_Chg%,-0.6033957308728525,0.6033957308728525,ETF-EXT
EEM,HYG,0.6025454576587309,0.6025454576587309,ETF-ETF
VIX_TNX_Ratio,VIX_Open,0.6023840806585472,0.6023840806585472,EXT-EXT
SPY,XLU,0.6023047560918501,0.6023047560918501,ETF-ETF
VIX_TNX_Ratio,VIX_Low,0.5985043105238178,0.5985043105238178,EXT-EXT
QQQ,XLF,0.5965257831826086,0.5965257831826086,ETF-ETF
HYG,QQQ,0.5962261793826346,0.5962261793826346,ETF-ETF
VIX_TNX_Ratio,TNX_Low,-0.5897394941372396,0.5897394941372396,EXT-EXT
EEM,XLV,0.5888323175137399,0.5888323175137399,ETF-ETF
VIX_TNX_Ratio,TNX_Open,-0.5872819450440578,0.5872819450440578,EXT-EXT
VIX_TNX_Ratio,TNX_Yield,-0.5869840746879813,0.5869840746879813,EXT-EXT
TNX_High,VIX_TNX_Ratio,-0.5847685461409363,0.5847685461409363,EXT-EXT
HYG,XLK,0.5813596376805668,0.5813596376805668,ETF-ETF
SPY,JNKSpread,0.5791380235103539,0.5791380235103539,ETF-EXT
LQD,TLT,0.5719802835628571,0.5719802835628571,ETF-ETF
XLF,VIX_Chg%,-0.5714873855734945,0.5714873855734945,ETF-EXT
XLE,XLF,0.5703723940114558,0.5703723940114558,ETF-ETF
HYG,JNKSpread,0.5689786926011805,0.5689786926011805,ETF-EXT
HYG,XLF,0.5658967997831748,0.5658967997831748,ETF-ETF
XLF,CreditSpread,0.5658626630053175,0.5658626630053175,ETF-EXT
IWM,CreditSpread,0.5636283267906207,0.5636283267906207,ETF-EXT
IWM,JNK,0.5515762138234281,0.5515762138234281,ETF-ETF
JNK,CreditSpread,0.5512517067028805,0.5512517067028805,ETF-EXT
LQD,TIP,0.5474385800329512,0.5474385800329512,ETF-ETF
XLF,JNKSpread,0.5459767396701455,0.5459767396701455,ETF-EXT
HYG,XLV,0.5415240693209952,0.5415240693209952,ETF-ETF
LQD,TNX_ChgBp,-0.5391904861705314,0.5391904861705314,ETF-EXT
JNK,QQQ,0.5382829003839271,0.5382829003839271,ETF-ETF
XLE,CreditSpread,0.5372440768264191,0.5372440768264191,ETF-EXT
EEM,CreditSpread,0.5368435564755916,0.5368435564755916,ETF-EXT
IWM,JNKSpread,0.5291814010610408,0.5291814010610408,ETF-EXT
EEM,JNK,0.5273277327835664,0.5273277327835664,ETF-ETF
XLU,XLV,0.5267463561344176,0.5267463561344176,ETF-ETF
JNK,XLK,0.5245974350221896,0.5245974350221896,ETF-ETF
EEM,XLU,0.5236479771321729,0.5236479771321729,ETF-ETF
QQQ,CreditSpread,0.5229250246422494,0.5229250246422494,ETF-EXT
IWM,XLU,0.5224386009712515,0.5224386009712515,ETF-ETF
HYG,XLE,0.5223116196181298,0.5223116196181298,ETF-ETF
JNK,XLF,0.5217011231328395,0.5217011231328395,ETF-ETF
XLK,CreditSpread,0.5091773700430797,0.5091773700430797,ETF-EXT
XLE,JNKSpread,0.5079273966495759,0.5079273966495759,ETF-EXT
XLE,VIX_Chg%,-0.49993732940544505,0.49993732940544505,ETF-EXT
EEM,JNKSpread,0.4998137852683548,0.4998137852683548,ETF-EXT
HYG,XLU,0.4981452894042772,0.4981452894042772,ETF-ETF
QQQ,JNKSpread,0.49564363933351874,0.49564363933351874,ETF-EXT
FXY,TNX_ChgBp,-0.4954532555816267,0.4954532555816267,ETF-EXT
JNK,XLV,0.4951163819513457,0.4951163819513457,ETF-ETF
XLF,XLU,0.49096656147504486,0.49096656147504486,ETF-ETF
TIP,CreditSpread,-0.49033333242402166,0.49033333242402166,ETF-EXT
XLK,JNKSpread,0.4822436355481082,0.4822436355481082,ETF-EXT
XLV,CreditSpread,0.4792769610669227,0.4792769610669227,ETF-EXT
XLE,XLU,0.4708957659475971,0.4708957659475971,ETF-ETF
XLE,XLV,0.4673451852252989,0.4673451852252989,ETF-ETF
HYG,VIX_Chg%,-0.46678075992301166,0.46678075992301166,ETF-EXT
TIP,JNKSpread,-0.4645848353659216,0.4645848353659216,ETF-EXT
JNK,XLE,0.4611037565263874,0.4611037565263874,ETF-ETF
XLV,JNKSpread,0.45802572446025197,0.45802572446025197,ETF-EXT
JNK,XLU,0.45264988643512755,0.45264988643512755,ETF-ETF
VIX_5dChg,VIX_Chg%,0.4525717744288611,0.4525717744288611,EXT-EXT
HYG,LQD,0.4474841745116745,0.4474841745116745,ETF-ETF
VIX_Chg%,CreditSpread,-0.44072488739822613,0.44072488739822613,EXT-EXT
XLE,XLK,0.4391057230963651,0.4391057230963651,ETF-ETF
JNK,VIX_Chg%,-0.437656133480689,0.437656133480689,ETF-EXT
StkBonCorr,TNX_Low,0.43696250831507205,0.43696250831507205,EXT-EXT
FXY,UUP,-0.43650583913069574,0.43650583913069574,ETF-ETF
StkBonCorr,TNX_Yield,0.4361927678573351,0.4361927678573351,EXT-EXT
StkBonCorr,TNX_Open,0.4350300482263428,0.4350300482263428,EXT-EXT
TNX_High,StkBonCorr,0.4341503962731536,0.4341503962731536,EXT-EXT
VIX_Chg%,JNKSpread,-0.4275826679466714,0.4275826679466714,EXT-EXT
XLK,XLU,0.427251428422579,0.427251428422579,ETF-ETF
XLC,CreditSpread,0.4257110956464253,0.4257110956464253,ETF-EXT
LQD,YldCurveProxy,0.4246648590815853,0.4246648590815853,ETF-EXT
GDX,UUP,-0.42419516420594605,0.42419516420594605,ETF-ETF
XLC,JNKSpread,0.4238952856182243,0.4238952856182243,ETF-EXT
XLC,XLE,0.4170039183136963,0.4170039183136963,ETF-ETF
GLD,UUP,-0.41543857640532045,0.41543857640532045,ETF-ETF
XLC,XLU,0.4151841298752461,0.4151841298752461,ETF-ETF
FXY,TLT,0.41512397346239027,0.41512397346239027,ETF-ETF
QQQ,XLE,0.4130056845245774,0.4130056845245774,ETF-ETF
XLU,VIX_Chg%,-0.4094251595969614,0.4094251595969614,ETF-EXT
QQQ,XLU,0.4040477240478753,0.4040477240478753,ETF-ETF
FXY,CreditSpread,-0.394682797072529,0.394682797072529,ETF-EXT
SLV,UUP,-0.39339158258681534,0.39339158258681534,ETF-ETF
EEM,GDX,0.39033096454835986,0.39033096454835986,ETF-ETF
JNK,LQD,0.3892694720166956,0.3892694720166956,ETF-ETF
XLE,YldCurveProxy,-0.3859417147458895,0.3859417147458895,ETF-EXT
FXY,USDGoldRatio,-0.3829462606669906,0.3829462606669906,ETF-EXT
FXY,JNKSpread,-0.3717985105945572,0.3717985105945572,ETF-EXT
FXY,TIP,0.37178581180479237,0.37178581180479237,ETF-ETF
TIP,YldCurveProxy,0.37110202798890846,0.37110202798890846,ETF-EXT
VIX_High,VIX_20dVol,0.3686409792333173,0.3686409792333173,EXT-EXT
SPY,VIX_5dChg,-0.3523154207723924,0.3523154207723924,ETF-EXT
XLF,YldCurveProxy,-0.3501246341671048,0.3501246341671048,ETF-EXT
XLU,CreditSpread,0.3467656916602894,0.3467656916602894,ETF-EXT
SPY,YldCurveProxy,-0.34001136665195075,0.34001136665195075,ETF-EXT
QQQ,VIX_5dChg,-0.3398674771312701,0.3398674771312701,ETF-EXT
FXY,YldCurveProxy,0.3392332841506856,0.3392332841506856,ETF-EXT
VIX_20dVol,VIX_Close,0.33753246456426167,0.33753246456426167,EXT-EXT
VIX_Open,VIX_20dVol,0.33554304465911466,0.33554304465911466,EXT-EXT
GDX,XLE,0.3326327621974335,0.3326327621974335,ETF-ETF
IWM,VIX_5dChg,-0.3280455193494915,0.3280455193494915,ETF-EXT
XLU,JNKSpread,0.3272165954072497,0.3272165954072497,ETF-EXT
FXY,XLF,-0.3242097972188366,0.3242097972188366,ETF-ETF
XLK,VIX_5dChg,-0.32374879518802924,0.32374879518802924,ETF-EXT
TLT,XLF,-0.32288485367156555,0.32288485367156555,ETF-ETF
IWM,YldCurveProxy,-0.3209167084179826,0.3209167084179826,ETF-EXT
EEM,SLV,0.3180116248691186,0.3180116248691186,ETF-ETF
XLC,VIX_5dChg,-0.3106008480122947,0.3106008480122947,ETF-EXT
FXY,SPY,-0.3088983864805993,0.3088983864805993,ETF-ETF
VIX_20dVol,VIX_Low,0.3067828447459212,0.3067828447459212,EXT-EXT
XLV,VIX_5dChg,-0.3039371023378865,0.3039371023378865,ETF-EXT
TLT,XLE,-0.30272063729670207,0.30272063729670207,ETF-ETF
LQD,XLC,0.30204170046988066,0.30204170046988066,ETF-ETF
SPY,TLT,-0.3019806273114168,0.3019806273114168,ETF-ETF
XLF,TNX_ChgBp,0.29697690397328386,0.29697690397328386,ETF-EXT
EEM,YldCurveProxy,-0.29065269512641534,0.29065269512641534,ETF-EXT
TIP,USDGoldRatio,-0.28960296900359705,0.28960296900359705,ETF-EXT
XLE,TNX_ChgBp,0.289487316510299,0.289487316510299,ETF-EXT
EEM,UUP,-0.28934712404056206,0.28934712404056206,ETF-ETF
IWM,TLT,-0.2818466885204446,0.2818466885204446,ETF-ETF
FXY,GLD,0.2809906129314849,0.2809906129314849,ETF-ETF
GDX,SPY,0.27799687766855885,0.27799687766855885,ETF-ETF
GDX,XLU,0.2745369161736191,0.2745369161736191,ETF-ETF
FXY,VIX_Chg%,0.27439087090929465,0.27439087090929465,ETF-EXT
QQQ,YldCurveProxy,-0.2741524249727056,0.2741524249727056,ETF-EXT
FXY,IWM,-0.27350162199793143,0.27350162199793143,ETF-ETF
FXY,QQQ,-0.27245967283284117,0.27245967283284117,ETF-ETF
GDX,IWM,0.27087684424527964,0.27087684424527964,ETF-ETF
FXY,XLK,-0.2690535343484314,0.2690535343484314,ETF-ETF
XLF,VIX_5dChg,-0.26868141221909697,0.26868141221909697,ETF-EXT
XLK,YldCurveProxy,-0.2673503193638268,0.2673503193638268,ETF-EXT
SLV,XLE,0.2663868035299342,0.2663868035299342,ETF-ETF
EEM,VIX_5dChg,-0.26545566659782127,0.26545566659782127,ETF-EXT
SPY,TNX_ChgBp,0.265272415651179,0.265272415651179,ETF-EXT
YldCurveProxy,VIX_Chg%,0.26353355052509647,0.26353355052509647,EXT-EXT
XLC,SectRotation,0.2626814094861059,0.2626814094861059,ETF-EXT
XLE,VIX_5dChg,-0.2623225425532697,0.2623225425532697,ETF-EXT
GLD,TIP,0.2616789602160699,0.2616789602160699,ETF-ETF
XLV,YldCurveProxy,-0.25956515326562923,0.25956515326562923,ETF-EXT
XLE,SectRotation,-0.2566481723673078,0.2566481723673078,ETF-EXT
EEM,FXY,-0.25621798810004126,0.25621798810004126,ETF-ETF
QQQ,TLT,-0.25493354675629715,0.25493354675629715,ETF-ETF
VIX_TNX_Ratio,VIX_20dVol,0.25490699318725574,0.25490699318725574,EXT-EXT
TLT,XLK,-0.2526327362577932,0.2526327362577932,ETF-ETF
StkBonCorr,VIX_TNX_Ratio,-0.2525153678474814,0.2525153678474814,EXT-EXT
IWM,SectRotation,-0.2500271557401338,0.2500271557401338,ETF-EXT
HYG,VIX_5dChg,-0.24921230253291954,0.24921230253291954,ETF-EXT
FXY,XLE,-0.24783893797604703,0.24783893797604703,ETF-ETF
GDX,QQQ,0.24747506095082825,0.24747506095082825,ETF-ETF
EEM,TLT,-0.24737131986393976,0.24737131986393976,ETF-ETF
EEM,USDGoldRatio,-0.24734930420904236,0.24734930420904236,ETF-EXT
IWM,TNX_ChgBp,0.24314603764671638,0.24314603764671638,ETF-EXT
GDX,XLK,0.24313778934778554,0.24313778934778554,ETF-ETF
JNK,VIX_5dChg,-0.24155695746438166,0.24155695746438166,ETF-EXT
EEM,TNX_ChgBp,0.23583030807912786,0.23583030807912786,ETF-EXT
TLT,VIX_Chg%,0.23437288424401795,0.23437288424401795,ETF-EXT
StkBonCorr,VIX_Low,-0.2311252566195469,0.2311252566195469,EXT-EXT
LQD,XLU,0.23077959148187072,0.23077959148187072,ETF-ETF
StkBonCorr,VIX_Close,-0.22903971892634664,0.22903971892634664,EXT-EXT
FXY,LQD,0.22892208454135232,0.22892208454135232,ETF-ETF
SLV,SPY,0.2288856520335315,0.2288856520335315,ETF-ETF
FXY,XLV,-0.22830177276911398,0.22830177276911398,ETF-ETF
VIX_High,VIX_5dChg,0.2282343668036836,0.2282343668036836,EXT-EXT
TLT,XLV,-0.22820647847440245,0.22820647847440245,ETF-ETF
StkBonCorr,VIX_Open,-0.22786113937296093,0.22786113937296093,EXT-EXT
SectRotation,CreditSpread,-0.22702900873458756,0.22702900873458756,EXT-EXT
JNK,YldCurveProxy,-0.22662113854736307,0.22662113854736307,ETF-EXT
SectRotation,JNKSpread,-0.22628461584344758,0.22628461584344758,EXT-EXT
StkBonCorr,VIX_High,-0.22368888833066206,0.22368888833066206,EXT-EXT
VIX_Chg%,TNX_ChgBp,-0.22181756460191346,0.22181756460191346,EXT-EXT
QQQ,TNX_ChgBp,0.22154395836144725,0.22154395836144725,ETF-EXT
JNK,SLV,0.22105853966460287,0.22105853966460287,ETF-ETF
IWM,SLV,0.22020780637724244,0.22020780637724244,ETF-ETF
VIX_5dChg,VIX_Close,0.21997498023573495,0.21997498023573495,EXT-EXT
XLK,TNX_ChgBp,0.21814829319338483,0.21814829319338483,ETF-EXT
HYG,YldCurveProxy,-0.21769818017551856,0.21769818017551856,ETF-EXT
JNK,UUP,-0.215462939868482,0.215462939868482,ETF-ETF
GDX,HYG,0.21027833170550017,0.21027833170550017,ETF-ETF
XLU,VIX_5dChg,-0.21025717845217567,0.21025717845217567,ETF-EXT
USDGoldRatio,TNX_ChgBp,0.20724659862906342,0.20724659862906342,EXT-EXT
QQQ,SLV,0.2066694035681761,0.2066694035681761,ETF-ETF
SLV,XLK,0.20579699500550228,0.20579699500550228,ETF-ETF
TIP,UUP,-0.20427659164477152,0.20427659164477152,ETF-ETF
HYG,UUP,-0.20407567802836066,0.20407567802836066,ETF-ETF
GDX,VIX_Chg%,-0.20313396379496965,0.20313396379496965,ETF-EXT
SLV,XLC,0.20094504876208347,0.20094504876208347,ETF-ETF
HYG,SLV,0.19940528302526564,0.19940528302526564,ETF-ETF
StkBonCorr,VIX_20dVol,-0.19893897363106203,0.19893897363106203,EXT-EXT
VIX_5dChg,CreditSpread,-0.19770273213613343,0.19770273213613343,EXT-EXT
VIX_5dChg,JNKSpread,-0.1959753481565727,0.1959753481565727,EXT-EXT
GDX,TIP,0.1952849901538561,0.1952849901538561,ETF-ETF
EEM,GLD,0.19415463155567195,0.19415463155567195,ETF-ETF
LQD,JNKSpread,-0.19160546501160866,0.19160546501160866,ETF-EXT
SLV,TIP,0.19140124960288457,0.19140124960288457,ETF-ETF
LQD,USDGoldRatio,-0.19082287321598265,0.19082287321598265,ETF-EXT
UUP,XLE,-0.1901983360687284,0.1901983360687284,ETF-ETF
GDX,JNK,0.18895287772270491,0.18895287772270491,ETF-ETF
GDX,LQD,0.1878780075011028,0.1878780075011028,ETF-ETF
SectRotation,YldCurveProxy,0.18767846670252367,0.18767846670252367,EXT-EXT
SPY,UUP,-0.18727771820577493,0.18727771820577493,ETF-ETF
GDX,XLC,0.1854438800390229,0.1854438800390229,ETF-ETF
GLD,TNX_ChgBp,-0.1847302454777367,0.1847302454777367,ETF-EXT
GDX,XLV,0.18468982627863753,0.18468982627863753,ETF-ETF
SLV,XLU,0.18408770607906927,0.18408770607906927,ETF-ETF
SLV,VIX_Chg%,-0.18241030694619204,0.18241030694619204,ETF-EXT
XLV,TNX_ChgBp,0.18181014737221476,0.18181014737221476,ETF-EXT
TLT,SectRotation,0.18160203018031704,0.18160203018031704,ETF-EXT
IWM,UUP,-0.1805700223993327,0.1805700223993327,ETF-ETF
LQD,UUP,-0.17742661743515373,0.17742661743515373,ETF-ETF
LQD,CreditSpread,-0.171431717030272,0.171431717030272,ETF-EXT
XLE,USDGoldRatio,-0.17002832258456763,0.17002832258456763,ETF-EXT
LQD,SPY,0.16823787091223394,0.16823787091223394,ETF-ETF
SectRotation,TNX_ChgBp,-0.16823780933915133,0.16823780933915133,EXT-EXT
SPY,SectRotation,-0.16632734949416586,0.16632734949416586,ETF-EXT
EEM,LQD,0.16542976770764548,0.16542976770764548,ETF-ETF
FXY,GDX,0.16403602431417735,0.16403602431417735,ETF-ETF
XLC,YldCurveProxy,-0.16214054049435178,0.16214054049435178,ETF-EXT
TLT,USDGoldRatio,-0.15913570619460055,0.15913570619460055,ETF-EXT
UUP,XLU,-0.15905219015877822,0.15905219015877822,ETF-ETF
LQD,SLV,0.15789855096772556,0.15789855096772556,ETF-ETF
XLU,USDGoldRatio,-0.157324756185447,0.157324756185447,ETF-EXT
GLD,TLT,0.15628174448846138,0.15628174448846138,ETF-ETF
XLV,SectRotation,-0.1552886468394797,0.1552886468394797,ETF-EXT
GDX,XLF,0.1545126858579637,0.1545126858579637,ETF-ETF
FXY,SectRotation,0.15360877885955057,0.15360877885955057,ETF-EXT
HYG,SectRotation,-0.15250556261687978,0.15250556261687978,ETF-EXT
GLD,LQD,0.15203100457299495,0.15203100457299495,ETF-ETF
SLV,XLV,0.1511656227505666,0.1511656227505666,ETF-ETF
XLK,SectRotation,0.15021255654578194,0.15021255654578194,ETF-EXT
GLD,XLE,0.15017211820302648,0.15017211820302648,ETF-ETF
QQQ,UUP,-0.1501395045798891,0.1501395045798891,ETF-ETF
JNK,SectRotation,-0.15011462860181593,0.15011462860181593,ETF-EXT
VIX_High,TNX_Low,-0.15003431354016522,0.15003431354016522,EXT-EXT
EEM,SectRotation,-0.14922700312712203,0.14922700312712203,ETF-EXT
XLU,SectRotation,-0.14906693011009528,0.14906693011009528,ETF-EXT
FXY,SLV,0.14848017582221115,0.14848017582221115,ETF-ETF
VIX_Open,VIX_5dChg,0.14654593371159857,0.14654593371159857,EXT-EXT
VIX_Open,TNX_Low,-0.14546449074962542,0.14546449074962542,EXT-EXT
TNX_Low,VIX_Close,-0.14456907062778562,0.14456907062778562,EXT-EXT
VIX_5dChg,VIX_Low,0.14440005413655788,0.14440005413655788,EXT-EXT
UUP,XLK,-0.14417995151868704,0.14417995151868704,ETF-ETF
VIX_High,TNX_Open,-0.14299029960316906,0.14299029960316906,EXT-EXT
VIX_High,TNX_Yield,-0.14263625549609815,0.14263625549609815,EXT-EXT
XLC,VIX_Close,-0.14211844889003764,0.14211844889003764,ETF-EXT
TNX_Low,VIX_Low,-0.14166397040240436,0.14166397040240436,EXT-EXT
SPY,VIX_Close,-0.1410931915917154,0.1410931915917154,ETF-EXT
UUP,TNX_ChgBp,0.14098189275635226,0.14098189275635226,ETF-EXT
FXY,HYG,-0.14039967508370998,0.14039967508370998,ETF-ETF
JNK,USDGoldRatio,-0.1400650271464349,0.1400650271464349,ETF-EXT
TNX_Open,VIX_Open,-0.1389661112857349,0.1389661112857349,EXT-EXT
VIX_20dVol,TNX_Low,-0.13871787535634425,0.13871787535634425,EXT-EXT
LQD,XLK,0.13845516767557056,0.13845516767557056,ETF-ETF
FXY,VIX_5dChg,0.13834422197878787,0.13834422197878787,ETF-EXT
TNX_Yield,VIX_Open,-0.13809619059229267,0.13809619059229267,EXT-EXT
LQD,QQQ,0.13796132235350397,0.13796132235350397,ETF-ETF
IWM,LQD,0.13757241897140796,0.13757241897140796,ETF-ETF
TNX_Open,VIX_20dVol,-0.13754031962167237,0.13754031962167237,EXT-EXT
TNX_Open,VIX_Close,-0.1374919407142667,0.1374919407142667,EXT-EXT
TNX_Yield,VIX_Close,-0.13748379254823262,0.13748379254823262,EXT-EXT
TNX_Yield,VIX_20dVol,-0.13745977105347545,0.13745977105347545,EXT-EXT
TNX_High,VIX_20dVol,-0.13668763465384423,0.13668763465384423,EXT-EXT
TNX_High,VIX_High,-0.13596681370055863,0.13596681370055863,EXT-EXT
TNX_Open,VIX_Low,-0.13495774147287015,0.13495774147287015,EXT-EXT
TNX_Yield,VIX_Low,-0.13449386151845627,0.13449386151845627,EXT-EXT
UUP,XLF,-0.13411265037892015,0.13411265037892015,ETF-ETF
XLU,YldCurveProxy,-0.1331865713987617,0.1331865713987617,ETF-EXT
TIP,XLF,-0.13212824066596338,0.13212824066596338,ETF-ETF
TNX_High,VIX_Open,-0.13192166693199944,0.13192166693199944,EXT-EXT
HYG,TLT,-0.13177385917548892,0.13177385917548892,ETF-ETF
TNX_High,VIX_Close,-0.13060241555060118,0.13060241555060118,EXT-EXT
IWM,VIX_Close,-0.12953771368438383,0.12953771368438383,ETF-EXT
LQD,XLV,0.128426737057294,0.128426737057294,ETF-ETF
TNX_High,VIX_Low,-0.12806241333238524,0.12806241333238524,EXT-EXT
JNK,TLT,-0.1277287942313617,0.1277287942313617,ETF-ETF
UUP,XLV,-0.12592460018312895,0.12592460018312895,ETF-ETF
GLD,XLU,0.12486312644356368,0.12486312644356368,ETF-ETF
QQQ,VIX_Close,-0.12460364791075743,0.12460364791075743,ETF-EXT
FXY,XLU,-0.12383104670534617,0.12383104670534617,ETF-ETF
XLF,VIX_Close,-0.1204746919829642,0.1204746919829642,ETF-EXT
XLV,VIX_Close,-0.12006189110159135,0.12006189110159135,ETF-EXT
JNK,VIX_Close,-0.11945713320647719,0.11945713320647719,ETF-EXT
SLV,VIX_5dChg,-0.11831989542745024,0.11831989542745024,ETF-EXT
XLK,VIX_Close,-0.11817263251364211,0.11817263251364211,ETF-EXT
VIX_Chg%,VIX_Close,0.11801430715468908,0.11801430715468908,EXT-EXT
UUP,XLC,-0.11769254688733907,0.11769254688733907,ETF-ETF
XLC,USDGoldRatio,-0.11653922022937135,0.11653922022937135,ETF-EXT
SPY,USDGoldRatio,-0.11613747461876452,0.11613747461876452,ETF-EXT
JNK,TIP,0.1137135884511329,0.1137135884511329,ETF-ETF
IWM,USDGoldRatio,-0.1128963365334187,0.1128963365334187,ETF-EXT
YldCurveProxy,VIX_5dChg,0.11097770211466783,0.11097770211466783,EXT-EXT
HYG,VIX_Close,-0.11085068628831928,0.11085068628831928,ETF-EXT
LQD,VIX_Chg%,-0.11046315665890737,0.11046315665890737,ETF-EXT
HYG,USDGoldRatio,-0.11046017139634338,0.11046017139634338,ETF-EXT
LQD,VIX_5dChg,-0.107972849205994,0.107972849205994,ETF-EXT
GDX,VIX_5dChg,-0.10697012708251896,0.10697012708251896,ETF-EXT
UUP,VIX_Chg%,0.10658324162144445,0.10658324162144445,ETF-EXT
GLD,SectRotation,0.106258065148634,0.106258065148634,ETF-EXT
VIX_5dChg,VIX_20dVol,0.10597376493781564,0.10597376493781564,EXT-EXT
SLV,XLF,0.1047414580718864,0.1047414580718864,ETF-ETF
FXY,JNK,-0.10345806787779424,0.10345806787779424,ETF-ETF
JNKSpread,VIX_Close,-0.10330918333721503,0.10330918333721503,EXT-EXT
GLD,CreditSpread,-0.10282773647610752,0.10282773647610752,ETF-EXT
XLK,USDGoldRatio,-0.1012482211687095,0.1012482211687095,ETF-EXT
VIX_TNX_Ratio,VIX_5dChg,0.10058144422401719,0.10058144422401719,EXT-EXT
GDX,TNX_ChgBp,-0.10055844414571125,0.10055844414571125,ETF-EXT
SLV,JNKSpread,0.09976611831331178,0.09976611831331178,ETF-EXT
QQQ,USDGoldRatio,-0.09906120264725964,0.09906120264725964,ETF-EXT
CreditSpread,VIX_Close,-0.09846584247634622,0.09846584247634622,EXT-EXT
JNK,TNX_ChgBp,0.09752634037379013,0.09752634037379013,ETF-EXT
SPY,TIP,-0.09620649241893892,0.09620649241893892,ETF-ETF
GLD,XLC,0.09581088091555197,0.09581088091555197,ETF-ETF
XLE,VIX_Close,-0.09564450201956166,0.09564450201956166,ETF-EXT
JNK,VIX_High,-0.09547165560124256,0.09547165560124256,ETF-EXT
QQQ,SectRotation,0.0942792000700732,0.0942792000700732,ETF-EXT
FXY,XLC,-0.09417694413076051,0.09417694413076051,ETF-ETF
EEM,VIX_Close,-0.09288618926709445,0.09288618926709445,ETF-EXT
HYG,TNX_ChgBp,0.09227238430760443,0.09227238430760443,ETF-EXT
TIP,XLK,-0.09206237922362633,0.09206237922362633,ETF-ETF
XLU,VIX_Close,-0.09195535768754251,0.09195535768754251,ETF-EXT
QQQ,TIP,-0.0918307169077722,0.0918307169077722,ETF-ETF
TLT,XLC,-0.09079527716624945,0.09079527716624945,ETF-ETF
XLC,VIX_High,-0.09066960955675762,0.09066960955675762,ETF-EXT
TIP,SectRotation,0.09061982165759912,0.09061982165759912,ETF-EXT
TLT,XLU,-0.0901348008035565,0.0901348008035565,ETF-ETF
SPY,VIX_High,-0.08915324533676347,0.08915324533676347,ETF-EXT
SLV,CreditSpread,0.08625595215079959,0.08625595215079959,ETF-EXT
TIP,XLC,0.08618034125712379,0.08618034125712379,ETF-ETF
GLD,JNKSpread,-0.08579506514317396,0.08579506514317396,ETF-EXT
VIX_5dChg,TNX_ChgBp,-0.08558469601899647,0.08558469601899647,EXT-EXT
HYG,TIP,0.08516033931201043,0.08516033931201043,ETF-ETF
IWM,VIX_High,-0.0841855753389483,0.0841855753389483,ETF-EXT
IWM,TIP,-0.0841335190128473,0.0841335190128473,ETF-ETF
VIX_High,JNKSpread,-0.08184810233742904,0.08184810233742904,EXT-EXT
USDGoldRatio,SectRotation,-0.08165503655224358,0.08165503655224358,EXT-EXT
HYG,VIX_High,-0.08081978534194081,0.08081978534194081,ETF-EXT
LQD,XLF,0.08021873200852593,0.08021873200852593,ETF-ETF
GDX,TLT,0.08012517597554011,0.08012517597554011,ETF-ETF
GLD,JNK,0.07985647287972647,0.07985647287972647,ETF-ETF
LQD,XLE,0.07938447524407564,0.07938447524407564,ETF-ETF
EEM,TIP,-0.07860187118245428,0.07860187118245428,ETF-ETF
TIP,VIX_Chg%,0.0781815590818314,0.0781815590818314,ETF-EXT
XLF,VIX_High,-0.07760301601060177,0.07760301601060177,ETF-EXT
TLT,VIX_5dChg,0.07730252120610037,0.07730252120610037,ETF-EXT
XLV,VIX_High,-0.0770519710172799,0.0770519710172799,ETF-EXT
QQQ,VIX_High,-0.07690019999115368,0.07690019999115368,ETF-EXT
JNK,VIX_Low,-0.07614612630869204,0.07614612630869204,ETF-EXT
VIX_TNX_Ratio,JNKSpread,-0.07443826026033074,0.07443826026033074,EXT-EXT
TIP,XLV,-0.07421902603468278,0.07421902603468278,ETF-ETF
SLV,SectRotation,0.07410852534060706,0.07410852534060706,ETF-EXT
VIX_High,CreditSpread,-0.07376020621090547,0.07376020621090547,EXT-EXT
FXY,VIX_Close,0.07220247110745939,0.07220247110745939,ETF-EXT
XLK,VIX_High,-0.07138322444837088,0.07138322444837088,ETF-EXT
TLT,UUP,-0.07131082320454614,0.07131082320454614,ETF-ETF
VIX_TNX_Ratio,CreditSpread,-0.0711260773177511,0.0711260773177511,EXT-EXT
VIX_High,VIX_Chg%,0.07025694166155935,0.07025694166155935,EXT-EXT
USDGoldRatio,VIX_Chg%,0.06911799961993459,0.06911799961993459,EXT-EXT
GLD,IWM,0.06900122087446701,0.06900122087446701,ETF-ETF
XLV,USDGoldRatio,-0.06853133957014518,0.06853133957014518,ETF-EXT
UUP,JNKSpread,-0.0680477112775703,0.0680477112775703,ETF-EXT
SPY,VIX_TNX_Ratio,-0.06769366127471182,0.06769366127471182,ETF-EXT
SLV,YldCurveProxy,-0.0656797258632993,0.0656797258632993,ETF-EXT
YldCurveProxy,VIX_Close,0.06553087945269223,0.06553087945269223,EXT-EXT
GLD,SPY,0.06537791497944123,0.06537791497944123,ETF-ETF
XLE,VIX_TNX_Ratio,-0.06532265959124378,0.06532265959124378,ETF-EXT
XLF,VIX_TNX_Ratio,-0.06462879936763244,0.06462879936763244,ETF-EXT
IWM,VIX_TNX_Ratio,-0.06394652501857351,0.06394652501857351,ETF-EXT
FXY,VIX_High,0.0638635660054345,0.0638635660054345,ETF-EXT
JNKSpread,VIX_Low,-0.06372149742769262,0.06372149742769262,EXT-EXT
SPY,VIX_Low,-0.06174020938263802,0.06174020938263802,ETF-EXT
XLE,VIX_High,-0.06158493847900404,0.06158493847900404,ETF-EXT
USDGoldRatio,CreditSpread,0.06143910010647288,0.06143910010647288,EXT-EXT
GLD,YldCurveProxy,0.061385603787451636,0.061385603787451636,ETF-EXT
JNK,VIX_TNX_Ratio,-0.06113025965306132,0.06113025965306132,ETF-EXT
GLD,XLK,0.0610266546620191,0.0610266546620191,ETF-ETF
VIX_TNX_Ratio,YldCurveProxy,0.060333317418626485,0.060333317418626485,EXT-EXT
VIX_TNX_Ratio,VIX_Chg%,0.06001470727716959,0.06001470727716959,EXT-EXT
HYG,VIX_Low,-0.05890147889099761,0.05890147889099761,ETF-EXT
UUP,VIX_5dChg,0.05874470888288965,0.05874470888288965,ETF-EXT
LQD,SectRotation,0.05850242555258334,0.05850242555258334,ETF-EXT
XLF,VIX_Low,-0.05823572179855938,0.05823572179855938,ETF-EXT
XLU,VIX_High,-0.058199825248815736,0.058199825248815736,ETF-EXT
UUP,CreditSpread,-0.05786387626116396,0.05786387626116396,ETF-EXT
SLV,TNX_ChgBp,-0.057503832810286,0.057503832810286,ETF-EXT
HYG,VIX_TNX_Ratio,-0.0573301908464908,0.0573301908464908,ETF-EXT
GLD,QQQ,0.05710520644879901,0.05710520644879901,ETF-ETF
IWM,VIX_Low,-0.05656215832928498,0.05656215832928498,ETF-EXT
VIX_High,YldCurveProxy,0.0554553013337664,0.0554553013337664,EXT-EXT
XLU,VIX_TNX_Ratio,-0.05535054125687986,0.05535054125687986,ETF-EXT
EEM,VIX_High,-0.054687193808866476,0.054687193808866476,ETF-EXT
VIX_Low,CreditSpread,-0.05440855915868027,0.05440855915868027,EXT-EXT
XLV,VIX_Low,-0.05369865415769264,0.05369865415769264,ETF-EXT
XLC,VIX_Low,-0.053561138850225495,0.053561138850225495,ETF-EXT
XLC,VIX_TNX_Ratio,-0.05324643596754532,0.05324643596754532,ETF-EXT
XLK,VIX_TNX_Ratio,-0.05297700996845415,0.05297700996845415,ETF-EXT
XLV,VIX_TNX_Ratio,-0.05276179339252518,0.05276179339252518,ETF-EXT
QQQ,VIX_TNX_Ratio,-0.052286693495932186,0.052286693495932186,ETF-EXT
TNX_ChgBp,VIX_Close,-0.05220850338273354,0.05220850338273354,EXT-EXT
GDX,CreditSpread,0.05185134349362814,0.05185134349362814,ETF-EXT
TLT,VIX_TNX_Ratio,0.05080695362753827,0.05080695362753827,ETF-EXT
XLC,TNX_ChgBp,0.05074237397587146,0.05074237397587146,ETF-EXT
USDGoldRatio,YldCurveProxy,-0.05038629858003954,0.05038629858003954,EXT-EXT
QQQ,VIX_Low,-0.05008308874232722,0.05008308874232722,ETF-EXT
SectRotation,VIX_Chg%,0.049485389705864476,0.049485389705864476,EXT-EXT
GLD,VIX_Chg%,-0.04892060381889,0.04892060381889,ETF-EXT
EEM,VIX_TNX_Ratio,-0.04860400166457691,0.04860400166457691,ETF-EXT
VIX_High,TNX_ChgBp,-0.04857158597287991,0.04857158597287991,EXT-EXT
TLT,VIX_Close,0.047632370376368596,0.047632370376368596,ETF-EXT
GLD,HYG,0.04730982128027599,0.04730982128027599,ETF-ETF
VIX_TNX_Ratio,TNX_ChgBp,-0.04727942604032951,0.04727942604032951,EXT-EXT
GDX,SectRotation,0.04654709803306945,0.04654709803306945,ETF-EXT
XLK,VIX_Low,-0.04558151411501299,0.04558151411501299,ETF-EXT
FXY,VIX_Low,0.0446878212673683,0.0446878212673683,ETF-EXT
USDGoldRatio,JNKSpread,0.044423078406105626,0.044423078406105626,EXT-EXT
XLU,TNX_ChgBp,0.04286766846999035,0.04286766846999035,ETF-EXT
YldCurveProxy,VIX_Low,0.04233782779233278,0.04233782779233278,EXT-EXT
XLU,VIX_Low,-0.04143693497764703,0.04143693497764703,ETF-EXT
TIP,XLU,0.03976204584544547,0.03976204584544547,ETF-ETF
TIP,XLE,-0.03933337186369966,0.03933337186369966,ETF-ETF
GDX,JNKSpread,0.03871776239917483,0.03871776239917483,ETF-EXT
XLE,VIX_Low,-0.03844149003524953,0.03844149003524953,ETF-EXT
SectRotation,VIX_Close,0.03736964852826815,0.03736964852826815,EXT-EXT
TLT,VIX_High,0.03721393269401968,0.03721393269401968,ETF-EXT
FXY,VIX_TNX_Ratio,0.03705723917300137,0.03705723917300137,ETF-EXT
TNX_ChgBp,VIX_Low,-0.03699414977064037,0.03699414977064037,EXT-EXT
USDGoldRatio,VIX_5dChg,0.03549841842683988,0.03549841842683988,EXT-EXT
SLV,VIX_Close,-0.035403763774040586,0.035403763774040586,ETF-EXT
JNK,VIX_Open,-0.0348803011820601,0.0348803011820601,ETF-EXT
JNKSpread,VIX_20dVol,-0.033716887742994216,0.033716887742994216,EXT-EXT
LQD,VIX_Close,-0.03272330274762764,0.03272330274762764,ETF-EXT
GDX,VIX_Open,0.032606847119770646,0.032606847119770646,ETF-EXT
IWM,VIX_20dVol,-0.03229834660666324,0.03229834660666324,ETF-EXT
JNK,VIX_20dVol,-0.03210175152563701,0.03210175152563701,ETF-EXT
VIX_Open,VIX_Chg%,-0.03205837929693488,0.03205837929693488,EXT-EXT
VIX_Open,JNKSpread,-0.03192958735437134,0.03192958735437134,EXT-EXT
GLD,XLF,-0.03151016024883973,0.03151016024883973,ETF-ETF
EEM,VIX_Low,-0.03135230843165913,0.03135230843165913,ETF-EXT
SLV,VIX_High,-0.03127817765151963,0.03127817765151963,ETF-EXT
VIX_TNX_Ratio,SectRotation,0.030873294111306144,0.030873294111306144,EXT-EXT
UUP,VIX_20dVol,0.030578546943292845,0.030578546943292845,ETF-EXT
StkBonCorr,YldCurveProxy,-0.030462478593450665,0.030462478593450665,EXT-EXT
SectRotation,VIX_Low,0.030058996918186608,0.030058996918186608,EXT-EXT
GLD,VIX_5dChg,-0.029804669068695836,0.029804669068695836,ETF-EXT
SLV,TLT,0.029664552867205957,0.029664552867205957,ETF-ETF
UUP,SectRotation,0.029529186015686732,0.029529186015686732,ETF-EXT
FXY,VIX_Open,0.029261621633902037,0.029261621633902037,ETF-EXT
VIX_High,SectRotation,0.028994539321020404,0.028994539321020404,EXT-EXT
VIX_20dVol,CreditSpread,-0.028826294244964117,0.028826294244964117,EXT-EXT
SPY,VIX_20dVol,-0.028803066324907468,0.028803066324907468,ETF-EXT
TLT,StkBonCorr,-0.02877685134548454,0.02877685134548454,ETF-EXT
StkBonCorr,TNX_ChgBp,0.027960674428650155,0.027960674428650155,EXT-EXT
TLT,VIX_Low,0.027899840021611343,0.027899840021611343,ETF-EXT
QQQ,VIX_20dVol,-0.02747286517293873,0.02747286517293873,ETF-EXT
XLC,VIX_20dVol,-0.026998882331278798,0.026998882331278798,ETF-EXT
GLD,XLV,0.026997207364108558,0.026997207364108558,ETF-ETF
XLF,VIX_20dVol,-0.026938149592367486,0.026938149592367486,ETF-EXT
TNX_Yield,TNX_ChgBp,0.026860565782855488,0.026860565782855488,EXT-EXT
YldCurveProxy,VIX_Open,0.02661665367204897,0.02661665367204897,EXT-EXT
VIX_20dVol,TNX_ChgBp,-0.026614769711742613,0.026614769711742613,EXT-EXT
VIX_Open,TNX_ChgBp,-0.02630904879639545,0.02630904879639545,EXT-EXT
StkBonCorr,JNKSpread,0.026179356020506393,0.026179356020506393,EXT-EXT
YldCurveProxy,VIX_20dVol,0.025995854373668238,0.025995854373668238,EXT-EXT
GLD,TNX_Open,0.025931328308840533,0.025931328308840533,ETF-EXT
UUP,VIX_Close,0.024470524937596282,0.024470524937596282,ETF-EXT
TLT,TNX_Yield,-0.0243203074512358,0.0243203074512358,ETF-EXT
XLK,VIX_20dVol,-0.024225679213651503,0.024225679213651503,ETF-EXT
VIX_Open,CreditSpread,-0.023471922988338095,0.023471922988338095,EXT-EXT
StkBonCorr,CreditSpread,0.023181439176141082,0.023181439176141082,EXT-EXT
GLD,TNX_High,0.022868990265354727,0.022868990265354727,ETF-EXT
YldCurveProxy,TNX_Yield,-0.022381509385989092,0.022381509385989092,EXT-EXT
GLD,TNX_Low,0.021949971442247463,0.021949971442247463,ETF-EXT
TLT,VIX_20dVol,0.021190847672251063,0.021190847672251063,ETF-EXT
XLE,VIX_20dVol,-0.021177440127995505,0.021177440127995505,ETF-EXT
VIX_Chg%,VIX_20dVol,0.020904989298055572,0.020904989298055572,EXT-EXT
HYG,VIX_20dVol,-0.020900488783530197,0.020900488783530197,ETF-EXT
SectRotation,VIX_5dChg,0.020774958855975013,0.020774958855975013,EXT-EXT
UUP,VIX_High,0.020665049238668392,0.020665049238668392,ETF-EXT
LQD,VIX_High,-0.020642505675608755,0.020642505675608755,ETF-EXT
SectRotation,VIX_Open,0.020634479128975626,0.020634479128975626,EXT-EXT
SLV,VIX_20dVol,-0.020234133145643953,0.020234133145643953,ETF-EXT
VIX_Chg%,VIX_Low,0.01935463839660462,0.01935463839660462,EXT-EXT
EEM,VIX_20dVol,-0.019089439789030153,0.019089439789030153,ETF-EXT
GLD,TNX_Yield,0.018854323270568935,0.018854323270568935,ETF-EXT
TNX_Yield,JNKSpread,0.018801450307705483,0.018801450307705483,EXT-EXT
HYG,VIX_Open,-0.018663013911447122,0.018663013911447122,ETF-EXT
XLV,TNX_Open,-0.01858204225546225,0.01858204225546225,ETF-EXT
XLV,TNX_High,-0.01839416771447781,0.01839416771447781,ETF-EXT
XLV,VIX_20dVol,-0.018243492718493688,0.018243492718493688,ETF-EXT
TIP,VIX_5dChg,-0.017966793095620326,0.017966793095620326,ETF-EXT
UUP,YldCurveProxy,0.01777549222744727,0.01777549222744727,ETF-EXT
USDGoldRatio,TNX_Open,-0.017451893080239443,0.017451893080239443,EXT-EXT
XLF,USDGoldRatio,-0.01725867413482748,0.01725867413482748,ETF-EXT
TIP,TNX_Yield,-0.017143077045228945,0.017143077045228945,ETF-EXT
FXY,TNX_Open,0.016970276921089482,0.016970276921089482,ETF-EXT
TLT,VIX_Open,0.016735493598701703,0.016735493598701703,ETF-EXT
SLV,VIX_Low,-0.016339239464750806,0.016339239464750806,ETF-EXT
XLV,TNX_Low,-0.015999227588161514,0.015999227588161514,ETF-EXT
LQD,TNX_Yield,-0.015884225962869293,0.015884225962869293,ETF-EXT
GDX,VIX_TNX_Ratio,0.015607051160306544,0.015607051160306544,ETF-EXT
UUP,VIX_Low,0.015503031820451395,0.015503031820451395,ETF-EXT
XLV,TNX_Yield,-0.015232208950987473,0.015232208950987473,ETF-EXT
TNX_Yield,CreditSpread,0.015179691178349218,0.015179691178349218,EXT-EXT
FXY,VIX_20dVol,0.014519737860868331,0.014519737860868331,ETF-EXT
LQD,VIX_Low,-0.014352056965808447,0.014352056965808447,ETF-EXT
FXY,StkBonCorr,-0.01339834214658696,0.01339834214658696,ETF-EXT
TNX_High,USDGoldRatio,-0.013216003477071645,0.013216003477071645,EXT-EXT
QQQ,TNX_Open,-0.013173361602111824,0.013173361602111824,ETF-EXT
TIP,StkBonCorr,-0.013033173042898253,0.013033173042898253,ETF-EXT
GDX,VIX_Low,0.0127291734524228,0.0127291734524228,ETF-EXT
EEM,TNX_Yield,0.012676872334508843,0.012676872334508843,ETF-EXT
XLC,VIX_Open,0.012412846877556375,0.012412846877556375,ETF-EXT
XLK,StkBonCorr,0.012342598524331066,0.012342598524331066,ETF-EXT
TIP,VIX_High,-0.012340687429965578,0.012340687429965578,ETF-EXT
USDGoldRatio,TNX_Low,-0.012234900767807082,0.012234900767807082,EXT-EXT
EEM,VIX_Open,0.011723834533946209,0.011723834533946209,ETF-EXT
QQQ,TNX_High,-0.011618764691415677,0.011618764691415677,ETF-EXT
TNX_High,TNX_ChgBp,0.011310538983125767,0.011310538983125767,EXT-EXT
TNX_ChgBp,TNX_Low,0.01125007627517156,0.01125007627517156,EXT-EXT
XLK,TNX_Open,-0.01123703277370435,0.01123703277370435,ETF-EXT
EEM,TNX_Low,0.011197776262814757,0.011197776262814757,ETF-EXT
TIP,VIX_TNX_Ratio,0.011121040060620101,0.011121040060620101,ETF-EXT
UUP,VIX_Open,0.010882090071119788,0.010882090071119788,ETF-EXT
TNX_High,YldCurveProxy,-0.010845613906273399,0.010845613906273399,EXT-EXT
SectRotation,VIX_20dVol,0.010649383073073134,0.010649383073073134,EXT-EXT
TIP,VIX_Low,-0.010638121446049004,0.010638121446049004,ETF-EXT
XLF,VIX_Open,-0.010543216815148113,0.010543216815148113,ETF-EXT
XLF,TNX_Open,-0.010506892732111701,0.010506892732111701,ETF-EXT
YldCurveProxy,TNX_Low,-0.01039698068369894,0.01039698068369894,EXT-EXT
TLT,TNX_High,-0.010336808223898292,0.010336808223898292,ETF-EXT
SPY,TNX_Open,-0.010166408941985049,0.010166408941985049,ETF-EXT
SLV,VIX_TNX_Ratio,-0.010158604911512504,0.010158604911512504,ETF-EXT
IWM,TNX_Open,-0.010155101045011283,0.010155101045011283,ETF-EXT
QQQ,TNX_Low,-0.009866922180929612,0.009866922180929612,ETF-EXT
XLK,TNX_High,-0.00978160159956923,0.00978160159956923,ETF-EXT
LQD,StkBonCorr,-0.009758028924046196,0.009758028924046196,ETF-EXT
TLT,TNX_Low,-0.009629390386347648,0.009629390386347648,ETF-EXT
EEM,TNX_High,0.00962593430501021,0.00962593430501021,ETF-EXT
UUP,TNX_Yield,0.00960982019527872,0.00960982019527872,ETF-EXT
FXY,TNX_High,0.00926596442449313,0.00926596442449313,ETF-EXT
USDGoldRatio,VIX_Open,-0.009175745819078252,0.009175745819078252,EXT-EXT
SLV,TNX_Open,0.008927249070030834,0.008927249070030834,ETF-EXT
HYG,TNX_High,-0.008896736119697294,0.008896736119697294,ETF-EXT
EEM,StkBonCorr,0.008623651210393515,0.008623651210393515,ETF-EXT
GDX,VIX_Close,-0.008605553685862445,0.008605553685862445,ETF-EXT
TIP,VIX_Open,-0.008601155628123384,0.008601155628123384,ETF-EXT
SPY,TNX_High,-0.008541754956759708,0.008541754956759708,ETF-EXT
TNX_Open,CreditSpread,-0.008470113189856887,0.008470113189856887,EXT-EXT
StkBonCorr,USDGoldRatio,0.00827588987048416,0.00827588987048416,EXT-EXT
EEM,TNX_Open,0.008243350939497896,0.008243350939497896,ETF-EXT
XLE,StkBonCorr,0.008240448521030135,0.008240448521030135,ETF-EXT
USDGoldRatio,TNX_Yield,-0.008189928572912585,0.008189928572912585,EXT-EXT
XLE,TNX_Yield,0.008177053802689642,0.008177053802689642,ETF-EXT
XLK,TNX_Low,-0.00816649636440126,0.00816649636440126,ETF-EXT
IWM,TNX_High,-0.008153873954738102,0.008153873954738102,ETF-EXT
TIP,TNX_Open,0.008067390544048644,0.008067390544048644,ETF-EXT
QQQ,StkBonCorr,0.008048626061676006,0.008048626061676006,ETF-EXT
XLF,TNX_High,-0.007947475058734409,0.007947475058734409,ETF-EXT
QQQ,TNX_Yield,-0.00787983887491871,0.00787983887491871,ETF-EXT
JNK,TNX_High,-0.007850040915145334,0.007850040915145334,ETF-EXT
XLV,VIX_Open,-0.0077598703039156655,0.0077598703039156655,ETF-EXT
LQD,VIX_20dVol,-0.007521199727932858,0.007521199727932858,ETF-EXT
HYG,TNX_Open,-0.00751124828674894,0.00751124828674894,ETF-EXT
HYG,TNX_Yield,-0.00740380523685175,0.00740380523685175,ETF-EXT
GLD,VIX_Open,0.0073372557537201896,0.0073372557537201896,ETF-EXT
SLV,TNX_Low,0.007252916797452872,0.007252916797452872,ETF-EXT
FXY,TNX_Low,0.007229983243926186,0.007229983243926186,ETF-EXT
VIX_TNX_Ratio,USDGoldRatio,-0.007211882120886122,0.007211882120886122,EXT-EXT
SLV,TNX_High,0.007043787949277554,0.007043787949277554,ETF-EXT
JNKSpread,TNX_Low,0.006931912883059692,0.006931912883059692,EXT-EXT
LQD,TNX_High,-0.006780741857985129,0.006780741857985129,ETF-EXT
XLV,StkBonCorr,-0.0067482567165825175,0.0067482567165825175,ETF-EXT
GDX,TNX_Open,0.006684224423955142,0.006684224423955142,ETF-EXT
HYG,TNX_Low,-0.006536324543737795,0.006536324543737795,ETF-EXT
VIX_5dChg,TNX_Low,-0.006421045479763602,0.006421045479763602,EXT-EXT
XLF,TNX_Low,-0.006387187829391609,0.006387187829391609,ETF-EXT
XLK,VIX_Open,0.006365689195699701,0.006365689195699701,ETF-EXT
IWM,TNX_Low,-0.006259494745258662,0.006259494745258662,ETF-EXT
SPY,TNX_Low,-0.006247438277486068,0.006247438277486068,ETF-EXT
XLK,TNX_Yield,-0.0062440373505425915,0.0062440373505425915,ETF-EXT
IWM,VIX_Open,-0.006038876958589293,0.006038876958589293,ETF-EXT
GDX,StkBonCorr,-0.005994174188932715,0.005994174188932715,ETF-EXT
UUP,TNX_Low,0.005978285820551624,0.005978285820551624,ETF-EXT
USDGoldRatio,VIX_20dVol,0.005959778890802787,0.005959778890802787,EXT-EXT
JNK,TNX_Yield,-0.005901791590581108,0.005901791590581108,ETF-EXT
JNK,TNX_Open,-0.005892205189697962,0.005892205189697962,ETF-EXT
TIP,VIX_Close,-0.0058843187267410965,0.0058843187267410965,ETF-EXT
XLF,StkBonCorr,0.005777507107682942,0.005777507107682942,ETF-EXT
TNX_High,JNKSpread,0.005771754765709819,0.005771754765709819,EXT-EXT
UUP,TNX_High,0.005600363339418151,0.005600363339418151,ETF-EXT
LQD,VIX_TNX_Ratio,-0.005592086139529993,0.005592086139529993,ETF-EXT
XLE,TNX_Low,0.005545137548934973,0.005545137548934973,ETF-EXT
TNX_Open,JNKSpread,-0.005418315803501504,0.005418315803501504,EXT-EXT
SLV,TNX_Yield,0.005280251653691396,0.005280251653691396,ETF-EXT
StkBonCorr,SectRotation,0.005141665890954258,0.005141665890954258,EXT-EXT
SPY,StkBonCorr,0.005050856164666949,0.005050856164666949,ETF-EXT
GDX,TNX_High,0.004945778336792119,0.004945778336792119,ETF-EXT
LQD,TNX_Low,-0.004908474857721511,0.004908474857721511,ETF-EXT
TIP,TNX_High,-0.00486220667277877,0.00486220667277877,ETF-EXT
TNX_Yield,VIX_5dChg,-0.004801990559331166,0.004801990559331166,EXT-EXT
XLU,VIX_Open,-0.004715028096271828,0.004715028096271828,ETF-EXT
TNX_Open,TNX_ChgBp,-0.004660734631479379,0.004660734631479379,EXT-EXT
SLV,StkBonCorr,-0.0046400149559411505,0.0046400149559411505,ETF-EXT
JNK,TNX_Low,-0.004635566145571633,0.004635566145571633,ETF-EXT
GLD,StkBonCorr,-0.004584131163838749,0.004584131163838749,ETF-EXT
UUP,StkBonCorr,0.004548294368168963,0.004548294368168963,ETF-EXT
HYG,StkBonCorr,-0.004338859024055058,0.004338859024055058,ETF-EXT
SPY,VIX_Open,-0.004335065638352751,0.004335065638352751,ETF-EXT
SPY,TNX_Yield,-0.004287551891997497,0.004287551891997497,ETF-EXT
GDX,TNX_Low,0.004229432198634384,0.004229432198634384,ETF-EXT
IWM,TNX_Yield,-0.004174137693873384,0.004174137693873384,ETF-EXT
TLT,TNX_Open,0.004090373009671471,0.004090373009671471,ETF-EXT
LQD,VIX_Open,0.004077935653009437,0.004077935653009437,ETF-EXT
StkBonCorr,VIX_Chg%,0.004067657543551901,0.004067657543551901,EXT-EXT
UUP,VIX_TNX_Ratio,-0.004043352652531747,0.004043352652531747,ETF-EXT
XLE,TNX_High,0.004029527679796362,0.004029527679796362,ETF-EXT
TIP,TNX_Low,-0.003995466528803724,0.003995466528803724,ETF-EXT
XLU,StkBonCorr,-0.0036502366742361173,0.0036502366742361173,ETF-EXT
TNX_Open,VIX_5dChg,-0.003589062131311282,0.003589062131311282,EXT-EXT
XLF,TNX_Yield,-0.003543958917472158,0.003543958917472158,ETF-EXT
GDX,VIX_High,0.0035268415806631566,0.0035268415806631566,ETF-EXT
LQD,TNX_Open,0.003504162117640153,0.003504162117640153,ETF-EXT
TNX_Low,CreditSpread,0.00344315844417119,0.00344315844417119,EXT-EXT
TNX_Yield,VIX_Chg%,-0.0033526534271044826,0.0033526534271044826,EXT-EXT
USDGoldRatio,VIX_Close,0.003297208327626244,0.003297208327626244,EXT-EXT
TIP,VIX_20dVol,0.003112232134482542,0.003112232134482542,ETF-EXT
GLD,VIX_20dVol,-0.0028427280393037904,0.0028427280393037904,ETF-EXT
GLD,VIX_Close,-0.0028339291468394766,0.0028339291468394766,ETF-EXT
TNX_High,CreditSpread,0.00272802964978105,0.00272802964978105,EXT-EXT
XLC,TNX_High,-0.002652446039630879,0.002652446039630879,ETF-EXT
GLD,VIX_TNX_Ratio,0.0026445952048117396,0.0026445952048117396,ETF-EXT
IWM,StkBonCorr,0.002567974780456668,0.002567974780456668,ETF-EXT
XLE,VIX_Open,0.0025633064774638905,0.0025633064774638905,ETF-EXT
TNX_High,VIX_5dChg,-0.0024201052622681964,0.0024201052622681964,EXT-EXT
TNX_Open,SectRotation,0.0022916084650759826,0.0022916084650759826,EXT-EXT
GDX,TNX_Yield,0.0022799562047707126,0.0022799562047707126,ETF-EXT
QQQ,VIX_Open,0.0022767238291142343,0.0022767238291142343,ETF-EXT
SLV,VIX_Open,-0.0019861307139393803,0.0019861307139393803,ETF-EXT
USDGoldRatio,VIX_Low,-0.0019319091791387688,0.0019319091791387688,EXT-EXT
GDX,YldCurveProxy,-0.0019245249299681532,0.0019245249299681532,ETF-EXT
XLC,TNX_Yield,-0.0018875356807369352,0.0018875356807369352,ETF-EXT
GLD,VIX_High,-0.001846166739385638,0.001846166739385638,ETF-EXT
SectRotation,TNX_Yield,-0.0017772897149255643,0.0017772897149255643,EXT-EXT
TNX_Open,VIX_Chg%,0.0016368686894280156,0.0016368686894280156,EXT-EXT
VIX_Chg%,TNX_Low,-0.001624416923262259,0.001624416923262259,EXT-EXT
XLE,TNX_Open,0.0015875909818009511,0.0015875909818009511,ETF-EXT
UUP,TNX_Open,0.00156571929812868,0.00156571929812868,ETF-EXT
JNK,StkBonCorr,0.0015361755671247804,0.0015361755671247804,ETF-EXT
XLU,TNX_High,-0.001474439650151235,0.001474439650151235,ETF-EXT
USDGoldRatio,VIX_High,0.0013358338543125996,0.0013358338543125996,EXT-EXT
XLC,TNX_Open,-0.001306395415619904,0.001306395415619904,ETF-EXT
XLC,StkBonCorr,0.0010755028058376907,0.0010755028058376907,ETF-EXT
XLU,VIX_20dVol,0.0010552530450511338,0.0010552530450511338,ETF-EXT
TNX_Open,YldCurveProxy,0.0009138586651021063,0.0009138586651021063,EXT-EXT
XLC,TNX_Low,-0.0008676812220701832,0.0008676812220701832,ETF-EXT
XLU,TNX_Low,0.0007522465577841585,0.0007522465577841585,ETF-EXT
XLU,TNX_Yield,-0.0005345539003164176,0.0005345539003164176,ETF-EXT
StkBonCorr,VIX_5dChg,-0.0005298670690650209,0.0005298670690650209,EXT-EXT
FXY,TNX_Yield,0.0004713936059301001,0.0004713936059301001,ETF-EXT
TNX_High,SectRotation,0.0004011610347823588,0.0004011610347823588,EXT-EXT
GLD,VIX_Low,0.0003298056915910637,0.0003298056915910637,ETF-EXT
XLU,TNX_Open,0.00026974003158123137,0.00026974003158123137,ETF-EXT
TNX_High,VIX_Chg%,0.00016439437124244344,0.00016439437124244344,EXT-EXT
GDX,VIX_20dVol,-0.00011545028709094482,0.00011545028709094482,ETF-EXT
SectRotation,TNX_Low,5.1384613599439e-06,5.1384613599439e-06,EXT-EXT
