ticker,n_strategies,full_trades,full_avg,full_hit,full_std,full_ann_vol,full_downside_std,full_avg_std,full_median,full_p10,full_p90,full_max,full_min,full_tstat,train_trades,train_avg,train_hit,train_std,train_ann_vol,train_downside_std,train_avg_std,train_median,train_p10,train_p90,train_max,train_min,train_tstat,test_trades,test_avg,test_hit,test_std,test_ann_vol,test_downside_std,test_avg_std,test_median,test_p10,test_p90,test_max,test_min,test_tstat
BIPIX,3,1005,0.38645781144635327,0.608955223880597,2.0368304128528627,32.33368041133016,1.243064955229871,0.18973489840279126,0.40296112934010003,-1.8738156714121559,2.6177740482186924,10.896065611567659,-10.0486753212005,6.014925463401613,857,0.3443475184715307,0.5997666277712952,1.9960083965329618,31.68565099213809,1.226149079781686,0.17251807110113238,0.39993429657653995,-1.92117652848139,2.5456371674020057,9.15438167097553,-8.59702630575677,5.050391026641625,148,0.6302991700911028,0.6621621621621622,2.250633898230941,35.727705521825534,1.3368152791450665,0.2800540641401229,0.4404281203372501,-1.3023233590441212,3.0203066337914213,10.896065611567659,-10.0486753212005,3.407004735618548
BIPSX,3,1243,0.3815997621796976,0.5720032180209171,2.4525777140948715,38.93346421532582,1.4460772545501994,0.15559130297346266,0.37420335613633,-2.35867296080442,2.9622040565168657,22.078106969701423,-9.136115960429569,5.4855588937042645,1096,0.34015442595883855,0.5638686131386861,2.425048658147524,38.49645400013543,1.4414478779102071,0.14026705188615882,0.34771668309375753,-2.3559822980776497,2.882928194693595,22.078106969701423,-9.136115960429569,4.643665690587391,146,0.6822274283090267,0.6301369863013698,2.644228402962139,41.975824583347844,1.4851968445946604,0.25800624013597934,0.6562056460741299,-2.24095107933125,3.4147673140464923,11.20218579234975,-8.59892400592698,3.1175012610373196
BITIX,3,366,0.21680521355572205,0.5382513661202186,3.9011270356564536,61.92847181530549,2.1581183700282676,0.05557502013497995,0.26479153596742,-3.431521802770785,3.400738970668675,50.0,-13.438192305279589,1.063212738758925,164,0.11444218550690366,0.524390243902439,5.185401425294871,82.31569571622062,2.732288550012395,0.02207007252102875,0.232267782656695,-4.412723531640869,3.690814997812886,50.0,-13.438192305279589,0.2826348325625998,202,0.29991183038743613,0.5495049504950495,2.411558321598185,38.282301546462726,1.5420028362375184,0.12436432811986854,0.286446370864775,-2.733026049483903,2.964230292563109,9.3812172005953,-7.1988363616818996,1.7675492055268722
BKPIX,3,1056,0.3899591631930237,0.5804924242424242,2.7176641989993615,43.14158170521517,1.7365532907096106,0.14349056198208957,0.3236384774058725,-2.3355800912863502,2.983900223086025,19.60804322647469,-23.102290648470568,4.66289134498117,914,0.3528116852544816,0.5711159737417943,2.8032080612401478,44.4995484192777,1.823729939429536,0.12585997098567012,0.31544784373122003,-2.5271138337469385,3.030591088581515,19.60804322647469,-23.102290648470568,3.8050531295914314,142,0.6290633521777246,0.6408450704225352,2.076892521523001,32.96964667055835,1.008890852340098,0.3028868107803805,0.3794363516190675,-1.3726044051465573,2.564295589968316,11.33980644166492,-6.17835253611541,3.6093129069878134
BKPSX,3,1147,0.375371418563669,0.5867480383609416,2.4220882967066637,38.44945971915514,1.5702474834769673,0.15497842051178112,0.3189590779080001,-2.013579256698696,2.8177584178039625,15.915568147894795,-23.096801002486732,5.248714367871664,996,0.36409556957107553,0.5803212851405622,2.522735920253436,40.04719121088159,1.645898702672793,0.1443256769953544,0.32836343926227496,-2.1713252146299,2.8947041927046575,15.915568147894795,-23.096801002486732,4.554841537968878,151,0.4497472172168021,0.6291390728476821,1.611800143001221,25.58653404911745,0.9278083999881361,0.27903410926577976,0.26532688229811496,-1.24640321680479,2.25952201338619,4.84457738406216,-6.19339301607245,3.4288285396321316
BLPIX,1,606,0.24703242157607017,0.570957095709571,1.7979015010838724,28.540801521945905,1.0331949291204376,0.13740042011597722,0.158032636104085,-1.554994795058495,1.8614891264680251,11.449502688293919,-7.628746481205489,3.3823953821983186,571,0.22470524976446657,0.5691768826619965,1.7949982124959387,28.49471324441836,1.057622202434724,0.12518410781702935,0.15189902661409,-1.58152038680529,1.86399341188394,11.449502688293919,-7.628746481205489,2.9913501542479035,35,0.6112842817025174,0.6,1.8323331058267538,29.087386302289122,0.4840174325417466,0.33360980040073235,0.40691483862964,-0.893776613562588,1.773800367656304,9.292442127195109,-1.6143634259563,1.973662195594671
BLPSX,1,611,0.24454020171054983,0.5679214402618658,1.7917719982498996,28.44349868099096,1.0311236686376553,0.1364795308495739,0.15470121778531,-1.55738665208731,1.85332172278007,11.47250086114213,-7.62522872827081,3.3735575718078374,577,0.22033907202018538,0.5649913344887348,1.7877284001854925,28.37930855170902,1.0551392724513644,0.12325086517466706,0.14698223192644,-1.583062287556,1.85510155333381,11.47250086114213,-7.62522872827081,2.9605873770516187,34,0.6552476085146761,0.6176470588235294,1.8374815448187418,29.169115237567055,0.4614552432510917,0.3566009195370248,0.41586907029243503,-0.716826731724735,1.784765632940055,9.289452982513199,-1.6139539514014902,2.079322807477991
BMPIX,3,507,0.46598163803527876,0.5857988165680473,2.5022940861634573,39.72268715481683,1.365834613409595,0.18622177169819656,0.35007257392662,-2.013854336351842,2.837002010827264,18.063021376861528,-12.244485677956469,4.19309241073799,428,0.45666401239767745,0.5841121495327103,2.552900612102912,40.526040848933256,1.4345664011697292,0.17888045082237164,0.343632847941335,-2.047689572575766,2.8300491524195075,18.063021376861528,-12.244485677956469,3.7007075423201967,79,0.5164619389579798,0.5949367088607594,2.2222086341120693,35.27646844296636,0.9070389990913168,0.232409293632478,0.36290919863721,-1.9024439730722889,2.901336020137742,13.71532829687363,-2.8243286194775,2.06569898619645
BMPSX,3,449,0.5027473543256454,0.5812917594654788,2.534025180345367,40.22640265901664,1.370044004664431,0.19839872082767745,0.40841496098475,-2.1425806925944118,3.0440466335023295,18.05770986656105,-12.23661667588901,4.203993522747193,360,0.49857256363515234,0.5777777777777777,2.6073211988583678,41.389940881476164,1.4499416524939148,0.1912202316513422,0.408032118278065,-2.358109270617638,3.0905493957431402,18.05770986656105,-12.23661667588901,3.6281488003395714,88,0.5446804829807509,0.6022727272727273,2.2264444811969395,35.34371043083595,0.9717942772649983,0.24464139464547974,0.41576759073653,-2.000264886121968,2.9588321939543887,13.71683757004989,-2.95562022553655,2.294939705900683
BTCFX,3,408,0.5231358617936654,0.5465686274509803,2.990074412409996,47.46595978088659,1.6542079867338253,0.1749574725038427,0.27056267255021504,-2.576525675530782,3.9682163520471465,22.192546917851192,-14.48375385258319,3.5339677151118134,250,0.5664374536137751,0.544,3.291413819119035,52.24957456314179,1.795067059146679,0.17209548380804487,0.252065043016275,-2.665164103082179,4.414631549110561,22.192546917851192,-14.48375385258319,2.7210685193102466,158,0.4546206848631122,0.5506329113924051,2.446983744995601,38.844662708855125,1.4027243410190664,0.18578819160236368,0.343612113594745,-2.151182942541589,3.129809317845177,10.16949152542372,-7.2324065587127,2.335321356460927
CNPIX,3,464,0.36903924950478756,0.6012931034482759,1.8340027103207996,29.11389045196361,0.9816986551406685,0.20122066746577275,0.27055151710900005,-1.485638977704912,2.137943384873762,12.11684577151426,-7.52428965805355,4.334425827619176,369,0.3661685439900295,0.5934959349593496,1.862939452360904,29.573246991106874,0.9588051683592811,0.1965541840482169,0.27118410297288004,-1.462649043310742,2.0567576194542854,12.11684577151426,-7.52428965805355,3.775682579543924,95,0.3801896740831638,0.631578947368421,1.726379208381394,27.40542032381834,1.0659680616247253,0.22022373313891982,0.25795356835771,-1.5023973602424399,2.2917861752057873,5.768018234750881,-6.4672324745071395,2.146475436751142
CNPSX,1,509,0.29938468928051826,0.5834970530451866,1.5706035668321365,24.932558676653088,0.8604350054865105,0.19061760434198477,0.25569158540167997,-1.322163235990712,1.9961264774036598,12.1005525333941,-5.0104233303952705,4.3005291746835566,468,0.2885562910946264,0.5854700854700855,1.5784877752036561,25.057716604467014,0.8707232592103447,0.1828055279410681,0.257017057044535,-1.324171533646698,1.9151563959128222,12.1005525333941,-5.0104233303952705,3.9546882265787167,41,0.42298689296338243,0.5609756097560976,1.4904919183934062,23.66082568332319,0.732834884216328,0.28379012844250634,0.16533894483692,-1.3181019332161699,2.1917007597896,4.09486166007906,-2.17477263740609,1.8171434497743937
CYPIX,3,848,0.3606748256980441,0.6002358490566038,2.1804215635865094,34.613119263195074,1.3092075887087753,0.16541518012910356,0.37990002324618,-2.1447391119698547,2.43787398326443,16.25635013677218,-7.8259240425019305,4.816962754780021,746,0.35173414688159604,0.596514745308311,2.0890198033282346,33.16216130097342,1.2730459485152332,0.16837281595952888,0.37218908101187,-2.10289958471052,2.34575223205516,10.66469830399583,-7.8259240425019305,4.598766817853398,101,0.4499546781181327,0.6336633663366337,2.773592308909015,44.02941292592815,1.543248887053456,0.1622281243976773,0.5472636815920301,-2.6831785345717103,3.07434320849637,16.25635013677218,-6.93854432172189,1.6303724724443842
CYPSX,3,666,0.2447863800449036,0.6021021021021021,2.292325667162669,36.389541835695866,1.5190340633877442,0.10678516737453299,0.37930946455363,-2.39857586997601,2.4279979472574853,16.28078817733989,-8.76064941327761,2.755802230353963,541,0.2061537000527623,0.5988909426987061,2.2342130845603676,35.46703318603954,1.5508674272199194,0.09227127952897463,0.36146433295309,-2.4062833148402003,2.3590157201739603,10.64405331814701,-8.76064941327761,2.1461752172223885,124,0.43123866340199646,0.6209677419354839,2.5324644168003516,40.201626305843725,1.3668393803398984,0.1702841945344472,0.45281131286858,-2.3483669122159045,2.849772862439415,16.28078817733989,-6.9439421338155505,1.8962045397642198
ENPIX,3,1142,0.39066632876347046,0.5735551663747811,2.786129518326971,44.22843495545604,1.7814620706888191,0.14021829430171637,0.4108616582136183,-2.5706997915301426,3.344486084105249,17.63874273201737,-17.44776935326694,4.73846559605112,974,0.3708626357135509,0.5574948665297741,2.8673480876696074,45.517739773382466,1.8216622575284032,0.1293399421257444,0.3302246309030683,-2.831918481680181,3.5415157627453495,17.63874273201737,-17.44776935326694,4.0365667705036845,167,0.4980150075201769,0.6646706586826348,2.267067539416226,35.98858148809473,1.532259351363674,0.21967365279660644,0.56407544509078,-1.4422638814180442,2.6849310685892247,11.58427598275106,-13.24491723213343,2.8388092210311826
ENPSX,3,1150,0.36843173795905343,0.5730434782608695,2.8307686815153756,44.937059702639324,1.812859759821677,0.1301525413803234,0.36111405518528994,-2.575883352697236,3.329725281909743,17.60660395057758,-17.448842935933058,4.413687418918598,996,0.35342368283297065,0.5622489959839357,2.91118118718957,46.21356865652026,1.860766926459612,0.12140215950425363,0.31292809373006003,-2.8431752109315553,3.45794823418675,17.60660395057758,-17.448842935933058,3.8313875286855357,153,0.4570075235321246,0.6405228758169934,2.2525590836120015,35.758266892301435,1.4704626560858507,0.20288370096792682,0.5310778914240499,-1.628209313550904,2.831416877801585,11.597888095438751,-13.26836152229435,2.5095327864209707
FNPIX,3,809,0.39774335506081215,0.5970333745364648,2.134755882238234,33.88819904540793,1.097729162303716,0.18631795718196542,0.38190703401570003,-1.678849934372358,2.1857339165964693,18.158827920866,-10.74912101621867,5.299427739415333,645,0.4156733489367922,0.5953488372093023,2.2290760364558624,35.38548507549456,1.1297162783426113,0.1864778689190412,0.37231712658782,-1.668848785475462,2.2440591893258306,18.158827920866,-10.74912101621867,4.73595050225387,164,0.32722600109735406,0.6036585365853658,1.7183356516548847,27.277732819289632,0.961660035704082,0.19043194545967265,0.42462854121750004,-1.7080051037668889,1.7770007841903486,11.41411301658701,-4.31491294473883,2.4387188111086404
FNPSX,3,797,0.4036897237078985,0.6047678795483061,2.3689365799142426,37.60570237282185,1.2703686188914924,0.1704096796557181,0.37128423142291,-1.874677273150687,2.378623106292922,23.56794526530317,-11.22058485673963,4.810867776142936,668,0.4158520352867438,0.6017964071856288,2.467767289830042,39.174591254820875,1.3193340268626808,0.16851347248199566,0.3485693842106,-1.933207311820652,2.4098207699708993,23.56794526530317,-11.22058485673963,4.355347976052445,129,0.3407096916562036,0.6201550387596899,1.7776467848592614,28.219267869906872,0.9783651673311371,0.19166332398434147,0.47117516629713,-1.7993522374969777,1.7196918366834684,11.42656852436032,-3.60978520286396,2.176876900316997
GVPSX,1,400,0.20712178632637632,0.58,1.2463239554517065,19.784779434885355,0.709345878600012,0.16618615522904634,0.156712599217615,-1.3429288206025831,1.6533860010849382,7.461872916104929,-3.7979723261683,3.3237231045809263,364,0.20224444933486788,0.5741758241758241,1.2801950403084428,20.322466237886694,0.730122123280863,0.15797940389312887,0.156712599217615,-1.357592634457852,1.6857566987049406,7.461872916104929,-3.7979723261683,3.014054927802729,36,0.25643708257385023,0.6388888888888888,0.8410769554924582,13.351682746202314,0.448086163887173,0.3048913430563604,0.160598174705375,-0.6042769747875,1.240310811297705,2.05599930793851,-1.69474583982464,1.8293480583381623
HCPIX,3,747,0.3618142573921003,0.6117804551539491,1.6174418021103032,25.676092611024053,0.9309336775051821,0.22369537928352987,0.33698473839458,-1.4186120288483322,2.173891494872391,9.04756942635334,-5.23727194499048,6.113885684772272,624,0.35548653383923384,0.6153846153846154,1.6300229125081727,25.87581154700292,0.9487360560712628,0.2180868324680384,0.34302945271370755,-1.4415483644618179,2.1465132246429603,9.04756942635334,-5.23727194499048,5.447807328959786,123,0.3939158793188376,0.5934959349593496,1.5581016245957993,24.73409649627723,0.834791032940158,0.2528178349220493,0.25805654263703004,-1.301785067958706,2.2166402885039798,6.424405786612961,-4.12936021323475,2.8038854276743774
HCPSX,3,738,0.36124026368882406,0.6111111111111112,1.619477814479989,25.708413305402694,0.9327324045027758,0.2230597174341765,0.33694789750785004,-1.424614136203579,2.1695604212798028,9.036433365292421,-5.25092977087324,6.05967495051172,615,0.35563407093340177,0.6146341463414634,1.6326778078261994,25.917956703613374,0.9507500183746286,0.2178225668461217,0.34098096423398,-1.4451165267357877,2.1569187936950303,9.036433365292421,-5.25092977087324,5.401823991567237,123,0.38927122746593534,0.5934959349593496,1.5579492091959755,24.731676976813766,0.8368455313021601,0.24986130816602806,0.24924554524856005,-1.3018018926875459,2.209415121472188,6.41391493409431,-4.13051922827916,2.7710959597545477
IDPIX,3,839,0.3454699123857734,0.6090584028605482,1.9055087170708898,30.249013118611877,1.040091148876175,0.18130062029672733,0.33515523231608,-1.617202483050322,2.059157996577062,18.17746964274393,-10.0583567873555,5.2514625217992,689,0.30754955820700475,0.6037735849056604,1.9299440438249063,30.636911905386263,1.0888038266850428,0.15935672290139574,0.31080671192711,-1.661577351108464,2.0158807873084377,18.17746964274393,-10.0583567873555,4.182924261475215,149,0.5269421089321691,0.6375838926174496,1.7885426976380685,28.392235123025518,0.7793261691466915,0.2946209277687603,0.48451634794521,-1.327890195106908,2.467813446038508,13.349975271669539,-3.33492713991158,3.5963067403684343
IDPSX,3,657,0.2436593608689717,0.5966514459665144,2.21809120598205,35.211106297727085,1.3724301377693338,0.10985092056261618,0.29738193841348,-2.001436231859,2.29835060693717,18.23508174084889,-10.93683454813155,2.8157000301407136,565,0.20421716836171053,0.5858407079646017,2.2157866127813786,35.1745220148342,1.3839656889448404,0.09216463678574435,0.25994567923017,-2.028531631428926,2.256138978542908,18.23508174084889,-10.93683454813155,2.190728407339491,91,0.49773405189994957,0.6703296703296703,2.2384129928193506,35.53370466273487,1.3049864915821456,0.22236024071368443,0.6584452658406901,-1.6540130151843702,2.43391410937683,13.370917102595609,-9.452840130677629,2.121181504532919
INPIX,3,892,0.38931212528608683,0.600896860986547,2.405580763689977,38.1874107564271,1.5171947350772261,0.16183706286747646,0.41797532753508004,-2.3987091338355726,2.9315426144040724,16.36006867794945,-9.859950708364309,4.83348544494279,757,0.3648489367761568,0.6036988110964333,2.404835295176982,38.17557681065341,1.566400011464015,0.1517147296980711,0.41797765249727004,-2.514590133012888,2.936416948796492,12.21109517355125,-9.859950708364309,4.174223391239452,135,0.5264871897454716,0.5851851851851851,2.414103841944689,38.32271042922736,1.2046048342707085,0.2180880460060733,0.38809831824060004,-1.9947662446789782,2.7170898560146446,16.36006867794945,-4.98522167487684,2.533954110565316
INPSX,3,833,0.3872889356987163,0.6158463385354142,2.3108215844051228,36.68315541945725,1.4539382290301788,0.16759793932702793,0.41262259261143,-2.0093074041136156,2.695607283115077,16.344667697063368,-9.9660832172491,4.837168045368373,692,0.3780417684092677,0.6213872832369942,2.304867073785446,36.588630493784706,1.481705304964202,0.16401890274235337,0.41848187760483,-2.042073578760341,2.711139842052449,12.22382511956747,-9.9660832172491,4.3146636851682265,140,0.42678444952137295,0.5857142857142857,2.3549779981358427,37.38411675657703,1.3138198853496688,0.18122651245965257,0.351961587949275,-1.938909546012997,2.6343588786315433,16.344667697063368,-8.31858407079646,2.1443010130484024
LGPIX,1,193,0.4525320198282627,0.6632124352331606,1.8153641839331234,28.81801301820457,0.8673884175390113,0.24927891815504366,0.32768478265612,-1.247458058328792,2.0604332331257775,11.4438549568115,-6.12297414704615,3.463093408219586,143,0.42822319235898226,0.6713286713286714,1.6552525568014025,26.27631973380196,0.8017830337213333,0.25870565225797176,0.33429904903443,-1.325725909382556,1.8096974843613698,9.37893094946582,-5.45035697845966,3.0936696454149453,50,0.5220552663904051,0.64,2.228565044738132,35.377373333451786,1.032255607547241,0.23425623928860884,0.295116482238905,-1.118434668970372,2.3967082499883166,11.4438549568115,-6.12297414704615,1.6564417533623386
LGPSX,1,193,0.4481961876690473,0.6632124352331606,1.8150486859911341,28.813004643642635,0.8675426150855705,0.24693342450167013,0.32438375847099,-1.263735572506328,2.0701535846846757,11.45376652981888,-6.0893943822912,3.4305087690124845,143,0.42439876268145993,0.6713286713286714,1.6552323164426548,26.2759984280678,0.8029435482492441,0.2563983064284035,0.33869429477408,-1.32900321482941,1.8067766581237459,9.37910584029109,-5.44629129468565,3.0660778023604602,50,0.5162568231335469,0.64,2.22766366909136,35.36306443865653,1.030173806844633,0.23174810017174746,0.26563612096073,-1.142373537363891,2.4050408317738983,11.45376652981888,-6.0893943822912,1.6387065315854192
LVPIX,1,186,0.44511963354951023,0.6344086021505376,1.686546295358776,26.77309243269966,0.8562577641574222,0.2639237563620041,0.288546539075055,-0.7683741980790151,1.663312848126515,9.68580252988953,-6.59452335528755,3.599440143416039,136,0.4668156259997146,0.625,1.733871563880913,27.524357780133226,0.8538571997930196,0.2692331056833554,0.326008169865985,-0.892390743519565,1.637671212113415,9.68580252988953,-6.59452335528755,3.1397705754788925,50,0.3861065340849544,0.66,1.565775738455838,24.855919277115966,0.8627535072734992,0.2465912100961094,0.20532363095384,-0.552965848546008,1.6602654171367428,7.750650278531319,-5.85000573028372,1.743663168399556
LVPSX,1,170,0.4386915466404039,0.6352941176470588,1.6941427605723627,26.893682579489482,0.868375238333679,0.2589460326780211,0.28302465199871496,-0.7334325777312138,1.6509778871372742,9.67737702164293,-6.591067749570061,3.3762431981044774,120,0.4627161001711332,0.625,1.7513237971461932,27.80140339438895,0.8707159659585372,0.2642093374880965,0.33288442811607,-0.896993089941501,1.573824522713802,9.67737702164293,-6.591067749570061,2.8942682809145155,50,0.3810326181666535,0.66,1.5637844532612721,24.82430860463061,0.862731581300575,0.24366057443019726,0.20374849302812,-0.559432498490731,1.6509778871372742,7.735486361499699,-5.8440300169100805,1.7229404448740195
MDPIX,1,393,0.2931349460820169,0.5928753180661578,1.5850233386609918,25.161465457981762,0.9058422739029004,0.18494046045382126,0.23143944961796,-1.38112176080895,1.9193427688184441,10.82196719584862,-7.14557460439081,3.6663017807810734,333,0.24190989801722065,0.5765765765765766,1.5839220215810417,25.14398259133271,0.9505792578848566,0.15272841384940825,0.18520910242198999,-1.422852136632444,1.913035241539156,10.82196719584862,-7.14557460439081,2.78703201922518,60,0.5774339628416361,0.6833333333333333,1.5740117904620323,24.986662549476275,0.5996822811711208,0.3668549157895045,0.39865147354610503,-0.697156543475234,1.9222532916084012,9.29772150346555,-2.65692683148406,2.8416459586541505
MDPSX,1,387,0.2805766926817632,0.5891472868217055,1.6450259051035934,26.113976670978282,0.9566980784220745,0.17056065306405874,0.25965781930761,-1.4371230351942719,1.9387610745538444,10.801022213096289,-7.14057752492111,3.3553229913971,330,0.22947734789127483,0.5757575757575758,1.6576322075657024,26.314095518579094,1.0123604109580875,0.13843682986123398,0.20271761099427998,-1.534048112449052,1.9852784915640718,10.801022213096289,-7.14057752492111,2.5148299016969955,57,0.5764150046266961,0.6666666666666666,1.5509228893996232,24.62013760793482,0.52984060789976,0.3716593575131461,0.39175013029097,-0.7550175795227079,1.6656270824790957,9.307396626740621,-2.41508633178666,2.805966615543353
MGPIX,1,400,0.27589538516662093,0.64,1.44411351778175,22.924591397982976,0.8207406607689054,0.19104826716836898,0.34188918692786496,-1.3615262326802071,1.6106638279184575,10.777499218691169,-4.62607571411255,3.8209653433673796,351,0.21474469179144323,0.6239316239316239,1.3824327747537641,21.94543995758059,0.8380757586501806,0.15533825276219532,0.31426879575504,-1.37795716876347,1.53710727874105,10.777499218691169,-4.62607571411255,2.910261232723842,49,0.7139340254663638,0.7551020408163265,1.7823988900863197,28.29470520171571,0.6838349228766237,0.4005467179301198,0.61489315057052,-0.8097913732794378,2.0221667856567342,9.89615894295501,-2.90939494730222,2.803827025510839
MGPSX,1,400,0.2712729139570114,0.635,1.4439789224280397,22.922454762981726,0.8227046535564034,0.18786487097808052,0.34663127883118505,-1.3585038271877568,1.6099419801130308,10.78154138683373,-4.62853552571924,3.7572974195616102,351,0.210323026289217,0.6182336182336182,1.382557887576997,21.947426062077184,0.8399121026453115,0.1521260181429501,0.30872876741834,-1.3931127625181001,1.53947300079002,10.78154138683373,-4.62853552571924,2.850080036421125,49,0.7078731296997836,0.7551020408163265,1.7811950179852274,28.275594324576797,0.6869543458919312,0.3974147258173245,0.59968430627641,-0.8064232937491977,2.0073264101258763,9.877066266264919,-2.92824956859945,2.7819030807212712
MLPIX,1,216,0.42021209828572176,0.6018518518518519,1.5542527191141855,24.672997015932367,0.8018316427109263,0.2703627879288595,0.354153358492075,-1.247310601609985,2.1784132869067854,8.59373259865403,-4.47719880207835,3.97350525517203,156,0.36688941265634095,0.5833333333333334,1.5677994604939993,24.88804486853014,0.8718008028627571,0.23401552424360283,0.34450378987801,-1.357853561693835,2.19143826534523,7.97621863375406,-4.47719880207835,2.9228529609909035,60,0.5588510809221118,0.65,1.5226525443818841,24.17135979356523,0.581779233078515,0.3670246918668997,0.42613207551862997,-0.79869249486534,2.1724173322375813,8.59373259865403,-2.8923084142342197,2.8429610384948223
MLPSX,1,219,0.4170282475380811,0.6027397260273972,1.545223040451815,24.529655310975617,0.7980912728024412,0.26988223487539004,0.36222162597263,-1.240924579569794,2.1687487106987664,8.59045806714695,-4.4749238016071,3.9938923537812596,159,0.3648665872151141,0.5849056603773585,1.555132243252896,24.686959028791005,0.8653558330314619,0.2346209390218266,0.35260042815765,-1.3274809249473358,2.160678830489886,7.99081798594518,-4.4749238016071,2.958457472969639,60,0.5552566473939436,0.65,1.5228749133405215,24.17488979134836,0.5834710180654306,0.3646108045577778,0.423483358477305,-0.7995563139255689,2.166780766065798,8.59045806714695,-2.90610165566748,2.8242631477991216
OEPIX,3,1100,0.3143317010964087,0.5690909090909091,2.323732424360285,36.888108649887144,1.4447666009949067,0.13527017904522423,0.2902033560028617,-2.32698460208527,2.892095276992752,16.82655530560396,-9.160353961999334,4.4864042921720415,948,0.3076334364590338,0.5611814345991561,2.3729776931927247,37.669853057350075,1.4589602798874386,0.12964025635029386,0.2902033560028617,-2.3672498876341486,2.9525543734337165,16.82655530560396,-8.509983055600234,3.991572756584586,151,0.3401860491921373,0.6158940397350994,1.9926545893950234,31.63241095434454,1.3573588283094267,0.1707200289516403,0.25315574709091004,-1.817549764745983,2.64554250664851,4.783393494789371,-9.160353961999334,2.0978428375530385
OEPSX,3,1096,0.3073798720058097,0.5702554744525548,2.299374048658297,36.501431423193516,1.433853035486144,0.13367980393845372,0.28787926928641,-2.330738237233555,2.8537886862450366,16.852299673655285,-9.16874111215901,4.425588979921392,944,0.3001558924522035,0.5625,2.345412552811148,37.23227001952466,1.4461678799132318,0.12797573377546936,0.28787926928641,-2.3577779896817477,2.9115114614781556,16.852299673655285,-8.456910921333785,3.932001053279246,151,0.3362980517100761,0.6158940397350994,1.9929884868990746,31.63771141289917,1.3593463348628925,0.1687405892812397,0.24613456208758006,-1.82349736072976,2.63949567615431,4.783028978613145,-9.16874111215901,2.0735190756580906
OTPIX,3,1000,0.2681140812427552,0.599,1.6918323047634467,26.857005230575904,1.0220209493257473,0.15847556550839306,0.25808993725232243,-1.695602461573388,1.913951735190965,11.79390864367109,-6.83500110955714,5.0114374048974195,899,0.25407611667885877,0.592880978865406,1.6840041853633148,26.732737687579487,1.0356970109116959,0.1508761788641536,0.25837240980670495,-1.7394147145954377,1.9147590947938722,10.975280291773611,-6.83500110955714,4.523770064054385,100,0.3990070052505635,0.66,1.7715835935878703,28.12301769237376,0.8953077695380594,0.22522617995263838,0.27207935278524503,-1.229250029922501,1.8406505107530216,11.79390864367109,-6.07678360349595,2.2522617995263836
OTPSX,1,301,0.3476785010318912,0.6112956810631229,1.818262822839463,28.864027484325078,1.0237327077052876,0.19121465646475916,0.30229043134519,-1.53995912732135,2.03546614185567,11.81728013302507,-6.13060062745014,3.317450300897919,254,0.3211896978623689,0.610236220472441,1.6850260954989018,26.748960008065605,0.9821342735074884,0.19061407934295,0.29696932772289497,-1.4888627705255408,1.9858928646004774,7.78795096048727,-6.13060062745014,3.037888529869908,47,0.49083075645867147,0.6170212765957447,2.4331781056404713,38.625504978311604,1.2243221483673419,0.20172413820461899,0.40614061786639,-1.95434255748558,2.4138777711113777,11.81728013302507,-6.06358251228628,1.382951016094432
PHPIX,3,713,0.34941885767473424,0.603085553997195,1.5624946576981251,24.8038337348174,0.8836023848649661,0.2236288335151813,0.29419513480284,-1.281639105981534,2.004850472162946,10.110800591813259,-6.57926831972539,5.97135049573245,625,0.3312731986228556,0.6,1.5444737881061505,24.517761298720455,0.8764906265216045,0.21448936276805716,0.27571263391320006,-1.2779230124644099,1.930731483295262,10.110800591813259,-6.57926831972539,5.362234069201429,88,0.4782942770772816,0.625,1.6887485670022044,26.808052411227187,0.9325528681010041,0.28322409056211933,0.4555519069636901,-1.3800970921567528,2.411187661512835,7.616887392990419,-5.05890821616993,2.6568774758684457
PHPSX,3,779,0.3287257223425543,0.5738125802310655,1.7957763709999368,28.507066127711376,1.0611741005478017,0.18305493247998966,0.26572187776794,-1.6838383977127198,2.3408147214429387,10.06421887116324,-6.62164462288615,5.109167776633738,642,0.2760268111420755,0.5654205607476636,1.7005102359893767,26.9947631180859,1.015374442339921,0.16231999390552324,0.19890001706714502,-1.6516960803665066,2.063762689242315,10.06421887116324,-6.62164462288615,4.112818380453482,137,0.575679744172535,0.6131386861313869,2.178038944233603,34.575296353534746,1.2537009203898914,0.2643110425994252,0.51527419948471,-1.8312135176651256,3.0430729966155625,7.63454317897371,-5.85131894484413,3.093681436715704
PMPIX,3,1395,0.39943757139788194,0.5612903225806452,3.461097256121191,54.943215618628194,2.1258924771674548,0.11540778598216182,0.346279545160274,-2.93419805107341,3.919777224095878,41.45598370596366,-19.961578927046254,4.310446044912259,1268,0.34816468227601144,0.5496845425867508,3.52022865630494,55.881897495995624,2.162136289822546,0.09890399637887944,0.2640092023259805,-3.034485535233489,3.800172417714709,41.45598370596366,-19.961578927046254,3.52187118356657,127,0.9113590155438026,0.6771653543307087,2.7627120340727553,43.85669391745149,1.722707515567183,0.3298783964104607,0.9460812260674001,-2.0651991448260385,4.010518241401691,8.252574535157159,-10.60022885675647,3.7175407281062576
PMPSX,3,1397,0.42307906230502135,0.560486757337151,3.4630398991931295,54.974054121355266,2.11173298652641,0.12216984921357579,0.340979651990774,-2.9278055026607372,3.8450248439780204,41.437290634519705,-19.975957182222782,4.566276871089222,1263,0.3676198691498621,0.5471100554235946,3.5304495378263154,56.04414896010812,2.1526827519937544,0.10412834547302559,0.27029564022445385,-3.038027164042007,3.7180494630199594,41.437290634519705,-19.975957182222782,3.700587206645664,134,0.9458026515211868,0.6865671641791045,2.702787196571038,42.90541661313848,1.6773470802562893,0.3499360411064194,0.987088890259765,-1.9377784714498705,3.9862429058909625,8.251051002095695,-10.607109153821941,4.050802538256007
REPIX,3,1039,0.20522107709631696,0.5534167468719923,3.2408354265266803,51.44666747206522,2.203039879437928,0.06332351078877824,0.21656316276279,-2.616225365963156,3.0273506342843604,21.28341128816981,-22.82437290028109,2.0411398365478437,893,0.2032886137608562,0.5431131019036954,3.4254841429678415,54.377874973728794,2.329855975867141,0.05934595090103871,0.16788630704491,-2.77092591857055,3.2391439583289943,21.28341128816981,-22.82437290028109,1.7734413174095185,146,0.21704086996321031,0.6164383561643836,1.7329049802040437,27.509013739951243,1.1564540000617325,0.12524683836828404,0.279665773946875,-1.6778084485331348,2.16863168552632,8.663557204950111,-6.963725091703429,1.5133633060513447
REPSX,3,1133,0.31247701001252437,0.5631067961165048,3.0855873565687144,48.982180764276,1.9552098568245122,0.10126986336890173,0.25348542458807,-2.251926471724364,2.827020323250029,24.486770307834878,-22.87319013848047,3.4087502199361244,994,0.30695097337373667,0.5563380281690141,3.2365140758997546,51.37806815754467,2.052255265277681,0.09483999333091235,0.234732344116515,-2.500697110838407,3.0682641328287685,24.486770307834878,-22.87319013848047,2.990093073634574,139,0.3519941353287473,0.6115107913669064,1.6498920267347488,26.19122395709086,1.0206602571346202,0.2133437398478543,0.37037037037037,-1.3205169046662761,2.1454870546164386,8.6716500536585,-6.979922380060099,2.515285597141084
RRPIX,1,210,0.29503847144469303,0.5666666666666667,1.5669611573110702,24.874737218058314,0.9678290173960656,0.18828703574949085,0.20740307324089502,-1.1524868087596218,2.0108256702829546,7.25132619551911,-8.47715862826885,2.7285383714691114,176,0.3030567795474042,0.5625,1.666560032843283,26.45582035117778,1.042773854203915,0.18184570226994187,0.27810848785927,-1.2454248121390101,2.05874549890732,7.25132619551911,-8.47715862826885,2.4124558566723056,34,0.2535319353836,0.5882352941176471,0.9054206878044533,14.373107830941814,0.39582842071364566,0.2800156201404978,0.15251304497494,-0.587499357763297,1.1792436801700785,3.73200032589298,-1.53591682419659,1.6327576108445174
RRPSX,1,197,0.2942216326244474,0.5532994923857868,1.5937603499620405,25.300161212608977,0.9869568529811606,0.18460845297817519,0.1845210250013,-1.126796596817794,2.036296241830052,7.2327901580131,-8.47670558986498,2.5911031124727626,163,0.30350486890438283,0.5460122699386503,1.7041881309200329,27.053147890094348,1.0697288544164074,0.1780935234776755,0.18552787663108,-1.203730898491426,2.057910257685848,7.2327901580131,-8.47670558986498,2.273745897426759,34,0.24971670575299207,0.5882352941176471,0.9092632356549165,14.434106387020964,0.3974323271686871,0.2746363164822431,0.15172796739482503,-0.598325150202828,1.1738122540056206,3.75719238353429,-1.54430379746834,1.6013911499854692
SGPIX,3,441,0.27356379591442237,0.562358276643991,1.6702556847308516,26.514487006138417,0.9781127817384977,0.1637855799056927,0.20774993832421,-1.63329499843867,2.2113091259594797,9.482578315846329,-7.421111647296,3.439497178019547,365,0.23772690883716835,0.5452054794520548,1.6903249142938845,26.83307614870912,1.0279417779284312,0.14063977098537667,0.20739123655078,-1.68150897394551,2.2308885250000428,9.482578315846329,-7.421111647296,2.686919051949464,75,0.4507671793318205,0.64,1.5794445790590912,25.072905394796706,0.6949749695253363,0.2853960090200519,0.24423337856174,-0.950858609444926,1.7543530413473063,9.012654719908419,-3.25388921168644,2.4716019395005775
SGPSX,3,473,0.24823107011599532,0.5623678646934461,1.5587516762544984,24.744415746446805,0.8852726802767178,0.15924991382364773,0.20776945260675997,-1.4830214052627542,1.957689591155532,9.483098258608461,-4.58069010383789,3.463456810759008,396,0.2254999811620465,0.5505050505050505,1.5384794064564786,24.42260344006861,0.8895888652541047,0.1465732854243607,0.205001625891085,-1.56969324120249,1.976345223247985,9.483098258608461,-4.58069010383789,2.916771552253635,76,0.36929153440499657,0.618421052631579,1.6754325526043703,26.59666723591984,0.8683914693518062,0.2204156376399352,0.26782176669876,-1.270138812807645,1.747741406632535,9.00304140181256,-4.10416844016913,1.9215389800971152
SLPIX,3,481,0.24355972540462864,0.5758835758835759,1.669269692789139,26.498834869303508,1.0418155515204983,0.14590795391346922,0.22579211516155998,-1.56146741714271,1.9600017912791,9.48927741906386,-8.88766851494268,3.2000112528424713,402,0.21547296110310957,0.5746268656716418,1.6677492839196837,26.474699126745215,1.0763437203878672,0.12919985226837394,0.23889471122419997,-1.5996697929065509,1.9260650302507332,9.48927741906386,-8.88766851494268,2.590448983114742,79,0.38648224754653543,0.5822784810126582,1.6803316408135658,26.67443785023484,0.8445225982270402,0.2300035529649447,0.22322794263196,-1.0408370404912919,2.004172843690786,9.05553530879426,-4.37718544113877,2.0443162954257716
SLPSX,1,331,0.3314921801370492,0.595166163141994,1.5922703455734224,25.276508126220907,0.8815061697091353,0.2081883777202855,0.32059693525787003,-1.47798742138366,2.02404725099616,9.47468713099746,-4.78316714193969,3.7876555551545623,282,0.26577421835439863,0.5815602836879432,1.5444386245170894,24.517203094049293,0.9039057702657992,0.1720846747390173,0.262149324416065,-1.548756922496203,1.9279533762604542,9.47468713099746,-4.78316714193969,2.8897930979517223,49,0.709705756110671,0.673469387755102,1.8152328764618855,28.81592857671949,0.7395215525317406,0.3909722908357498,0.6493982639939,-0.9427518250028859,2.454995295112778,9.061355214024069,-2.94438794154813,2.7368060358502486
SMPIX,3,1615,0.45385645864615565,0.5777089783281734,3.2071069884703642,50.911245116819266,2.0015803245111283,0.14151584598760872,0.41467381601282005,-2.987969780938902,4.056679793318822,28.05595002108303,-14.156665939341039,5.687106160862973,1379,0.37984412035746,0.5714285714285714,3.0701692308912025,48.73742560692339,1.9686213570599753,0.12372090650103988,0.34559429551126997,-2.876922975626962,3.7897078281992886,16.2558059836342,-14.156665939341039,4.594362161475786,235,0.878561054238955,0.6127659574468085,3.898757176549524,61.89085146827031,2.1888885105394906,0.22534387612631435,0.9650025733402,-3.457342944466754,4.762178252283937,28.05595002108303,-12.73839137645108,3.4544562074649967
SMPSX,3,1698,0.4322279375870324,0.598939929328622,2.6728706550691235,42.43050623973123,1.6314569885466221,0.161709260703397,0.40835350222072236,-2.46691583068776,3.381979974743716,28.06228585413606,-20.98122482751908,6.663520445328595,1503,0.3877525678151073,0.5941450432468397,2.47760830947262,39.33081259855025,1.5072195244895397,0.1565027717789838,0.365033751143195,-2.427666280489547,3.1694681555921234,15.71439027960766,-11.782067922876854,6.067384586004133,194,0.7650334198124402,0.634020618556701,3.858917897376488,61.25842251764674,2.3867155546321466,0.19825076359685015,1.0478131922298126,-3.107218722385284,4.361759831721342,28.06228585413606,-20.98122482751908,2.7613136116251678
SNPIX,1,158,0.3705735828518337,0.569620253164557,1.9497064016799792,30.950629610614982,0.8375084046214529,0.19006635180175138,0.14569518078023003,-1.4187732758915208,2.3339453687636933,14.0567360897633,-3.78155387486495,2.389096996310925,123,0.2254117642165346,0.5609756097560976,1.8669573883026125,29.63702974682017,0.8927593060804939,0.12073749815011736,0.14580131615242,-1.4286500941154079,1.384491895591538,14.0567360897633,-3.78155387486495,1.339043630926416,35,0.8807136883415989,0.6,2.1684756369226283,34.423483556398004,0.6045317627777077,0.4061441472275222,0.14076039940762,-1.2664825891922538,3.495882720259458,7.76270891227068,-1.56903765690377,2.402781178436978
SNPSX,1,148,0.42142984675081474,0.6148648648648649,1.730963982496451,27.478201356573422,0.8646016158188443,0.2434654048335629,0.40137823698749997,-1.445255338546364,1.9540308973755958,7.76958324241763,-3.74057547314972,2.9618844838909673,103,0.2772765703809346,0.5728155339805825,1.652990207347116,26.24040604959337,0.9528006969457973,0.16774241562261627,0.2557911416283,-1.5343078182395098,1.990280744019378,5.5661430854514,-3.74057547314972,1.7023995870205637,45,0.7513806793307626,0.7111111111111111,1.875105600194101,29.766378600588595,0.6169623955583516,0.40071379406737606,0.4424778761062,-0.8835586994996739,1.931382675255426,7.76958324241763,-2.39651416122003,2.6880698491695143
SPPIX,1,423,0.2866728234755039,0.5791962174940898,2.175989445323616,34.542761566966014,1.364463787959474,0.13174366451619873,0.36627812854135,-2.2492376029911076,2.618062252285702,12.781954887218049,-6.508693820384639,2.709567179142509,367,0.27111917458601725,0.5803814713896458,2.015518505365151,31.99536436826876,1.3234158650768433,0.13451584486290719,0.33178155351275995,-2.132846491422136,2.5827975649465547,8.42838321439116,-6.508693820384639,2.576952870065669,56,0.38860477244767555,0.5714285714285714,3.047092875224841,48.37109981737018,1.6077404216965232,0.12753295956527116,0.481912439556695,-2.925297986978955,3.07254568221287,12.781954887218049,-6.23052959501557,0.9543692804290785
SPPSX,1,423,0.28939703277508283,0.5791962174940898,2.180035750750844,34.606994674300346,1.3678090480929994,0.13274875546211076,0.37453183520599,-2.2658898627901243,2.58916494704986,12.5,-6.50918904147024,2.730238848243999,367,0.27332362678114014,0.5803814713896458,2.0188178545942246,32.047739913559646,1.324312058654863,0.13538795793743227,0.35505483856477,-2.151077739853882,2.5796970774919323,8.44496136150267,-6.50918904147024,2.593660153082846,56,0.39473524705681395,0.5714285714285714,3.0546043791066744,48.490341244830745,1.6242904060732597,0.12922630824364076,0.377546352297115,-2.9754451422577803,2.9984327377736903,12.5,-6.30914826498422,0.9670411416106893
SVPIX,3,513,0.25030747526700126,0.543859649122807,1.6669765097438367,26.46243171701179,0.9679868118960326,0.1501565701759444,0.15944439899277998,-1.513857605572712,1.983856494774792,8.93631867965172,-9.05138285229332,3.4009717325894813,436,0.21676150334759042,0.5344036697247706,1.670638514896698,26.52056424661764,1.003375534112239,0.1297476991071247,0.14191778086827,-1.52550240842212,1.9373471854138198,8.93631867965172,-9.05138285229332,2.709211495008563,76,0.4530980243781575,0.6052631578947368,1.6509301197170352,26.207703172304207,0.7384618908941302,0.27445015326016176,0.23533477182445,-1.228496295200965,2.2822915703585798,8.595412627098591,-3.34677419354839,2.39260096620059
SVPSX,3,531,0.2321159756926032,0.544256120527307,1.6606712036516997,26.36233808585218,0.9934402463736941,0.13977238551628787,0.16132014908205,-1.51333703711324,1.99135558971974,8.91268943053524,-9.05581176470587,3.22083619403366,455,0.19362015569001037,0.5362637362637362,1.6629788149891982,26.398970280181864,1.0321484984396876,0.11642971873413073,0.15729120161385,-1.5561169053272879,1.935204359964284,8.91268943053524,-9.05581176470587,2.483530778760654,75,0.47604831737965514,0.6,1.6455041091248,26.121567924474665,0.7214019906243591,0.28930241786685823,0.23866348448688,-1.109921146115122,2.283944480375052,8.60443903922163,-3.34804048793148,2.505432432489603
TEPIX,3,1121,0.443516731113518,0.6092774308652988,2.55207504698058,40.51293540890458,1.5449576356816428,0.17378671196924755,0.40235418066885004,-2.49815887940846,3.08594417139496,20.36189480573014,-11.03195655565985,5.818611658221329,943,0.4070466038654513,0.6044538706256628,2.4744521509598574,39.28071013541184,1.5374962840809636,0.16449968681251526,0.35449679180403,-2.4296238449952683,3.0140362631912887,13.77089010973164,-11.03195655565985,5.051506565829141,177,0.6421782569486711,0.6384180790960452,2.9368714032501995,46.621388193463915,1.588176154965871,0.21866066598557238,0.6168251204035899,-2.783097970426448,3.365386487313064,20.36189480573014,-9.86987570216326,2.9090909529126048
TEPSX,3,1121,0.4277609030640376,0.6048171275646744,2.536711094045598,40.269040217179395,1.5463733070360544,0.16862815165200223,0.38129342262021,-2.49337189684261,3.08982510958477,20.349135425334268,-11.04774489689467,5.645896156204851,943,0.38906670337988714,0.5991516436903499,2.455184647361365,38.97484799797192,1.5386298521745683,0.15846739014029954,0.34820783159084,-2.434492877115092,3.0107760806802863,13.78102845935398,-11.04774489689467,4.866264959372728,177,0.6381700892192773,0.6384180790960452,2.9377670904368745,46.635606786754614,1.5910533178822865,0.2172296405990358,0.60960461694279,-2.784685646239256,3.3745618649076183,20.349135425334268,-9.8800505050505,2.890052398417227
UAPIX,3,2090,0.32680616465354856,0.5550239234449761,3.1690592690093697,50.3072562949376,2.082679695119352,0.10312403048104125,0.33999380514189503,-2.931971389973176,3.4789718963981215,18.8039710979263,-32.34797276346632,4.714471575367527,1982,0.2979694973075946,0.5504540867810293,3.1717862035445266,50.35054503866707,2.106056551504095,0.09394375225373276,0.32166591214639506,-2.9823999328483017,3.472380179585773,18.8039710979263,-32.34797276346632,4.182343775976127,108,0.8560124116876302,0.6388888888888888,3.085221041444166,48.97636569194979,1.593910542665689,0.27745578037641605,0.682440725233685,-1.9680835379558057,4.157746379025165,17.22282210720978,-8.762026805596399,2.883405050793747
UAPSX,3,1955,0.3453936292903662,0.5641943734015346,3.2226632052637916,51.158192402677756,2.112414121802629,0.10717645850370329,0.36881307398212665,-2.915400288484934,3.548447214254677,18.79041483176169,-32.37111049045135,4.73884804759651,1800,0.31685633146562786,0.5566666666666666,3.253373238151126,51.64569906132476,2.156326822743115,0.09739316957242065,0.34795349167631,-3.001243626499724,3.5214357528365485,18.79041483176169,-32.37111049045135,4.1320422387545985,155,0.6767945072550704,0.6516129032258065,2.8301354552147675,44.92700754674912,1.5117645753015623,0.23913855642775628,0.55506865322818,-1.9575462959894,3.6975822217878918,17.21978710081402,-8.74403815580286,2.977251017533529
UBPIX,3,1068,0.46446749738442583,0.5720973782771536,3.873195634970457,61.48507457539642,2.6953856875480877,0.11991841909322212,0.483143522297085,-3.4409770626243175,4.482641589310863,22.44002827090176,-40.49853508812723,3.9189662272070245,907,0.4609831803083956,0.5700110253583242,4.0339693328327355,64.03727790681937,2.838932806820845,0.11427533088970802,0.48298300241491,-3.75450046658497,4.5383144200087,22.44002827090176,-40.49853508812723,3.4415662253844106,160,0.46957535022397445,0.58125,2.812812673859124,44.65201691785125,1.6754267499351352,0.1669415651415301,0.440401780497805,-2.2227442984537182,3.8018723368527074,12.94271929223631,-12.60616797802574,2.11166232800242
UBPSX,3,1068,0.4597776411916945,0.5702247191011236,3.872938411096602,61.48099127298749,2.697029828612872,0.11871545384619502,0.497846080375055,-3.445252315282579,4.480965933902881,22.51483989632974,-40.458642753724725,3.879652999003623,907,0.45650243367539545,0.5689084895259096,4.0336845093372595,64.03275647399991,2.840273875646217,0.1131725678145313,0.49510338531659004,-3.717822179136768,4.537714290070281,22.51483989632974,-40.458642753724725,3.4083549266326947,160,0.4635725855925538,0.575,2.8126595049639573,44.649585437020036,1.6801964910267164,0.16481646099515848,0.45717063423497756,-2.209893384509217,3.8643901397552227,12.88797680307114,-12.67499553533299,2.084781650532011
UCPIX,1,132,0.3188250673844444,0.553030303030303,2.6959459078137122,42.79681452094408,1.1064326740898425,0.11826092892308689,0.23706030970912753,-1.9935785047198213,2.2135064452262103,24.958293735172056,-3.242651749256025,1.3587146296729076,99,0.32111771738021877,0.5151515151515151,3.0228291264238516,47.98592474616082,1.1694577308585032,0.10623085326695791,0.006247719808850048,-2.465889307821129,2.3178300963351406,24.958293735172056,-3.242651749256025,1.0569836443373986,33,0.3119471173971214,0.6666666666666666,1.3305027936622966,21.12107706424273,0.8909988195167485,0.23445807019951187,0.46984463070302485,-1.350099252638812,1.6962894233705081,2.539295740498705,-3.217932138403725,1.346859072247507
UCPSX,1,125,0.40692938822828933,0.568,2.5180977374960483,39.9735623422137,1.5381045313095352,0.16160190375808553,0.4165409861967,-2.4945699311534257,2.9666015385364153,13.229018492176388,-7.131407738001699,1.80676421048229,66,0.19864507492203098,0.5303030303030303,2.4652409034393896,39.134486114188924,1.7602773090836301,0.08057836240056321,0.201186897629275,-3.120349780874185,2.94840539118802,6.56764073020059,-7.131407738001699,0.6546217107248498,59,0.6399253997234257,0.6101694915254238,2.5769642915336552,40.90803991735081,1.243387009939118,0.24832528794668718,0.7409793814433,-1.9846176746378918,2.8100859442863273,13.229018492176388,-4.99092558983667,1.907422729599944
UDPIX,3,1194,0.39474821455115455,0.5795644891122278,2.69524656445094,42.785712789230445,1.547406617154762,0.14646089146636956,0.30385368794443,-2.051661078319484,2.8049564681278762,22.55950842736958,-13.71601208459215,5.060854326946556,1042,0.3897251868256707,0.5738963531669866,2.7792900923776007,44.11986243442119,1.6116501647213448,0.14022472425405305,0.26061167980563,-2.092746590357483,2.918579339055329,22.55950842736958,-13.71601208459215,4.526457574129517,151,0.43721974541678876,0.6225165562913907,2.0388381812661907,32.36555274680142,1.0028792080979045,0.21444553542020672,0.5207347093353499,-1.92497760979893,2.26288938446272,15.681755039461631,-4.39663236669785,2.635150856575488
UDPSX,3,1172,0.39097006940108525,0.5776450511945392,2.7162731367024526,43.119499275840255,1.5627079447101229,0.14393621323212058,0.32373941629869996,-2.086622663507874,2.8017247644510723,22.59339348296174,-13.71423227978306,4.927582210181187,1020,0.38585043184319884,0.5715686274509804,2.8044591472438976,44.51940879388576,1.6297288478181111,0.1375846149238423,0.270823567138955,-2.1016041226284083,2.9125765709998643,22.59339348296174,-13.71423227978306,4.394100225190228,151,0.4333054469518439,0.6225165562913907,2.039130549639123,32.37019395083742,1.0044453919162546,0.2124951965574389,0.50175029171528,-1.9129019129019,2.25895600252727,15.67689645070609,-4.40872560275543,2.6111846913915673
UEPIX,1,128,0.42067837659488816,0.59375,1.561642113057954,24.79030000822056,0.7307970397288214,0.2693820646083437,0.27420047253965,-1.0447183959849289,1.8792851451885355,6.79522827159386,-4.0499608010833,3.04771015383348,51,0.43698470829573755,0.5294117647058824,2.030209635589619,32.228578830583196,1.0222172510422838,0.21524117541133986,0.12468193384223,-1.4059167207641599,2.67887913894115,6.79522827159386,-4.0499608010833,1.537129449075521,76,0.410993113988879,0.631578947368421,1.175306126432552,18.65740634946702,0.44528078921634084,0.34969026770615147,0.27420047253965,-0.83833122895207,1.588229111928525,6.50839919892238,-1.55366912329881,3.0485290769415982
UEPSX,1,141,0.41068305989173765,0.5957446808510638,1.5739865212705844,24.986261413497857,0.7292365383644853,0.2609190449485031,0.24019215372297,-1.25103876865267,1.8273268423238498,6.732987312572079,-4.05620246637735,3.0982419967417485,64,0.4192878772289683,0.546875,1.9657963080817684,31.206048956359624,0.965597114514262,0.21329161902746224,0.16649898407846997,-1.37653899990663,2.7053001363675664,6.732987312572079,-4.05620246637735,1.706332952219698,76,0.40491331892520915,0.631578947368421,1.1739759645529428,18.636290684245598,0.44882357290404906,0.34490767370982983,0.247763553378405,-0.83266608669947,1.5783257574496101,6.443236911463241,-1.5895706760725201,3.0068353891056976
UFPIX,1,435,0.24212589430949344,0.5609195402298851,2.0652076022577694,32.78415432776432,1.2203918135182552,0.11724046243331251,0.2194595185019032,-1.948075350134029,2.2771068019635425,15.49872739928565,-8.182820897112165,2.445243714588789,387,0.23964803583046684,0.5607235142118863,2.1046920072000463,33.410949824620126,1.2617670590011594,0.11386370785399615,0.22494750235409985,-2.009062503446147,2.359711935523685,15.49872739928565,-8.182820897112165,2.2399627932049877,48,0.26210362829664585,0.5625,1.7329661323038483,27.509984499440638,0.8132268879504194,0.1512456726134623,0.1523336381311236,-1.2467589506557828,1.303624057283703,8.74157928291521,-2.85767762799936,1.0478607575657815
UFPSX,1,435,0.23775407696753612,0.5655172413793104,2.0657171066262294,32.792242458869396,1.2223997839885674,0.11509517745914437,0.21858156929458,-1.990150716753548,2.2738452442201025,15.495978218978834,-8.191591850052223,2.4005002489779272,387,0.2350148816994996,0.5633074935400517,2.1052293950521164,33.41948059230511,1.2638767115369909,0.11163385911856016,0.21984551612844655,-2.0132780134095123,2.3704626415955565,15.495978218978834,-8.191591850052223,2.1960965052016457,48,0.25983883881608066,0.5833333333333334,1.733183415345613,27.513433760796364,0.8141444324896006,0.14991998914567642,0.1522466808956669,-1.2561574591210003,1.3039246148669608,8.732212400680154,-2.8510381526980733,1.0386761530819446
UGPIX,3,1316,0.45350724499851874,0.5653495440729484,3.0664479648286,48.678352339539686,1.8674529592698548,0.14789334441677626,0.35607347922249,-2.772070434659456,3.6480727013402197,17.14285714285714,-18.553509348810763,5.3650846014557345,1188,0.4191254571274022,0.5673400673400674,3.0451739832389007,48.34063835144462,1.876514545800474,0.13763596413023763,0.35859953242932996,-2.8167561058875705,3.631254891625213,17.14285714285714,-18.553509348810763,4.743950510176866,128,0.7726132136773193,0.546875,3.2524863791942695,51.631620611837775,1.7811519355881569,0.237545410987614,0.27149910120899,-2.408190932143754,4.215759068037196,13.068405885029568,-13.0838951865507,2.6875195351853964
UGPSX,3,1433,0.4305142510746046,0.5715282623866015,3.079316740355024,48.882637817864676,1.831576512411183,0.13980836899063825,0.37815351377959333,-2.7460188083624977,3.576558735018646,26.69597069597069,-17.565862267618908,5.292443915344364,1311,0.39650094694903903,0.5720823798627003,3.021452693354358,47.96407454857159,1.7928178401146382,0.13122858015322802,0.37140493957758347,-2.74540044092495,3.4112690889942003,26.69597069597069,-10.97165988367332,4.751489520821992,122,0.7960178716370345,0.5655737704918032,3.6380249183926403,57.75185518513787,2.205498007514397,0.21880495309766398,0.5387605630867208,-2.7438500753770394,4.009894783446478,13.054492132621531,-17.565862267618908,2.416779699312425
UHPIX,3,861,0.4119279683720628,0.5656213704994193,4.4630547421406686,70.84879761223027,2.984292272863686,0.09229731477021608,0.49708985261043004,-4.55319226826766,5.28897359717472,26.19289524293333,-17.28324510747512,2.7082617864924377,665,0.4207472220731488,0.562406015037594,4.77835192881571,75.8539852823531,3.2072050914246852,0.0880527906569303,0.49708985261043004,-4.7300167172906855,5.698434980702714,26.19289524293333,-17.28324510747512,2.2706696086715636,195,0.3734522373930633,0.5743589743589743,3.183653908415016,50.53893901298962,2.060329730874247,0.11730302606258691,0.46615519083226004,-3.7345004975090395,3.614599686028259,12.64174716505668,-9.40170940170939,1.6380476137984479
UHPSX,3,955,0.3661193460403721,0.5602094240837696,3.0019862316470562,47.6550540490683,1.8596407219414086,0.12195903571466372,0.27690835800875,-2.621005884209722,3.460016288209107,26.027062544444647,-21.84039758974096,3.7689091398958325,781,0.38927069557222554,0.5608194622279129,3.140410235139303,49.85246698140282,1.9375135098195195,0.12395536456241305,0.26642956172623,-2.554836266682827,3.5524008905713096,26.027062544444647,-21.84039758974096,3.4641033771191596,173,0.26514124249337817,0.5606936416184971,2.2904226532584206,36.35933242650303,1.4639001503265034,0.11576083659327271,0.42638819941848505,-3.048307614853549,3.033244775738093,9.00014682131845,-4.417782846535667,1.5225960833254397
UIPIX,1,126,0.25865868158810074,0.5555555555555556,2.7646919272146833,43.88812374670763,1.0272406412503612,0.09355786771102885,0.126194606662985,-1.99004167527415,1.7842264169687225,26.197136424331617,-3.9551167133161003,1.050184460435371,91,0.2574242430967383,0.5054945054945055,3.2000707043699714,50.79954756951744,1.15031350518235,0.0804432985637484,0.084107720155435,-2.148818973159815,2.0066293356286,26.197136424331617,-3.9551167133161003,0.7673801599124708,35,0.261868221665643,0.6857142857142857,0.9970390896560852,15.8275048718414,0.5986893932570363,0.26264589260584636,0.37546382185943,-0.9961253038677409,1.2433842911699502,2.807880315614865,-2.090574295250685,1.5538340553596006
UIPSX,1,153,0.23490920787922834,0.5555555555555556,1.7429073473752927,27.66779639629373,0.9153343717153237,0.13478008927610904,0.13016319462863501,-1.59030192379097,2.1579239074285725,11.409045609917374,-3.61178998208882,1.667137632946727,115,0.13868865513840992,0.5391304347826087,1.6133882948709273,25.611745178466123,1.007718832941771,0.08596111399798222,0.08082803341510501,-1.687367466458969,2.202003890592905,5.01818345665944,-3.61178998208882,0.9218302494353398,38,0.5261029859106525,0.6052631578947368,2.084064316522588,33.083495386695404,0.5478877987834168,0.2524408588255536,0.19442079510204746,-0.8609286688049629,1.5347821610187828,11.409045609917374,-2.1225141125487603,1.556149965065757
UJPIX,3,1572,0.4346101045130997,0.5756997455470738,3.3663749238695977,53.4395452101777,2.098002010322642,0.12910329786247396,0.4180065845910675,-3.0028696941810877,3.6481614289625575,35.39294103654364,-16.79674950392138,5.118746321885428,1418,0.35739883863640315,0.5641748942172073,3.3676930545404296,53.46046988588075,2.1426015759902044,0.10612571658053777,0.37575015377375,-3.035779312366735,3.451554465818573,35.39294103654364,-16.79674950392138,3.9963061477545576,153,1.1534157965983307,0.6862745098039216,3.289613373224072,52.2209933706192,1.6363118569972706,0.3506235127770943,1.03362553970953,-2.527455429493104,4.718288139538991,16.369282636891448,-9.71870693127108,4.336973334015189
UJPSX,3,2407,0.33958287223168065,0.5691732447029497,2.9875469745862007,47.42583794927095,1.9551481044683103,0.11366611976995462,0.35735556879095004,-2.597221731151032,3.1426880206579555,35.25368986367221,-26.6331587740604,5.576594676684268,2193,0.30085779514051214,0.5622435020519836,2.987492053485858,47.42496610383153,1.98003248772124,0.10070580599184055,0.33479005341308,-2.602372461810783,3.053157518271486,35.25368986367221,-26.6331587740604,4.716000315680909,213,0.7375293422567707,0.6384976525821596,2.9729258423729186,47.19373467093571,1.682956206020959,0.24808198433503217,0.6509360992293,-2.5304349750498036,3.804294390830327,16.35656210911191,-10.902310617139491,3.620637362770859
UKPIX,3,329,0.37485349544338165,0.5714285714285714,2.684568146449318,42.61619815866313,1.0771268419294546,0.13963269881570076,0.18905490741619,-1.8951499021591478,2.425247469974905,27.77187555193988,-5.903775882166805,2.5327077605489716,235,0.364872438072405,0.5446808510638298,2.8434331452368045,45.13810183160873,0.9829775730967263,0.12832108913255916,0.15459971902638997,-1.778263692193741,2.156017962019401,27.77187555193988,-4.370041424102065,1.967125046940091,93,0.40906227346774593,0.6451612903225806,2.2629292123345284,35.92288758228264,1.2886036742919809,0.18076671211723008,0.4104152149166051,-2.1223524845141917,2.8546489588607113,10.64255078528615,-5.903775882166805,1.7432510408715203
UKPSX,1,181,0.3899149966596362,0.585635359116022,2.072278536539533,32.896401929642884,1.1793645151879566,0.18815761963676436,0.31880977683315,-1.6577034868062348,2.633378172560615,10.632592275429925,-6.946668353099579,2.531401876185322,141,0.2827055344953032,0.5815602836879432,1.9504929361555092,30.96311545833397,1.2154685726782708,0.14494055797634717,0.29661773389544493,-1.601960297525165,2.602890739833415,7.936691815182295,-6.946668353099579,1.7210737676972985,40,0.7678283507889103,0.6,2.4443988677134607,38.80362905410614,1.0421698084781204,0.314117454778218,0.7519505487079925,-2.1619537167022784,2.81954983909657,10.632592275429925,-3.4145148181173797,1.9866532198282203
ULPIX,3,1371,0.3787281353417628,0.5711159737417943,3.08388441434579,48.95514739456219,1.9821661295416564,0.12280879710665342,0.37074207754881,-2.72388623537374,3.21618286204861,22.29088070768832,-17.7960811164589,4.547243438253522,1181,0.38385696649733553,0.5707027942421676,3.18035293121829,50.48653762451343,2.0613581744216996,0.12069634244973321,0.37016912763034,-2.88679037591839,3.35295655096019,22.29088070768832,-17.7960811164589,4.147811948769832,189,0.3513075415404344,0.5767195767195767,2.4111344081499135,38.275572129093476,1.395546347637836,0.14570218082947772,0.39424444970106,-1.915424313167192,2.3324496609751204,19.22392147911436,-11.91676466770382,2.003073817713676
ULPSX,3,1518,0.3666383250042983,0.5823451910408433,2.958648682933283,46.967091791101545,1.9006651234258036,0.12392087209245924,0.36718353116671,-2.6092437353142457,3.033316861002398,22.261679002747382,-17.81134748308623,4.828145471706115,1359,0.3609801983819101,0.5813097866077999,3.00773641058906,47.74633530991627,1.9518186859165734,0.12001723193263891,0.35994357355153,-2.722993900592744,3.0921935586304667,22.261679002747382,-17.81134748308623,4.424389310480069,159,0.4149992940598045,0.5911949685534591,2.507812289009389,39.8102859093029,1.3885791055260157,0.16548259846981347,0.40776152980877,-1.706969893068004,2.230186771192029,19.226254225241128,-11.930803251597629,2.0866561702913877
UMPIX,3,964,0.389272862864774,0.6255186721991701,2.2593996852492855,35.866858076803325,1.347211609191653,0.17229039439377655,0.40386005278182097,-1.999913604312457,2.4671711769416262,21.485267718749302,-9.10578179097284,5.349332362113053,844,0.3295179074299909,0.6196682464454977,2.2040370198750825,34.98800300981636,1.3704107404004084,0.1495065211965754,0.380908172505245,-2.051809485668991,2.455479952646668,21.485267718749302,-9.10578179097284,4.343415326557538,119,0.8201300630696351,0.6722689075630253,2.5957757335676463,41.2066623018975,1.1753210567811372,0.3159479659448255,0.66798937819091,-1.1117879514927818,2.794892536349974,18.75567124643686,-5.991230065388115,3.4465854036968295
UMPSX,3,959,0.383100411175024,0.6225234619395204,2.2618084296440792,35.90509570864659,1.3498040495100556,0.1693779217346489,0.39307051255153397,-2.007138020321426,2.4983794879337244,21.58149353505145,-9.12440672787705,5.2452489241152085,839,0.32281468968224036,0.6162097735399285,2.2063856985927734,35.02528712859596,1.373206409302528,0.14630927398057858,0.37226442941797205,-2.052035800755012,2.4703941950828603,21.58149353505145,-9.12440672787705,4.237920794993157,119,0.8154371270643136,0.6722689075630253,2.5962310520464094,41.21389025867033,1.177291737061142,0.3140849603588121,0.6679261614136149,-1.1256793381668597,2.784413916897531,18.74628639334523,-5.99581167181263,3.426262412091052
UNPIX,3,2094,0.22732199265660558,0.5506208213944603,2.9849035368346795,47.38387467589012,2.0898891709169964,0.07615723250395812,0.258991146877755,-2.512851148744168,2.8079971125505683,30.24573559202608,-30.12635393342879,3.4849735992133555,1955,0.20779147551749055,0.5493606138107416,3.0142852979211954,47.85029567338634,2.125480929726644,0.06893557012031812,0.25254922811082,-2.541324846290258,2.825264460531929,30.24573559202608,-30.12635393342879,3.0480125620435023,139,0.502013798462144,0.5683453237410072,2.529223383936687,40.15017650415426,1.5024873754930426,0.198485353903683,0.33370021651707005,-1.849556681863958,2.5613035798652244,16.13687639382848,-13.3510144401635,2.34010781039754
UNPSX,3,1257,0.33742803469944793,0.5584725536992841,3.1408892760157867,49.86007151956488,2.047553168646283,0.10743073220571306,0.30131576563792,-2.348580816974778,2.9407192968287457,30.101965854661938,-22.79249030151557,3.8088702148242506,1145,0.3030767682951723,0.5554585152838428,3.170001910540545,50.322220265339425,2.0833260130424764,0.0956077557200879,0.27881387541961,-2.493338730591142,2.926857200664426,30.101965854661938,-22.79249030151557,3.235160766042028,112,0.6886083921360157,0.5892857142857143,2.814943479306521,44.685842405687694,1.6376067554119693,0.2446260101484022,0.6206302668736,-1.7819464851106137,3.1042959252077664,16.104107360715737,-13.34172911025753,2.58887834828254
UOPIX,3,1772,0.41561523855839405,0.572234762979684,2.955071558065393,46.910306694247176,1.8257175131917507,0.14064472903339315,0.317355526061675,-2.789040702971938,3.3616589399500554,23.9541394393989,-17.66943706623255,5.920458203065139,1619,0.39536037385435513,0.5688696726374305,2.932217406278716,46.54750828192996,1.840075348080601,0.1348332401982798,0.30848795015549996,-2.832748076802508,3.2720648372514884,21.96659237994211,-17.66943706623255,5.425257994821279,153,0.6299461271586482,0.6078431372549019,3.1892831676405886,50.62830073284791,1.6662231116911215,0.19751966007605348,0.43929221780676003,-2.536103511479624,3.6684415354730313,23.9541394393989,-12.17289210917239,2.4431832648889924
UOPSX,3,1445,0.43262322030838063,0.5757785467128028,3.088820389172123,49.033503565771106,1.9226277571863253,0.14006098309404577,0.42889229279596003,-3.2056754529253055,3.6771976173102408,23.953837735147758,-13.741228271338802,5.324159946293498,1308,0.39441556979277975,0.5711009174311926,3.0648373331855647,48.65278435485247,1.9489457074318217,0.1286905394691299,0.395074688804935,-3.2274977835339946,3.6700172864778664,15.600418561016099,-13.741228271338802,4.654258423541094,137,0.7974086719463805,0.6204379562043796,3.2986661677013847,52.364702027762085,1.650360677942986,0.24173669944359366,0.5705394190871299,-2.4846369886798376,3.7010544019774883,23.953837735147758,-12.17083111045033,2.8294555243950876
USPIX,1,136,0.49747529425272285,0.5661764705882353,2.660470422745827,42.23365865417002,1.3702602204953,0.1869877184123276,0.20565597990106999,-2.2265588151718747,3.9845146704799053,10.81748641692881,-5.5328199692543105,2.180632781978322,75,0.34471131675889227,0.5466666666666666,2.648298763222462,42.04043954931938,1.5312500268302565,0.1301633039089011,0.18476540494138,-2.651514780914098,3.4393365142040446,9.99993141336479,-5.46601850272092,1.1272472782562268,61,0.6852998567451373,0.5901639344262295,2.6852798546886563,42.627496176707076,1.1416186339227188,0.25520612145827687,0.29051041955505,-1.7555266579973998,4.12757973733581,10.81748641692881,-5.5328199692543105,1.9932235274089012
USPSX,1,121,0.48663813708408077,0.5537190082644629,2.7475985168192976,43.61677426892269,1.442273182428042,0.17711399031013733,0.16516811754823,-2.05131995971282,4.49229790102625,10.811779394537279,-8.00179668659594,1.9482538934115106,75,0.18538593270511672,0.48,2.3569931036918677,37.416105565577745,1.3665115170858406,0.07865357451183803,-0.10476897026260999,-2.1196683924836384,4.461327695374647,5.932537382635901,-5.4326428438338,0.6811599362570397,46,0.9778102094410872,0.6739130434782609,3.2554601170600135,51.6788272369801,1.5579170485554414,0.3003600641018271,0.59957944438555,-1.619362460901105,5.564356497578535,10.811779394537279,-8.00179668659594,2.0371410684912497
UTPIX,1,508,0.3792684267341154,0.5826771653543307,1.8583921263764593,29.50106042899578,0.8503978443691259,0.20408417650456942,0.279960228924675,-1.426171570320068,1.9860785021481522,19.49059117147189,-7.00403407795495,4.599823731249982,470,0.36495093466110035,0.5829787234042553,1.858623794276513,29.504738042897568,0.8451524718470678,0.19635546245826524,0.26953250113148,-1.41266221848167,1.9248889267252973,19.49059117147189,-7.00403407795495,4.256884986640306,38,0.5563531971108809,0.5789473684210527,1.8711591935611434,29.703731337449742,0.9127862130653245,0.2973307664176042,0.600378827671585,-1.69900279790856,2.6661883677715363,5.86675835502374,-2.8640741357074497,1.832869940018177
UTPSX,3,763,0.35395172784994844,0.5845347313237221,1.7979718357657046,28.541918050405933,0.8474553031016425,0.19686166424248272,0.27562672266703,-1.376586718338234,1.8503979716755437,19.47611512979719,-7.005148689611571,5.437802389685392,677,0.3516542870156841,0.5834564254062038,1.838500545275552,29.18529136833454,0.8618602918414793,0.19127233218360487,0.2594283320098,-1.4027244339942697,1.8424287080735455,19.47611512979719,-7.005148689611571,4.9767575915361535,85,0.3639392786047291,0.5882352941176471,1.4551690646756368,23.1000927641172,0.7283662082319312,0.2501010277358065,0.3532083687159,-1.213501354128826,1.8561767470742505,5.8588735793386295,-2.86074754708052,2.30581754402491
UUPIX,3,1903,0.2929735496118629,0.5433526011560693,3.8839184642683633,61.655294213435965,2.5426723308542756,0.0754324665430514,0.29660840315655,-3.7790057327064894,4.029128214573341,40.27956370318932,-24.35321117463522,3.290619772578805,1746,0.25729366836703405,0.5395189003436426,3.92436155016538,62.29730829864914,2.5776713394870634,0.06556319163716992,0.27569334287693004,-3.8242582142342503,3.995724048263735,40.27956370318932,-24.35321117463522,2.7395687694418003,156,0.688496619090072,0.5833333333333334,3.3985577756205116,53.95043214346037,2.121529332628612,0.2025849388316977,0.549355408176785,-2.818243931843805,4.339795682896635,12.975533870739639,-13.378253824458769,2.5302850750192283
UUPSX,3,1892,0.299781607388313,0.5438689217758985,3.850635590500966,61.12694497199943,2.509277811781373,0.07785250002047364,0.29981290243421,-3.7126488734319922,4.005370026052429,40.28602506736545,-24.347148733245298,3.3863600294204415,1735,0.2648462536376049,0.5400576368876081,3.888772099969751,61.73234329155822,2.541789886115743,0.06810536766596968,0.27211742198609,-3.79349220990696,3.960504229764671,40.28602506736545,-24.347148733245298,2.836815435841894,156,0.6845495809800807,0.5833333333333334,3.3988083030964407,53.95440914384775,2.1237721973004584,0.20140870562085852,0.54752520649029,-2.824132290692325,4.33124397034402,12.96717827079159,-13.38028015098166,2.5155939269245473
UVPIX,3,565,0.3899147103200598,0.5663716814159292,2.340515746271388,37.15453562558906,1.3877638369872296,0.1665935001468041,0.24480161959281,-2.131319345882964,3.071730558341922,9.358009185474039,-8.64881380656225,3.9598822930116517,477,0.35187282132186576,0.5618448637316562,2.3265547658088828,36.93291193141454,1.4260195892318113,0.15124201093092632,0.20817789077109003,-2.221842841398712,3.0700379439903585,8.143554107332509,-8.64881380656225,3.3031753783587265,87,0.611838551517602,0.5977011494252874,2.4274496026140224,38.53456781195562,1.1623257678773251,0.25204995022707694,0.5069778846918234,-1.9208653182927171,3.094019522945223,9.358009185474039,-4.48369565217391,2.3509654260801156
UVPSX,3,563,0.38060744262400886,0.5719360568383659,2.124235708569493,33.72119646574774,1.221371644382116,0.17917382759765313,0.33594969481134,-2.1262292657206863,2.8891856939571303,10.030764727012361,-6.438912910145775,4.251368680700882,485,0.36685115958734743,0.5752577319587628,2.096711149345514,33.284257633827835,1.2348346432187856,0.17496504451834463,0.33594969481134,-2.174194451938183,2.8693461606839614,8.763748244723894,-6.438912910145775,3.8532054058411633,78,0.466143305095557,0.5512820512820513,2.300575736935083,36.520507633196296,1.1340785565442137,0.20262028222403639,0.3505571470469675,-2.1040215446835298,3.0639682787700044,10.030764727012361,-3.9819292856676,1.7894938792705486
UWPSX,1,128,0.3913202202965446,0.5625,1.899253512619035,30.149714826335046,1.0497118037509878,0.20603896093730076,0.251395175654185,-1.95335391828071,3.254376210193224,4.72747497219132,-3.76282782212086,2.3310647434783287,86,0.36275704628920574,0.5581395348837209,2.0384529411355903,32.35943724931775,1.1742971346493651,0.17795703740264882,0.36007297925578996,-2.22120577952104,3.14658004015625,4.72747497219132,-3.76282782212086,1.6503056734608248,41,0.4397272093760715,0.5609756097560976,1.6164881041608261,25.66095312542292,0.7399868173057904,0.2720262575667693,0.11991287962216,-1.47699928516052,3.32092233326801,3.86588551151438,-2.53142702994335,1.7418179230439312
UXPSX,1,201,0.22628622351054845,0.572139303482587,1.3626442066270652,21.631306177188762,0.731227364384143,0.16606405576013983,0.13263245551118005,-1.20361533109772,1.6424649587998899,8.87613069349766,-3.29072653828041,2.3543643290104597,166,0.22898972874132684,0.5662650602409639,1.2104611845762732,19.215475596512835,0.6785946587700901,0.18917560650363657,0.1308783885275576,-1.1733344125037726,1.647706853757255,4.183842367829145,-2.865638592149315,2.4373571908809573,35,0.2134638844159993,0.6,1.952315314441393,30.992044816768765,0.9416084586946393,0.10933883622025306,0.14591187593231994,-1.5218647059933408,1.3339807509882162,8.87613069349766,-3.29072653828041,0.6468572784702792
WCPIX,3,1211,0.2745468366705405,0.6118909991742362,2.0257666745901313,32.158049011246774,1.424389140879002,0.1355273734701401,0.2987511126775267,-1.51233419635847,2.05578782095966,18.00881098782011,-24.49874003990922,4.716274706822606,1093,0.2666202511354721,0.6111619396157365,2.0952675585457174,33.26134134032062,1.483463503080015,0.1272487850289286,0.27895014450532013,-1.5487478179375451,2.1108725950469815,18.00881098782011,-24.49874003990922,4.206914884738336,118,0.3479685145504534,0.6186440677966102,1.2081266187081146,19.17841551227415,0.6616192549366159,0.2880232164096727,0.43063644235612497,-1.1762398677452583,1.8282195590333135,4.038342257756546,-3.5282900489253803,3.1287329762277305
WCPSX,3,1214,0.27279677285137366,0.6112026359143328,2.023810518299247,32.12699599281925,1.4211700776522636,0.13479363328965416,0.2847427661762175,-1.5125619141350177,2.0486905126784274,17.95419417151321,-24.494070302734674,4.696547542670773,1096,0.26521568635892456,0.6113138686131386,2.0930350508893674,33.225901379968114,1.4798183498345165,0.12671344717625715,0.2704780302996399,-1.532688958235929,2.1038264583482693,17.95419417151321,-24.494070302734674,4.194961534273939,118,0.343210932137172,0.6101694915254238,1.2075155092027559,19.168714449624108,0.6629177610110963,0.28422900535975054,0.4173942916456625,-1.1757189782121429,1.8202121209508293,4.04334025925808,-3.529891717469586,3.08751729445514
