ticker,condition,horizon,source,full_avg,full_trades,full_hit,frozen_avg,frozen_trades,frozen_hit,pass,abs_full_avg
ALLIANZ GLOBAL ARTIFICIAL INTELLIGENCE RT USD ACC USD,QQQ_big_up,1,single_scan,1.758776007394521,121,0.975206611570248,1.897870448888294,76,0.9736842105263158,True,1.758776007394521
ALLIANZ GLOBAL CYBER SECURITY AT ACC USD,QQQ_big_up,1,single_scan,1.7031690495424523,123,0.8861788617886179,1.760774241667141,76,0.8289473684210527,True,1.7031690495424523
ALLIANZ GLOBAL CYBER SECURITY AT ACC USD,XLK_big_up,1,single_scan,1.6569854821029135,165,0.8787878787878788,1.666046926165765,105,0.8285714285714286,True,1.6569854821029135
ALLIANZ GLOBAL ARTIFICIAL INTELLIGENCE RT USD ACC USD,XLK_big_up,1,single_scan,1.6422080348616908,164,0.9695121951219512,1.7012818420329665,105,0.961904761904762,True,1.6422080348616908
ALLIANZ GLOBAL ARTIFICIAL INTELLIGENCE RT USD ACC USD,IWM_big_up,1,single_scan,1.3694448206717498,135,0.8814814814814815,1.4873717489324465,82,0.8780487804878049,True,1.3694448206717498
ALLIANZ GLOBAL CYBER SECURITY AT ACC USD,IWM_big_up,1,single_scan,1.216298554409556,139,0.8129496402877698,1.2201080080420368,82,0.7682926829268293,True,1.216298554409556
ALLIANZ GLOBAL ARTIFICIAL INTELLIGENCE RT USD ACC USD,QQQ_up,1,single_scan,0.9859573276333709,448,0.8325892857142857,1.0685667388991338,215,0.8372093023255814,True,0.9859573276333709
ALLIANZ GLOBAL CYBER SECURITY AT ACC USD,QQQ_up,1,single_scan,0.9672398106133075,449,0.7861915367483296,1.0078791210248326,214,0.7476635514018691,True,0.9672398106133075
ALLIANZ GLOBAL ARTIFICIAL INTELLIGENCE RT USD ACC USD,SPY_up,1,single_scan,0.958643055967704,438,0.8287671232876712,1.0243323704048524,211,0.8293838862559242,True,0.958643055967704
ALLIANZ GLOBAL ARTIFICIAL INTELLIGENCE RT USD ACC USD,XLK_up,1,single_scan,0.9533669079755168,461,0.8156182212581344,1.001134202517269,227,0.8193832599118943,True,0.9533669079755168
ALLIANZ GLOBAL CYBER SECURITY AT ACC USD,XLK_up,1,single_scan,0.9422947575557457,462,0.7835497835497836,0.9205948416141062,226,0.7300884955752213,True,0.9422947575557457
ALLIANZ GLOBAL CYBER SECURITY AT ACC USD,SPY_up,1,single_scan,0.9164678273007828,440,0.7795454545454545,0.9598666070593564,210,0.7380952380952381,True,0.9164678273007828
LINDSELL TRAIN LTD GLOBAL EQUITY C USD,SPY_big_up,1,single_scan,0.9055778984313956,167,0.9161676646706588,0.6078725216984098,41,0.8292682926829268,True,0.9055778984313956
ALLIANZ GLOBAL CYBER SECURITY AT ACC USD,XLK_big_up,2,single_scan,0.89370001448953,137,0.7956204379562044,0.9393742067897768,101,0.7920792079207921,True,0.89370001448953
ALLIANZ GLOBAL ARTIFICIAL INTELLIGENCE RT USD ACC USD,IWM_up,1,single_scan,0.8669988946846054,425,0.7835294117647059,0.9159798425188744,207,0.7971014492753623,True,0.8669988946846054
JPMORGAN GLOBAL GROWTH FUND A USD ACC USD,QQQ_big_up,1,single_scan,0.8300078635458337,123,0.8373983739837398,0.8071309410221184,79,0.810126582278481,True,0.8300078635458337
ALLIANZ GLOBAL ARTIFICIAL INTELLIGENCE RT USD ACC USD,XLK_big_up,2,single_scan,0.8200936745681366,135,0.8222222222222222,0.8866008356861754,101,0.8316831683168316,True,0.8200936745681366
ALLIANZ GLOBAL ARTIFICIAL INTELLIGENCE RT USD ACC USD,EEM_up,1,single_scan,0.8100808736035816,413,0.7699757869249395,0.901164990765246,210,0.7714285714285715,True,0.8100808736035816
LINDSELL TRAIN LTD GLOBAL EQUITY C USD,XLV_big_up,1,single_scan,0.7915124709117177,155,0.8129032258064516,0.6461442546170805,68,0.7647058823529411,True,0.7915124709117177
ALLIANZ GLOBAL CYBER SECURITY AT ACC USD,IWM_up,1,single_scan,0.7853870435544101,427,0.7236533957845434,0.7868147373241262,206,0.6990291262135923,True,0.7853870435544101
ALLIANZ GLOBAL ARTIFICIAL INTELLIGENCE RT USD ACC USD,HYG_up,1,single_scan,0.754846980424231,420,0.7404761904761905,0.8062026566463866,205,0.7463414634146341,True,0.754846980424231
ALLIANZ GLOBAL ARTIFICIAL INTELLIGENCE RT USD ACC USD,JNK_up,1,single_scan,0.7506677260270329,429,0.7435897435897436,0.774322550653505,208,0.7451923076923077,True,0.7506677260270329
LINDSELL TRAIN LTD GLOBAL EQUITY C USD,XLF_big_up,1,single_scan,0.7346096585874651,246,0.8252032520325203,0.9610443022337064,55,0.8545454545454545,True,0.7346096585874651
ALLIANZ GLOBAL CYBER SECURITY AT ACC USD,JNK_up,1,single_scan,0.7272916940177585,433,0.7182448036951501,0.7535712037473309,208,0.6778846153846154,True,0.7272916940177585
ALLIANZ GLOBAL CYBER SECURITY AT ACC USD,HYG_up,1,single_scan,0.7185064239659152,424,0.714622641509434,0.765559732812741,205,0.6780487804878049,True,0.7185064239659152
ABRDN SICAV I - GLOBAL DYNAMIC DIVIDEND FUND X INC USD USD,IWM_big_up,1,single_scan,0.7088295340328988,149,0.8993288590604027,0.7736246301643821,83,0.927710843373494,True,0.7088295340328988
ALLIANZ GLOBAL SUSTAINABILITY AM H2 INC USD,QQQ_big_up,1,single_scan,0.7047212364059767,128,0.8515625,0.7361700787600026,75,0.8,True,0.7047212364059767
JPMORGAN GLOBAL GROWTH FUND A USD ACC USD,XLK_big_up,1,single_scan,0.7008636355766926,158,0.8037974683544303,0.6387028961103841,106,0.7641509433962265,True,0.7008636355766926
LINDSELL TRAIN LTD GLOBAL EQUITY C USD,QQQ_big_up,1,single_scan,0.6987947148643102,298,0.8590604026845637,0.3797442632888465,74,0.7027027027027027,True,0.6987947148643102
ABRDN SICAV I - GLOBAL DYNAMIC DIVIDEND FUND X INC USD USD,QQQ_big_up,1,single_scan,0.6828139931600382,137,0.9051094890510948,0.6996603073566029,77,0.8831168831168831,True,0.6828139931600382
ALLIANZ GLOBAL CYBER SECURITY AT ACC USD,EEM_up,1,single_scan,0.6695516926699322,416,0.6995192307692307,0.7019163461404834,209,0.6746411483253588,True,0.6695516926699322
JPMORGAN GLOBAL GROWTH FUND A USD ACC USD,IWM_big_up,1,single_scan,0.6518128915432988,138,0.7898550724637681,0.7481805218122703,86,0.8255813953488372,True,0.6518128915432988
INVESCO GLOBAL HEALTH CARE INNOVATION FUND C AD USD,IWM_big_up,1,single_scan,0.6446090561197911,153,0.7908496732026143,0.6907761159391713,83,0.7831325301204819,True,0.6446090561197911
INVESCO GLOBAL HEALTH CARE INNOVATION A USD USD,IWM_big_up,1,single_scan,0.6419867627585958,154,0.7922077922077922,0.6880982276100884,83,0.7831325301204819,True,0.6419867627585958
LINDSELL TRAIN LTD GLOBAL EQUITY C USD,IWM_big_up,1,single_scan,0.6270811484420477,342,0.8187134502923976,0.5741764805347812,83,0.8072289156626506,True,0.6270811484420477
BLACKROCK GLOBAL FUNDS SICAV - ASIAN DRAGON FUND D2 ACC USD,XLK_big_up,1,single_scan,0.626877237165682,160,0.6875,0.7571295878979389,104,0.7019230769230769,True,0.626877237165682
ALLIANZ GLOBAL ARTIFICIAL INTELLIGENCE RT USD ACC USD,GDX_big_up,1,single_scan,0.6154451983149959,239,0.6736401673640168,0.6030985863718671,154,0.6558441558441559,True,0.6154451983149959
LINDSELL TRAIN LTD GLOBAL EQUITY C USD,XLK_big_up,1,single_scan,0.6127948997749845,361,0.8088642659279779,0.2781299649398503,100,0.65,True,0.6127948997749845
ALLIANZ GLOBAL SUSTAINABILITY AM H2 INC USD,IWM_big_up,1,single_scan,0.6104398305928582,143,0.8391608391608392,0.7367431259301839,81,0.8765432098765432,True,0.6104398305928582
ALLIANZ GLOBAL SUSTAINABILITY AM H2 INC USD,XLK_big_up,1,single_scan,0.6082762927815205,168,0.8095238095238095,0.5781151877289318,103,0.7572815533980582,True,0.6082762927815205
BLACKROCK GLOBAL FUNDS SICAV - ASIAN DRAGON FUND D2 ACC USD,IWM_big_up,1,single_scan,0.5917349185199547,132,0.7045454545454546,0.7962485382201363,81,0.7407407407407407,True,0.5917349185199547
ABRDN SICAV I - GLOBAL DYNAMIC DIVIDEND FUND X INC USD USD,XLK_big_up,1,single_scan,0.5875364196657075,179,0.8603351955307262,0.6002273701549046,106,0.839622641509434,True,0.5875364196657075
INVESCO GLOBAL HEALTH CARE INNOVATION FUND C AD USD,XLV_up,1,single_scan,0.5863427855498248,433,0.8314087759815243,0.6551273754194465,193,0.8186528497409327,True,0.5863427855498248
INVESCO GLOBAL HEALTH CARE INNOVATION A USD USD,XLV_up,1,single_scan,0.5828343235419152,433,0.8314087759815243,0.652753338595399,193,0.8186528497409327,True,0.5828343235419152
SCHRODER ISF GLOBAL CITIES A ACC USD,IWM_big_up,1,single_scan,0.5781649514107096,154,0.7207792207792207,0.5401707731648986,86,0.7209302325581395,True,0.5781649514107096
LINDSELL TRAIN LTD GLOBAL EQUITY C USD,EEM_big_up,1,single_scan,0.5758969947993975,228,0.8114035087719298,0.3869008515599554,71,0.7464788732394366,True,0.5758969947993975
SCHRODER INTL SEL GLOBAL GOLD A USD ACC USD,SPY_big_up,2,single_scan,0.5487003266506923,153,0.7450980392156863,0.708191409174449,37,0.8648648648648649,True,0.5487003266506923
IFSL ARBION GLOBAL OPPORTUNITIES USD ACC USD,QQQ_big_up,1,single_scan,0.5445919272604836,174,0.8908045977011494,0.7462870914008372,77,0.9090909090909092,True,0.5445919272604836
IFSL ARBION GLOBAL OPPORTUNITIES USD ACC USD,IWM_big_up,1,single_scan,0.5363390485917415,196,0.8979591836734694,0.765755403364188,84,0.9642857142857144,True,0.5363390485917415
JANUS HENDERSON HORIZON GLOBAL PROPERTY EQUITIES FUND A2 USD USD,IWM_big_up,1,single_scan,0.5262416368554784,151,0.7284768211920529,0.5362727311626796,83,0.7590361445783133,True,0.5262416368554784
ALLIANZ BEST STYLES GLOBAL EQUITY WT ACC USD,QQQ_up,1,single_scan,0.5196474349652135,122,0.7622950819672131,0.5196474349652135,122,0.7622950819672131,True,0.5196474349652135
PICTET-GLOBAL ENVIRONMENTAL OPPORTUNITIES HP ACC USD,XLK_big_up,1,single_scan,0.515670328693237,169,0.7100591715976331,0.5440613404352111,106,0.7169811320754716,True,0.515670328693237
PICTET-GLOBAL ENVIRONMENTAL OPPORTUNITIES HP ACC USD,IWM_big_up,1,single_scan,0.5110909452717188,137,0.7226277372262774,0.6107669935956124,83,0.7469879518072289,True,0.5110909452717188
ALLIANZ GLOBAL CYBER SECURITY AT ACC USD,XLF_up,1,single_scan,0.5027540685417903,417,0.6498800959232613,0.5223122348440791,201,0.6268656716417911,True,0.5027540685417903
ALLIANZ GLOBAL CYBER SECURITY AT ACC USD,QQQ_up,2,single_scan,0.5006747376668548,401,0.71571072319202,0.4839079083708777,206,0.6990291262135923,True,0.5006747376668548
JANUS HENDERSON HORIZON GLOBAL PROPERTY EQUITIES FUND A2 USD USD,QQQ_big_up,1,single_scan,0.4997129657036873,134,0.664179104477612,0.3544932901144838,77,0.6493506493506493,True,0.4997129657036873
JPMORGAN GLOBAL GROWTH FUND A USD ACC USD,SPY_up,1,single_scan,0.4896689233034983,436,0.731651376146789,0.441715556117727,218,0.7018348623853211,True,0.4896689233034983
ALLIANZ GLOBAL ARTIFICIAL INTELLIGENCE RT USD ACC USD,QQQ_up,2,single_scan,0.4895941703506277,397,0.7229219143576826,0.510582670081651,207,0.7101449275362319,True,0.4895941703506277
ALLIANZ GLOBAL ARTIFICIAL INTELLIGENCE RT USD ACC USD,XLF_up,1,single_scan,0.4859823162389764,412,0.6674757281553398,0.4644523695409485,202,0.6782178217821783,True,0.4859823162389764
ALLIANZ GLOBAL ARTIFICIAL INTELLIGENCE RT USD ACC USD,SLV_big_up,1,single_scan,0.4845078555043093,205,0.6439024390243903,0.5096864829271425,147,0.6258503401360545,True,0.4845078555043093
ALLIANZ GLOBAL CYBER SECURITY AT ACC USD,SPY_up,2,single_scan,0.4812036549909866,392,0.7066326530612245,0.4518066058537583,202,0.6831683168316832,True,0.4812036549909866
ALLIANZ GLOBAL ARTIFICIAL INTELLIGENCE RT USD ACC USD,GDX_up,1,single_scan,0.4722629394649958,420,0.6428571428571429,0.475762365500132,214,0.6401869158878505,True,0.4722629394649958
ALLIANZ GLOBAL CYBER SECURITY AT ACC USD,XLK_up,2,single_scan,0.4717007721547964,413,0.6997578692493946,0.4388882175919451,217,0.6774193548387096,True,0.4717007721547964
ALLIANZ GLOBAL CYBER SECURITY AT ACC USD,GDX_big_up,1,single_scan,0.4716788545504011,243,0.6337448559670782,0.4364405144583349,154,0.6103896103896104,True,0.4716788545504011
LINDSELL TRAIN LTD GLOBAL EQUITY C USD,SPY_big_up,2,single_scan,0.4708029195359759,156,0.8269230769230769,0.4008743639127122,40,0.8,True,0.4708029195359759
ALLIANZ GLOBAL ARTIFICIAL INTELLIGENCE RT USD ACC USD,SPY_up,2,single_scan,0.4669038109090644,387,0.7260981912144703,0.459561775738965,203,0.7093596059113301,True,0.4669038109090644
JPMORGAN GLOBAL GROWTH FUND A USD ACC USD,QQQ_up,1,single_scan,0.4660344171190885,439,0.7198177676537585,0.3963838436366,220,0.6818181818181818,True,0.4660344171190885
IFSL ARBION GLOBAL OPPORTUNITIES USD ACC USD,XLK_big_up,1,single_scan,0.4654996528696766,212,0.839622641509434,0.5914404343846942,103,0.8543689320388349,True,0.4654996528696766
PICTET-GLOBAL ENVIRONMENTAL OPPORTUNITIES HP ACC USD,QQQ_big_up,1,single_scan,0.4617917833281338,124,0.6854838709677419,0.5308384447528682,77,0.6883116883116883,True,0.4617917833281338
INVESCO GLOBAL HEALTH CARE INNOVATION A USD USD,QQQ_big_up,1,single_scan,0.4603645739003805,138,0.6956521739130435,0.3454564772399174,77,0.6103896103896104,True,0.4603645739003805
INVESCO GLOBAL HEALTH CARE INNOVATION FUND C AD USD,QQQ_big_up,1,single_scan,0.4584724959953839,137,0.6934306569343066,0.3481958879078161,77,0.6103896103896104,True,0.4584724959953839
ABRDN SICAV I - GLOBAL DYNAMIC DIVIDEND FUND X INC USD USD,IWM_up,1,single_scan,0.4547464833669145,447,0.814317673378076,0.4639512515711679,208,0.8076923076923077,True,0.4547464833669145
SCHRODER INTL SEL GLOBAL GOLD A USD ACC USD,QQQ_big_up,2,single_scan,0.449804262875844,264,0.7575757575757576,0.5923742758375586,65,0.8615384615384616,True,0.449804262875844
ALLIANZ GLOBAL ARTIFICIAL INTELLIGENCE RT USD ACC USD,XLK_up,2,single_scan,0.4491770818305368,409,0.6968215158924206,0.4607987718629407,218,0.6834862385321101,True,0.4491770818305368
ALLIANZ BEST STYLES GLOBAL EQUITY WT ACC USD,XLK_up,1,single_scan,0.4387468714685944,136,0.7132352941176471,0.4387468714685944,136,0.7132352941176471,True,0.4387468714685944
LINDSELL TRAIN LTD GLOBAL EQUITY C USD,XLU_big_up,1,single_scan,0.4346959773200137,205,0.7024390243902439,0.2631171711459146,56,0.625,True,0.4346959773200137
ABRDN SICAV I - GLOBAL DYNAMIC DIVIDEND FUND X INC USD USD,SPY_up,1,single_scan,0.4335904535927569,460,0.8065217391304348,0.4659267405114432,212,0.8254716981132075,True,0.4335904535927569
BLACKROCK GLOBAL FUNDS SICAV - ASIAN DRAGON FUND D2 ACC USD,EEM_up,1,single_scan,0.4304234714816338,413,0.6537530266343826,0.5067629200897883,206,0.6456310679611651,True,0.4304234714816338
BLACKROCK (LUX) SA GLOBAL MULTI-ASSET INCOME A2 USD ACC USD,QQQ_big_up,1,single_scan,0.4248389084680357,122,0.7295081967213115,0.51452656205602,77,0.7142857142857143,True,0.4248389084680357
SCHRODER INTL SEL GLOBAL GOLD A USD ACC USD,SPY_big_up,1,single_scan,0.4239709094269997,161,0.6149068322981367,0.5660647300367525,37,0.6756756756756757,True,0.4239709094269997
JPMORGAN GLOBAL GROWTH FUND A USD ACC USD,IWM_up,1,single_scan,0.422076363912665,421,0.7007125890736342,0.3815282046475348,213,0.704225352112676,True,0.422076363912665
ALLIANZ GLOBAL ARTIFICIAL INTELLIGENCE RT USD ACC USD,IWM_up,2,single_scan,0.4186496516152813,367,0.6893732970027248,0.4147769111383205,197,0.6852791878172588,True,0.4186496516152813
LINDSELL TRAIN LTD GLOBAL EQUITY C USD,SPY_up,1,single_scan,0.4173165983997008,916,0.7237991266375546,0.2987207188577632,212,0.6509433962264151,True,0.4173165983997008
LINDSELL TRAIN LTD GLOBAL EQUITY C USD,XLV_big_up,2,single_scan,0.4164610634973559,139,0.7913669064748201,0.32357533565957,65,0.7692307692307693,True,0.4164610634973559
ABRDN SICAV I - GLOBAL DYNAMIC DIVIDEND FUND X INC USD USD,HYG_up,1,single_scan,0.4149815958509392,439,0.7608200455580866,0.4731137782757951,206,0.7815533980582524,True,0.4149815958509392
BLACKROCK GLOBAL FUNDS SICAV - ASIAN DRAGON FUND D2 ACC USD,GDX_big_up,1,single_scan,0.4138072785364904,243,0.6666666666666666,0.5219946349277759,152,0.6842105263157895,True,0.4138072785364904
ABRDN SICAV I - GLOBAL DYNAMIC DIVIDEND FUND X INC USD USD,JNK_up,1,single_scan,0.4131413888932085,450,0.7644444444444445,0.4726743532061653,209,0.784688995215311,True,0.4131413888932085
JPMORGAN GLOBAL GROWTH FUND A USD ACC USD,XLK_up,1,single_scan,0.4123881324158963,456,0.6885964912280702,0.3429079971429241,234,0.6538461538461539,True,0.4123881324158963
JPMORGAN GLOBAL GROWTH FUND A USD ACC USD,HYG_up,1,single_scan,0.4110230604067449,414,0.717391304347826,0.3501304384448792,209,0.6889952153110048,True,0.4110230604067449
LINDSELL TRAIN LTD GLOBAL EQUITY C USD,XLF_big_up,2,single_scan,0.4081486593836493,232,0.7931034482758621,0.5622440054668073,54,0.9074074074074074,True,0.4081486593836493
SCHRODER INTL SEL GLOBAL GOLD A USD ACC USD,EEM_big_up,2,single_scan,0.4080108914460538,206,0.7233009708737864,0.5506533600988393,66,0.8787878787878788,True,0.4080108914460538
ALLIANZ GLOBAL ARTIFICIAL INTELLIGENCE RT USD ACC USD,EEM_up,2,single_scan,0.4054018198195491,358,0.6787709497206704,0.4398291086292774,204,0.6764705882352942,True,0.4054018198195491
JPMORGAN GLOBAL GROWTH FUND A USD ACC USD,JNK_up,1,single_scan,0.4044813423374552,428,0.719626168224299,0.3359053250743056,213,0.6901408450704225,True,0.4044813423374552
ALLIANZ GLOBAL SUSTAINABILITY AM H2 INC USD,SPY_up,1,single_scan,0.4044479277438782,453,0.7439293598233996,0.4080138911875515,209,0.7081339712918661,True,0.4044479277438782
SCHRODER INTL SEL GLOBAL GOLD A USD ACC USD,XLK_big_up,2,single_scan,0.4005058374488898,318,0.7421383647798742,0.4969381845220533,90,0.8444444444444444,True,0.4005058374488898
LINDSELL TRAIN LTD GLOBAL EQUITY C USD,JNK_up,1,single_scan,0.3992201658907202,876,0.7111872146118722,0.3443572413585246,205,0.6682926829268293,True,0.3992201658907202
LINDSELL TRAIN LTD GLOBAL EQUITY C USD,HYG_up,1,single_scan,0.3981870140338007,861,0.7061556329849012,0.325309203452403,200,0.645,True,0.3981870140338007
LINDSELL TRAIN LTD GLOBAL EQUITY C USD,IWM_up,1,single_scan,0.3953771389542644,869,0.7100115074798619,0.2773119725425329,208,0.6346153846153846,True,0.3953771389542644
ALLIANZ GLOBAL CYBER SECURITY AT ACC USD,IWM_up,2,single_scan,0.3940716223917534,369,0.6720867208672087,0.3618062391771372,195,0.6564102564102564,True,0.3940716223917534
BLACKROCK GLOBAL FUNDS SICAV - ASIAN DRAGON FUND D2 ACC USD,IWM_up,1,single_scan,0.3928069286161925,414,0.6473429951690821,0.4865202456760745,203,0.6748768472906403,True,0.3928069286161925
ALLIANZ GLOBAL ARTIFICIAL INTELLIGENCE RT USD ACC USD,SLV_up,1,single_scan,0.3918080749853972,415,0.6240963855421687,0.4253997317964703,218,0.6284403669724771,True,0.3918080749853972
ALLIANZ GLOBAL ARTIFICIAL INTELLIGENCE RT USD ACC USD,LQD_up,1,single_scan,0.3908947918335182,416,0.6225961538461539,0.3814730559814269,199,0.6030150753768844,True,0.3908947918335182
ALLIANZ GLOBAL ARTIFICIAL INTELLIGENCE RT USD ACC USD,XLE_big_up,1,single_scan,0.3857236554111614,140,0.5857142857142857,0.4349920877472762,93,0.6344086021505376,True,0.3857236554111614
ABRDN SICAV I - GLOBAL DYNAMIC DIVIDEND FUND X INC USD USD,EEM_up,1,single_scan,0.3851459491024366,440,0.7681818181818182,0.4124268895675245,211,0.7725118483412322,True,0.3851459491024366
ABRDN SICAV I - GLOBAL DYNAMIC DIVIDEND FUND X INC USD USD,XLF_up,1,single_scan,0.3849418255411618,438,0.7579908675799086,0.3861072848930012,203,0.7586206896551724,True,0.3849418255411618
LINDSELL TRAIN LTD GLOBAL EQUITY C USD,XLV_up,1,single_scan,0.3830699615704438,856,0.6915887850467289,0.3158372877569413,193,0.616580310880829,True,0.3830699615704438
BLACKROCK GLOBAL FUNDS SICAV - ASIAN DRAGON FUND D2 ACC USD,QQQ_up,1,single_scan,0.3823816660639263,433,0.628175519630485,0.4937709808082654,212,0.6650943396226415,True,0.3823816660639263
BLACKROCK GLOBAL FUNDS SICAV - ASIAN DRAGON FUND D2 ACC USD,SPY_up,1,single_scan,0.3811603248627565,422,0.6350710900473934,0.4810526445370605,207,0.6714975845410628,True,0.3811603248627565
SCHRODER INTL SEL GLOBAL GOLD A USD ACC USD,SPY_big_up,3,single_scan,0.3769135815937631,140,0.7571428571428571,0.5173377717294962,35,0.8,True,0.3769135815937631
ALLIANZ GLOBAL SUSTAINABILITY AM H2 INC USD,IWM_up,1,single_scan,0.3760551093547653,441,0.7165532879818595,0.3772097733168341,205,0.7219512195121951,True,0.3760551093547653
LINDSELL TRAIN LTD GLOBAL EQUITY C USD,QQQ_big_up,2,single_scan,0.3756383521300558,280,0.7857142857142857,0.2750188126000729,71,0.7464788732394366,True,0.3756383521300558
JANUS HENDERSON HORIZON GLOBAL PROPERTY EQUITIES FUND A2 USD USD,XLK_big_up,1,single_scan,0.3748688427783115,175,0.6342857142857142,0.2584703615214541,106,0.6132075471698113,True,0.3748688427783115
ABRDN SICAV I - GLOBAL DYNAMIC DIVIDEND FUND X INC USD USD,IWM_big_up,2,single_scan,0.3728706449847333,127,0.8267716535433071,0.4252221713314291,79,0.8607594936708861,True,0.3728706449847333
SCHRODER INTL SEL GLOBAL GOLD A USD ACC USD,EEM_big_up,1,single_scan,0.3688479011513419,216,0.6481481481481481,0.5298673052820603,66,0.7272727272727273,True,0.3688479011513419
ABRDN SICAV I - GLOBAL DYNAMIC DIVIDEND FUND X INC USD USD,QQQ_up,1,single_scan,0.3683901414734964,466,0.7489270386266095,0.409606913189431,216,0.7731481481481481,True,0.3683901414734964
POLAR CAPITAL GLOBAL TECH FD USD,SPY_big_up,1,single_scan,0.3676041504818103,165,0.6242424242424243,0.9527511095083524,40,0.7,True,0.3676041504818103
ALLIANZ GLOBAL SUSTAINABILITY AM H2 INC USD,QQQ_up,1,single_scan,0.3671917748459692,464,0.7198275862068966,0.3798627663923363,213,0.6854460093896714,True,0.3671917748459692
JPMORGAN GLOBAL GROWTH FUND A USD ACC USD,EEM_up,1,single_scan,0.3667885643265751,416,0.6802884615384616,0.3060586411981256,216,0.6388888888888888,True,0.3667885643265751
SCHRODER ISF GLOBAL CITIES A ACC USD,IWM_up,1,single_scan,0.3667500421602185,455,0.6351648351648351,0.3025534713054117,213,0.6244131455399061,True,0.3667500421602185
ALLIANZ GLOBAL CYBER SECURITY AT ACC USD,XLE_big_up,1,single_scan,0.3658891413597808,142,0.5845070422535211,0.4787409849793639,93,0.6129032258064516,True,0.3658891413597808
LINDSELL TRAIN LTD GLOBAL EQUITY C USD,XLF_up,1,single_scan,0.362765366401149,871,0.6739380022962113,0.3705329145730574,205,0.6390243902439025,True,0.362765366401149
BLACKROCK GLOBAL FUNDS SICAV - ASIAN DRAGON FUND D2 ACC USD,XLK_up,1,single_scan,0.3623496630398466,451,0.6297117516629712,0.4687227467585864,224,0.6517857142857143,True,0.3623496630398466
ABRDN SICAV I - GLOBAL DYNAMIC DIVIDEND FUND X INC USD USD,XLV_up,1,single_scan,0.3611631824637439,426,0.7300469483568075,0.3375529759441484,193,0.6839378238341969,True,0.3611631824637439
ALLIANZ GLOBAL ARTIFICIAL INTELLIGENCE RT USD ACC USD,HYG_up,2,single_scan,0.3610505143400144,365,0.6684931506849315,0.3861549445558924,196,0.6836734693877551,True,0.3610505143400144
SCHRODER ISF GLOBAL CITIES A ACC USD,XLV_up,1,single_scan,0.3584980587099308,438,0.6598173515981736,0.3517021596929943,199,0.6683417085427136,True,0.3584980587099308
ALLIANZ GLOBAL CYBER SECURITY AT ACC USD,XLK_up,3,single_scan,0.3582358718622754,367,0.6566757493188011,0.3428178758201246,209,0.6650717703349283,True,0.3582358718622754
ALLIANZ GLOBAL ARTIFICIAL INTELLIGENCE RT USD ACC USD,UUP_down,1,single_scan,0.3579244546156394,344,0.6308139534883721,0.2315918343885482,180,0.6,True,0.3579244546156394
SCHRODER ISF GLOBAL CITIES A ACC USD,XLU_up,1,single_scan,0.3578476267321117,457,0.6564551422319475,0.3282754536829928,214,0.6635514018691588,True,0.3578476267321117
ALLIANZ GLOBAL ARTIFICIAL INTELLIGENCE RT USD ACC USD,XLV_up,1,single_scan,0.3569403615410901,398,0.6130653266331658,0.2469211570329481,192,0.578125,True,0.3569403615410901
BLACKROCK GLOBAL DYNAMIC HIGH INCOME FUND D6 USD,IWM_big_up,1,single_scan,0.3567245784150345,140,0.7571428571428571,0.3985735059252814,83,0.7590361445783133,True,0.3567245784150345
ALLIANZ GLOBAL CYBER SECURITY AT ACC USD,JNK_up,2,single_scan,0.3557944444601683,381,0.6666666666666666,0.3520181824780795,198,0.6515151515151515,True,0.3557944444601683
BLACKROCK GLOBAL FUNDS SICAV - ASIAN DRAGON FUND D2 ACC USD,UUP_down,1,single_scan,0.3546924848465602,353,0.6430594900849859,0.4340141301139474,181,0.6519337016574586,True,0.3546924848465602
INVESCO GLOBAL HEALTH CARE INNOVATION FUND C AD USD,IWM_up,1,single_scan,0.3544950860084699,452,0.6902654867256637,0.3388133276948029,207,0.642512077294686,True,0.3544950860084699
ALLIANZ GLOBAL SUSTAINABILITY AM H2 INC USD,XLK_up,1,single_scan,0.3533519938102679,480,0.7166666666666667,0.3352132977713631,225,0.6666666666666666,True,0.3533519938102679
BLACKROCK GLOBAL DYNAMIC HIGH INCOME FUND D6 USD,QQQ_big_up,1,single_scan,0.3533113820758594,126,0.7777777777777778,0.3770420426406005,77,0.7662337662337663,True,0.3533113820758594
SCHRODER INTL SEL GLOBAL GOLD A USD ACC USD,QQQ_big_up,1,single_scan,0.3524201135085434,278,0.6151079136690647,0.4533708520071542,66,0.6666666666666666,True,0.3524201135085434
INVESCO GLOBAL HEALTH CARE INNOVATION A USD USD,IWM_up,1,single_scan,0.3518474487041654,452,0.6902654867256637,0.3361751436040567,207,0.642512077294686,True,0.3518474487041654
BLACKROCK GLOBAL FUNDS SICAV - ASIAN DRAGON FUND D2 ACC USD,HYG_up,1,single_scan,0.3510124135000415,419,0.6276849642004774,0.4737919550186016,202,0.6633663366336634,True,0.3510124135000415
ALLIANZ GLOBAL CYBER SECURITY AT ACC USD,SPY_up,3,single_scan,0.3505251952226866,355,0.6676056338028169,0.3458050282191095,196,0.6785714285714286,True,0.3505251952226866
ALLIANZ GLOBAL CYBER SECURITY AT ACC USD,QQQ_up,3,single_scan,0.3503176847559226,359,0.6518105849582173,0.3615538759149623,199,0.6683417085427136,True,0.3503176847559226
ALLIANZ GLOBAL SUSTAINABILITY AM H2 INC USD,HYG_up,1,single_scan,0.3495498742663333,435,0.6896551724137931,0.3640628105398145,203,0.6847290640394089,True,0.3495498742663333
GUINNESS GLOBAL ENERGY Y INC USD,XLE_big_up,1,single_scan,0.3484072424611518,386,0.6062176165803109,0.3264452083322703,94,0.6276595744680851,True,0.3484072424611518
IFSL ARBION GLOBAL OPPORTUNITIES USD ACC USD,SPY_up,1,single_scan,0.3479116685046879,585,0.8102564102564103,0.4248561410131348,216,0.7962962962962963,True,0.3479116685046879
ALLIANZ GLOBAL ARTIFICIAL INTELLIGENCE RT USD ACC USD,JNK_up,2,single_scan,0.3476529670578327,374,0.660427807486631,0.349595901157698,199,0.6683417085427136,True,0.3476529670578327
BLACKROCK GLOBAL FUNDS SICAV - ASIAN DRAGON FUND D2 ACC USD,JNK_up,1,single_scan,0.3475892731828588,426,0.6291079812206573,0.4439470850564524,205,0.6536585365853659,True,0.3475892731828588
BLACKROCK GLOBAL FUNDS SICAV - ASIAN DRAGON FUND D2 ACC USD,XLK_big_up,2,single_scan,0.3462330906141551,129,0.6666666666666666,0.4247312857182283,100,0.71,True,0.3462330906141551
POLAR CAPITAL GLOBAL TECH FD USD,XLK_big_up,1,single_scan,0.3461947989361671,356,0.6151685393258427,0.5978387942622106,98,0.6326530612244898,True,0.3461947989361671
ALLIANZ GLOBAL SUSTAINABILITY AM H2 INC USD,JNK_up,1,single_scan,0.3452893076170221,446,0.6883408071748879,0.3599257247617508,206,0.6747572815533981,True,0.3452893076170221
ALLIANZ GLOBAL CYBER SECURITY AT ACC USD,GDX_up,1,single_scan,0.3448501707970914,423,0.6028368794326241,0.3094132632560134,213,0.5727699530516432,True,0.3448501707970914
MOMENTUM GLOBAL GROWTH FUND CLASS A USD,QQQ_big_up,1,single_scan,0.3439636921721534,127,0.7086614173228346,0.4210353742318119,73,0.7671232876712328,True,0.3439636921721534
ALLIANZ GLOBAL CYBER SECURITY AT ACC USD,LQD_up,1,single_scan,0.3437772989750179,416,0.6153846153846154,0.3616105508727727,199,0.592964824120603,True,0.3437772989750179
ABRDN SICAV I - GLOBAL DYNAMIC DIVIDEND FUND X INC USD USD,XLK_up,1,single_scan,0.3429309662391674,483,0.7267080745341615,0.3820075465578509,228,0.7456140350877193,True,0.3429309662391674
SCHRODER ISF GLOBAL CITIES A ACC USD,XLF_up,1,single_scan,0.3418913704568217,449,0.6369710467706013,0.3363539091549882,210,0.6428571428571429,True,0.3418913704568217
ALLIANZ GLOBAL CYBER SECURITY AT ACC USD,HYG_up,2,single_scan,0.3414361929735451,372,0.6639784946236559,0.3525670467016751,196,0.6479591836734694,True,0.3414361929735451
POLAR CAPITAL GLOBAL TECH FD USD,QQQ_big_up,1,single_scan,0.3407756930856853,293,0.6006825938566553,0.7279064934658002,72,0.625,True,0.3407756930856853
INVESCO GLOBAL HEALTH CARE INNOVATION FUND C AD USD,XLF_up,1,single_scan,0.3390750804142823,441,0.6666666666666666,0.399751564378654,202,0.6732673267326733,True,0.3390750804142823
ALLIANZ GLOBAL CYBER SECURITY AT ACC USD,EEM_up,2,single_scan,0.3382069362164066,363,0.6639118457300276,0.3297227040760617,202,0.6336633663366337,True,0.3382069362164066
BLACKROCK GLOBAL FUNDS SICAV - ASIAN DRAGON FUND D2 ACC USD,GDX_up,1,single_scan,0.3380899081165986,418,0.638755980861244,0.4116825405975614,211,0.6492890995260664,True,0.3380899081165986
INVESCO GLOBAL HEALTH CARE INNOVATION FUND C AD USD,XLK_big_up,1,single_scan,0.3377283856156642,179,0.6536312849162011,0.2190793812249712,106,0.5754716981132075,True,0.3377283856156642
LINDSELL TRAIN LTD GLOBAL EQUITY C USD,IWM_big_up,2,single_scan,0.3372539875855904,322,0.7422360248447205,0.3446740940538191,79,0.7974683544303798,True,0.3372539875855904
BLACKROCK (LUX) SA GLOBAL MULTI-ASSET INCOME A2 USD ACC USD,XLK_big_up,1,single_scan,0.3370800725382272,165,0.6666666666666666,0.4123336737287072,106,0.660377358490566,True,0.3370800725382272
SCHRODER ISF GLOBAL CITIES A ACC USD,JNK_up,1,single_scan,0.335575181348676,462,0.6320346320346321,0.3067260878114916,213,0.6291079812206573,True,0.335575181348676
INVESCO GLOBAL HEALTH CARE INNOVATION A USD USD,XLF_up,1,single_scan,0.335319815147664,441,0.6643990929705216,0.3974101133778088,202,0.6732673267326733,True,0.335319815147664
SCHRODER INTL SEL GLOBAL GOLD A USD ACC USD,IWM_big_up,2,single_scan,0.335154491155429,295,0.6711864406779661,0.4932020630416753,70,0.8571428571428571,True,0.335154491155429
INVESCO GLOBAL HEALTH CARE INNOVATION A USD USD,XLK_big_up,1,single_scan,0.3345312532200319,180,0.6555555555555556,0.2162360477389053,106,0.5754716981132075,True,0.3345312532200319
BLACKROCK (LUX) SA GLOBAL MULTI-ASSET INCOME A2 USD ACC USD,IWM_big_up,1,single_scan,0.3329302340788693,136,0.6911764705882353,0.4337907830853885,82,0.7073170731707317,True,0.3329302340788693
ALLIANZ GLOBAL ARTIFICIAL INTELLIGENCE RT USD ACC USD,TIP_up,1,single_scan,0.3300604969621923,405,0.6197530864197531,0.3235835845206029,206,0.5970873786407767,True,0.3300604969621923
IFSL ARBION GLOBAL OPPORTUNITIES USD ACC USD,QQQ_big_up,2,single_scan,0.330030402849082,166,0.8614457831325302,0.4064950698215674,75,0.8533333333333334,True,0.330030402849082
PICTET-GLOBAL ENVIRONMENTAL OPPORTUNITIES HP ACC USD,IWM_up,1,single_scan,0.3292780400290064,428,0.6308411214953271,0.3373736842233416,207,0.6135265700483091,True,0.3292780400290064
IFSL ARBION GLOBAL OPPORTUNITIES USD ACC USD,IWM_big_up,2,single_scan,0.3282785306706712,189,0.8518518518518519,0.433056877827836,83,0.9036144578313252,True,0.3282785306706712
BLUEBOX GLOBAL TECHNOLOGY FUND A ACC USD,XLK_big_up,1,single_scan,0.3280324729871939,169,0.5739644970414202,0.314718961323105,104,0.5576923076923077,True,0.3280324729871939
JANUS HENDERSON HORIZON GLOBAL PROPERTY EQUITIES FUND A2 USD USD,IWM_up,1,single_scan,0.3271371491112798,447,0.6308724832214765,0.2947682015767434,208,0.6538461538461539,True,0.3271371491112798
ALLIANZ GLOBAL CYBER SECURITY AT ACC USD,SLV_up,1,single_scan,0.3271328146292473,422,0.6113744075829384,0.3165622012082176,218,0.5963302752293578,True,0.3271328146292473
ALLIANZ GLOBAL SUSTAINABILITY AM H2 INC USD,XLF_up,1,single_scan,0.3267526667612859,435,0.6873563218390805,0.3413989126667122,201,0.6965174129353234,True,0.3267526667612859
SCHRODER ISF GLOBAL CITIES A ACC USD,HYG_up,1,single_scan,0.3267377887035954,451,0.6319290465631929,0.2974646353694642,209,0.6267942583732058,True,0.3267377887035954
BLUEBOX GLOBAL TECHNOLOGY FUND CLASS C ACC USD,XLK_big_up,1,single_scan,0.3250456144556385,169,0.5739644970414202,0.3117218751072708,104,0.5576923076923077,True,0.3250456144556385
SCHRODER INTL SEL GLOBAL GOLD A USD ACC USD,XLK_big_up,1,single_scan,0.3249382464818128,333,0.6216216216216216,0.4330542521315912,91,0.6703296703296703,True,0.3249382464818128
SCHRODER INTL SEL GLOBAL GOLD A USD ACC USD,XLF_big_up,2,single_scan,0.3240128253104809,208,0.6009615384615384,0.4831289602447527,47,0.8085106382978723,True,0.3240128253104809
ABRDN SICAV I - GLOBAL DYNAMIC DIVIDEND FUND X INC USD USD,GDX_big_up,1,single_scan,0.3233176233268058,257,0.708171206225681,0.31762036865051,155,0.6903225806451613,True,0.3233176233268058
PICTET-GLOBAL ENVIRONMENTAL OPPORTUNITIES HP ACC USD,SPY_up,1,single_scan,0.3215048593500523,443,0.6388261851015802,0.3108931757749466,212,0.6179245283018868,True,0.3215048593500523
INVESCO GLOBAL HEALTH CARE INNOVATION FUND C AD USD,IWM_big_up,2,single_scan,0.3213071575635545,134,0.7164179104477612,0.3716051222151097,78,0.7564102564102564,True,0.3213071575635545
IFSL ARBION GLOBAL OPPORTUNITIES USD ACC USD,IWM_up,1,single_scan,0.3208875671559998,551,0.7749546279491834,0.3900814950479579,210,0.7714285714285715,True,0.3208875671559998
ALLIANZ GLOBAL SUSTAINABILITY AM H2 INC USD,XLV_up,1,single_scan,0.319980812153847,421,0.684085510688836,0.2755755371616863,191,0.643979057591623,True,0.319980812153847
INVESCO GLOBAL HEALTH CARE INNOVATION FUND C AD USD,XLV_up,2,single_scan,0.3188274689655765,394,0.748730964467005,0.3665587729504774,183,0.7704918032786885,True,0.3188274689655765
ALLIANZ GLOBAL CYBER SECURITY AT ACC USD,SLV_big_up,1,single_scan,0.3183667772888695,208,0.5769230769230769,0.2563542465118893,147,0.5578231292517006,True,0.3183667772888695
ALLIANZ GLOBAL ARTIFICIAL INTELLIGENCE RT USD ACC USD,XLK_up,3,single_scan,0.3183050575586292,361,0.6731301939058172,0.335411332617835,210,0.680952380952381,True,0.3183050575586292
ALLIANZ GLOBAL ARTIFICIAL INTELLIGENCE RT USD ACC USD,QQQ_up,3,single_scan,0.317469555992845,353,0.6742209631728046,0.3426950231969854,200,0.69,True,0.317469555992845
INVESCO GLOBAL HEALTH CARE INNOVATION A USD USD,XLV_up,2,single_scan,0.3171789434865104,393,0.7506361323155216,0.3641205123291651,183,0.7704918032786885,True,0.3171789434865104
INVESCO GLOBAL HEALTH CARE INNOVATION A USD USD,IWM_big_up,2,single_scan,0.3168964517435408,135,0.7185185185185186,0.3692379859074109,78,0.7564102564102564,True,0.3168964517435408
JANUS HENDERSON HORIZON GLOBAL PROPERTY EQUITIES FUND A2 USD USD,JNK_up,1,single_scan,0.3161592907447603,452,0.6371681415929203,0.2990683669190253,209,0.6698564593301436,True,0.3161592907447603
BLACKROCK GLOBAL FUNDS SICAV - ASIAN DRAGON FUND D2 ACC USD,SLV_big_up,1,single_scan,0.3158788868297153,207,0.6280193236714976,0.3454143275119692,145,0.6,True,0.3158788868297153
BLACKROCK GLOBAL DYNAMIC HIGH INCOME FUND D6 USD,XLK_big_up,1,single_scan,0.3154713169085519,168,0.7440476190476191,0.3127523450385506,106,0.7169811320754716,True,0.3154713169085519
IFSL ARBION GLOBAL OPPORTUNITIES USD ACC USD,QQQ_up,1,single_scan,0.3152279418155843,583,0.7753001715265866,0.3895699820637466,218,0.7660550458715596,True,0.3152279418155843
JANUS HENDERSON GLOBAL TECHNOLOGY AND INNOVATION FUND H2 USD ACC USD,GLD_big_down,2,single_scan,0.3151366608172211,137,0.6131386861313869,0.3742349402693145,70,0.6142857142857143,True,0.3151366608172211
ALLIANZ GLOBAL CYBER SECURITY AT ACC USD,UUP_down,1,single_scan,0.3147670959321136,346,0.6098265895953757,0.242822570825893,180,0.5611111111111111,True,0.3147670959321136
GUINNESS GLOBAL QUALITY MID CAP C ACC USD,XLF_big_up,1,single_scan,0.3134715577613107,130,0.6461538461538462,0.2483176666066343,55,0.6363636363636364,True,0.3134715577613107
ALLIANZ GLOBAL CYBER SECURITY AT ACC USD,TIP_up,1,single_scan,0.3131662467012736,405,0.6123456790123457,0.3619977796106225,206,0.5922330097087378,True,0.3131662467012736
ABRDN SICAV I - GLOBAL DYNAMIC DIVIDEND FUND X INC USD USD,XLK_big_up,2,single_scan,0.3128109214486659,154,0.7727272727272727,0.3455799330965546,102,0.7843137254901961,True,0.3128109214486659
ALLIANZ GLOBAL SUSTAINABILITY AM H2 INC USD,IWM_big_up,2,single_scan,0.3125588353725795,122,0.8032786885245902,0.3866427169441221,77,0.8441558441558441,True,0.3125588353725795
JANUS HENDERSON HORIZON GLOBAL PROPERTY EQUITIES FUND A2 USD USD,HYG_up,1,single_scan,0.3125012139680194,441,0.6281179138321995,0.2896149634035189,206,0.6504854368932039,True,0.3125012139680194
INVESCO GLOBAL HEALTH CARE INNOVATION FUND C AD USD,SPY_up,1,single_scan,0.3096071148908716,464,0.6681034482758621,0.2727963100313572,211,0.6208530805687204,True,0.3096071148908716
LINDSELL TRAIN LTD GLOBAL EQUITY C USD,EEM_big_up,2,single_scan,0.3080590158365509,213,0.7511737089201878,0.2372288066588079,68,0.75,True,0.3080590158365509
INVESCO GLOBAL HEALTH CARE INNOVATION A USD USD,SPY_up,1,single_scan,0.3077160723804399,463,0.6673866090712743,0.2701249837480676,211,0.6208530805687204,True,0.3077160723804399
JPMORGAN GLOBAL GROWTH FUND A USD ACC USD,GDX_big_up,1,single_scan,0.3075667428016281,242,0.6487603305785123,0.266346784235987,158,0.6075949367088608,True,0.3075667428016281
POLAR CAPITAL GLOBAL TECH FD USD,IWM_big_up,1,single_scan,0.3072526693875316,337,0.6231454005934718,0.696208637525222,82,0.7195121951219512,True,0.3072526693875316
SCHRODER ISF GLOBAL CITIES A ACC USD,LQD_up,1,single_scan,0.3065426663448514,435,0.6137931034482759,0.2700691803946008,204,0.6078431372549019,True,0.3065426663448514
IFSL ARBION GLOBAL OPPORTUNITIES USD ACC USD,XLF_up,1,single_scan,0.3054508988713721,559,0.7531305903398927,0.3722179969523863,209,0.7511961722488039,True,0.3054508988713721
ALLIANZ GLOBAL ARTIFICIAL INTELLIGENCE RT USD ACC USD,SPY_up,3,single_scan,0.3049629042434837,348,0.6839080459770115,0.2925687106710376,197,0.6903553299492385,True,0.3049629042434837
LINDSELL TRAIN LTD GLOBAL EQUITY C USD,SPY_big_up,3,single_scan,0.3037534666224492,142,0.7253521126760564,0.238607414690198,39,0.6923076923076923,True,0.3037534666224492
PICTET-GLOBAL ENVIRONMENTAL OPPORTUNITIES HP ACC USD,QQQ_up,1,single_scan,0.3036273531511588,448,0.6316964285714286,0.3053348998110066,216,0.6064814814814815,True,0.3036273531511588
IFSL ARBION GLOBAL OPPORTUNITIES USD ACC USD,JNK_up,1,single_scan,0.3035952538034299,561,0.7344028520499108,0.385599540012633,211,0.7488151658767772,True,0.3035952538034299
MOMENTUM GLOBAL GROWTH FUND CLASS A USD,IWM_big_up,1,single_scan,0.3025743080175735,143,0.6993006993006993,0.4094161822972079,79,0.810126582278481,True,0.3025743080175735
IFSL ARBION GLOBAL OPPORTUNITIES USD ACC USD,HYG_up,1,single_scan,0.3023322500855827,548,0.7390510948905109,0.3808974199488514,207,0.748792270531401,True,0.3023322500855827
INVESCO GLOBAL HEALTH CARE INNOVATION FUND C AD USD,HYG_up,1,single_scan,0.3022539673527225,444,0.6463963963963963,0.3044722990187279,205,0.6341463414634146,True,0.3022539673527225
SCHRODER INTL SEL GLOBAL GOLD A USD ACC USD,QQQ_big_up,3,single_scan,0.2990815237340453,250,0.72,0.396334754931155,61,0.7540983606557377,True,0.2990815237340453
JPMORGAN GLOBAL GROWTH FUND A USD ACC USD,XLV_up,1,single_scan,0.2985971091474335,400,0.655,0.2150361979561325,199,0.6080402010050251,True,0.2985971091474335
INVESCO GLOBAL HEALTH CARE INNOVATION A USD USD,HYG_up,1,single_scan,0.2979212290851232,445,0.6449438202247191,0.3017999143229704,205,0.6341463414634146,True,0.2979212290851232
JPMORGAN GLOBAL GROWTH FUND A USD ACC USD,XLF_up,1,single_scan,0.2967918794230053,419,0.6610978520286396,0.273481013974709,210,0.638095238095238,True,0.2967918794230053
LINDSELL TRAIN LTD GLOBAL EQUITY C USD,UUP_down,1,single_scan,0.295186786700124,718,0.658774373259053,0.2040323937441388,177,0.6101694915254238,True,0.295186786700124
INVESCO GLOBAL HEALTH CARE INNOVATION FUND C AD USD,JNK_up,1,single_scan,0.2946378048988171,455,0.6417582417582418,0.2995283385304693,208,0.6346153846153846,True,0.2946378048988171
ABRDN SICAV I - GLOBAL DYNAMIC DIVIDEND FUND X INC USD USD,SLV_big_up,1,single_scan,0.2931059123729307,222,0.6756756756756757,0.2784713939439407,149,0.6510067114093959,True,0.2931059123729307
INVESCO GLOBAL HEALTH CARE INNOVATION A USD USD,JNK_up,1,single_scan,0.2920999466961919,455,0.6417582417582418,0.2969110798449635,208,0.6346153846153846,True,0.2920999466961919
BLACKROCK GLOBAL FUNDS SICAV - ASIAN DRAGON FUND D2 ACC USD,FXY_up,1,single_scan,0.2907302382795201,318,0.6226415094339622,0.4203663282140991,166,0.6506024096385542,True,0.2907302382795201
IFSL ARBION GLOBAL OPPORTUNITIES USD ACC USD,XLK_up,1,single_scan,0.2878764814136708,596,0.7550335570469798,0.3379703113191994,232,0.7456896551724138,True,0.2878764814136708
JANUS HENDERSON HORIZON GLOBAL PROPERTY EQUITIES FUND A2 USD USD,SPY_up,1,single_scan,0.2873651083712976,458,0.6222707423580786,0.2263705564806079,212,0.6415094339622641,True,0.2873651083712976
ABRDN SICAV I - GLOBAL DYNAMIC DIVIDEND FUND X INC USD USD,GDX_up,1,single_scan,0.2873132005934443,442,0.6877828054298643,0.2706606116803249,216,0.6759259259259259,True,0.2873132005934443
ALLIANZ GLOBAL ARTIFICIAL INTELLIGENCE RT USD ACC USD,GLD_up,1,single_scan,0.2870281308494241,442,0.5995475113122172,0.2449798819514707,224,0.5758928571428571,True,0.2870281308494241
ABRDN SICAV I - GLOBAL DYNAMIC DIVIDEND FUND X INC USD USD,XLE_big_up,1,single_scan,0.2866064169278893,151,0.6225165562913907,0.3198493122464695,93,0.6559139784946236,True,0.2866064169278893
IFSL ARBION GLOBAL OPPORTUNITIES USD ACC USD,EEM_up,1,single_scan,0.2860822103504073,546,0.7271062271062271,0.3440880573700452,214,0.7242990654205608,True,0.2860822103504073
PICTET-GLOBAL ENVIRONMENTAL OPPORTUNITIES HP ACC USD,XLK_up,1,single_scan,0.2855031873442289,466,0.6223175965665236,0.2806557946703428,227,0.6035242290748899,True,0.2855031873442289
POLAR CAPITAL GLOBAL TECH FD USD,SPY_big_up,2,single_scan,0.2852218582361307,153,0.6078431372549019,0.7408715852999622,39,0.717948717948718,True,0.2852218582361307
ABRDN SICAV I - GLOBAL DYNAMIC DIVIDEND FUND X INC USD USD,XLU_up,1,single_scan,0.2850381980270908,450,0.6955555555555556,0.2676907187181882,210,0.6714285714285714,True,0.2850381980270908
LINDSELL TRAIN LTD GLOBAL EQUITY C USD,XLV_big_up,3,single_scan,0.2843537093969788,128,0.6953125,0.2068100942193179,63,0.6507936507936508,True,0.2843537093969788
ALLIANZ GLOBAL ARTIFICIAL INTELLIGENCE RT USD ACC USD,TLT_up,1,single_scan,0.2826404061567584,381,0.6062992125984252,0.2511432621048073,197,0.5888324873096447,True,0.2826404061567584
JANUS HENDERSON GLOBAL TECHNOLOGY AND INNOVATION FUND H2 USD ACC USD,XLF_big_down,1,single_scan,0.282640072386498,245,0.5877551020408164,0.321487214248816,45,0.5777777777777777,True,0.282640072386498
SCHRODER ISF GLOBAL CITIES A ACC USD,TIP_up,1,single_scan,0.2814002319852145,418,0.6100478468899522,0.2573344674641226,211,0.6161137440758294,True,0.2814002319852145
ALLIANZ GLOBAL SUSTAINABILITY AM H2 INC USD,EEM_up,1,single_scan,0.2810062114579785,436,0.6628440366972477,0.2898031933481324,208,0.6490384615384616,True,0.2810062114579785
ALLIANZ GLOBAL ARTIFICIAL INTELLIGENCE RT USD ACC USD,XLU_up,1,single_scan,0.2807073427360418,428,0.6051401869158879,0.3017812548877798,210,0.6190476190476191,True,0.2807073427360418
PICTET-GLOBAL ENVIRONMENTAL OPPORTUNITIES HP ACC USD,HYG_up,1,single_scan,0.2802834051896286,420,0.6333333333333333,0.2694300857938956,205,0.5951219512195122,True,0.2802834051896286
BLUEBOX GLOBAL TECHNOLOGY FUND A ACC USD,XLE_big_up,1,single_scan,0.2802545749140206,156,0.6282051282051282,0.2508667776615276,92,0.5978260869565217,True,0.2802545749140206
IFSL ARBION GLOBAL OPPORTUNITIES USD ACC USD,XLK_big_up,2,single_scan,0.2785035021825739,203,0.812807881773399,0.3092615413010324,101,0.7722772277227723,True,0.2785035021825739
BLUEBOX GLOBAL TECHNOLOGY FUND CLASS C ACC USD,XLE_big_up,1,single_scan,0.2773876661652839,156,0.6282051282051282,0.2480522210756441,92,0.5978260869565217,True,0.2773876661652839
NOMURA GLOBAL HIGH CONVICTION I USD USD,SPY_big_up,1,single_scan,0.2771698976141826,163,0.8282208588957055,0.2085847455831576,40,0.85,True,0.2771698976141826
JANUS HENDERSON HORIZON GLOBAL PROPERTY EQUITIES FUND A2 USD USD,XLV_up,1,single_scan,0.2765704194359419,426,0.6032863849765259,0.2265103574322046,193,0.5854922279792746,True,0.2765704194359419
JPMORGAN GLOBAL GROWTH FUND A USD ACC USD,XLK_big_up,2,single_scan,0.276170526266485,131,0.6870229007633588,0.312452103463749,105,0.7047619047619048,True,0.276170526266485
SCHRODER ISF GLOBAL CITIES A ACC USD,GDX_big_up,1,single_scan,0.2756312518412451,257,0.603112840466926,0.2398828947739696,158,0.6075949367088608,True,0.2756312518412451
SCHRODER INTL SEL GLOBAL GOLD A USD ACC USD,GDX_gt2,1,single_scan,0.2753050243107919,131,0.6183206106870229,0.3617919869211795,89,0.6179775280898876,True,0.2753050243107919
BLACKROCK GLOBAL FUNDS SICAV - ASIAN DRAGON FUND D2 ACC USD,SLV_up,1,single_scan,0.2749530146241816,412,0.6116504854368932,0.3633451806889496,215,0.6093023255813953,True,0.2749530146241816
SCHRODER ISF GLOBAL CITIES A ACC USD,SPY_up,1,single_scan,0.2730292510772774,474,0.5907172995780591,0.2195204190456731,218,0.573394495412844,True,0.2730292510772774
JANUS HENDERSON HORIZON GLOBAL PROPERTY EQUITIES FUND A2 USD USD,XLU_up,1,single_scan,0.2728998905319677,452,0.6017699115044248,0.2656197936671802,210,0.6285714285714286,True,0.2728998905319677
ALLIANZ GLOBAL SUSTAINABILITY AM H2 INC USD,XLK_big_up,2,single_scan,0.2720997174322975,145,0.7655172413793103,0.2778681046163337,98,0.7551020408163265,True,0.2720997174322975
LINDSELL TRAIN LTD GLOBAL EQUITY C USD,XLF_big_up,3,single_scan,0.2716574419105159,217,0.7511520737327189,0.370856477281977,52,0.8269230769230769,True,0.2716574419105159
IFSL ARBION GLOBAL OPPORTUNITIES USD ACC USD,GDX_gt2,1,single_scan,0.2712555686251535,134,0.6417910447761194,0.2930592885935775,100,0.64,True,0.2712555686251535
ALLIANZ GLOBAL CYBER SECURITY AT ACC USD,IWM_up,3,single_scan,0.2707409748506533,332,0.6445783132530121,0.267216309781925,188,0.6542553191489362,True,0.2707409748506533
SCHRODER INTL SEL GLOBAL GOLD A USD ACC USD,XLK_big_up,3,single_scan,0.2697386990422936,302,0.7218543046357616,0.321253163255547,85,0.7764705882352941,True,0.2697386990422936
JANUS HENDERSON HORIZON GLOBAL PROPERTY EQUITIES FUND A2 USD USD,XLF_up,1,single_scan,0.2684607598097722,436,0.6009174311926605,0.2207484015352846,203,0.625615763546798,True,0.2684607598097722
INVESCO GLOBAL HEALTH CARE INNOVATION FUND C AD USD,XLU_up,1,single_scan,0.2683448236888649,458,0.6419213973799127,0.2781847921269033,210,0.6142857142857143,True,0.2683448236888649
ALLIANZ GLOBAL CYBER SECURITY AT ACC USD,TLT_up,1,single_scan,0.2671806453661014,396,0.5909090909090909,0.2844256622345401,197,0.5786802030456852,True,0.2671806453661014
ALLIANZ GLOBAL ARTIFICIAL INTELLIGENCE RT USD ACC USD,EEM_up,3,single_scan,0.2666036775784619,318,0.6666666666666666,0.2464619813580955,197,0.6395939086294417,True,0.2666036775784619
ABRDN SICAV I - GLOBAL DYNAMIC DIVIDEND FUND X INC USD USD,UUP_down,1,single_scan,0.2665857190213912,364,0.6978021978021978,0.249888567873676,181,0.6740331491712708,True,0.2665857190213912
JANUS HENDERSON GLOBAL TECHNOLOGY AND INNOVATION FUND H2 USD ACC USD,IWM_big_down,1,single_scan,0.2661156933730131,330,0.5545454545454546,0.7328871141106393,68,0.6176470588235294,True,0.2661156933730131
ALLIANZ GLOBAL CYBER SECURITY AT ACC USD,XLF_up,2,single_scan,0.2660965830786804,367,0.6212534059945504,0.2631586118953614,192,0.609375,True,0.2660965830786804
BLACKROCK GLOBAL FUNDS SICAV - ASIAN DRAGON FUND D2 ACC USD,TIP_up,1,single_scan,0.2658755742756231,354,0.6242937853107344,0.3328661627038242,204,0.6225490196078431,True,0.2658755742756231
PICTET-GLOBAL ENVIRONMENTAL OPPORTUNITIES HP ACC USD,JNK_up,1,single_scan,0.2655821773411597,429,0.62004662004662,0.2510932646822409,208,0.5817307692307693,True,0.2655821773411597
MOMENTUM GLOBAL GROWTH FUND CLASS A USD,XLK_big_up,1,single_scan,0.2654925394927232,168,0.6904761904761905,0.3314488391932819,100,0.74,True,0.2654925394927232
JANUS HENDERSON GLOBAL TECHNOLOGY AND INNOVATION FUND H2 USD ACC USD,XLV_big_down,1,single_scan,0.2653925876403499,168,0.5714285714285714,0.6242300881938145,52,0.6538461538461539,True,0.2653925876403499
INVESCO GLOBAL HEALTH CARE INNOVATION A USD USD,XLU_up,1,single_scan,0.2646604343628271,458,0.6419213973799127,0.2755178347991817,210,0.6142857142857143,True,0.2646604343628271
JANUS HENDERSON HORIZON GLOBAL PROPERTY EQUITIES FUND A2 USD USD,EEM_up,1,single_scan,0.2641219126710016,444,0.6171171171171171,0.2317218777211903,211,0.6350710900473934,True,0.2641219126710016
SCHRODER INTL SEL GLOBAL GOLD A USD ACC USD,JNK_up,2,single_scan,0.2628608464742729,752,0.6715425531914894,0.3222905829871919,173,0.7283236994219653,True,0.2628608464742729
ALLIANZ GLOBAL ARTIFICIAL INTELLIGENCE RT USD ACC USD,SLV_big_up,2,single_scan,0.2622194038629981,178,0.6067415730337079,0.2506118675038135,143,0.5874125874125874,True,0.2622194038629981
SCHRODER ISF GLOBAL CITIES A ACC USD,IWM_big_up,2,single_scan,0.2621004947796757,136,0.6838235294117647,0.2812530430131095,85,0.6941176470588235,True,0.2621004947796757
ALLIANZ GLOBAL CYBER SECURITY AT ACC USD,JNK_up,3,single_scan,0.2616478343703475,341,0.624633431085044,0.2782462665654752,191,0.643979057591623,True,0.2616478343703475
ALLIANZ GLOBAL ARTIFICIAL INTELLIGENCE RT USD ACC USD,IWM_up,3,single_scan,0.2609244156776973,327,0.6697247706422018,0.2635342957400748,190,0.6789473684210526,True,0.2609244156776973
JPMORGAN GLOBAL GROWTH FUND A USD ACC USD,GDX_up,1,single_scan,0.2601260565764651,413,0.6416464891041163,0.21418509841834,219,0.6118721461187214,True,0.2601260565764651
LINDSELL TRAIN LTD GLOBAL EQUITY C USD,LQD_up,1,single_scan,0.2600617351407606,864,0.6307870370370371,0.2439727529875411,198,0.5808080808080808,True,0.2600617351407606
SCHRODER INTL SEL GLOBAL GOLD A USD ACC USD,SPY_up,2,single_scan,0.2585822122073185,795,0.6842767295597484,0.3678675821560143,182,0.7802197802197802,True,0.2585822122073185
ALLIANZ BEST STYLES GLOBAL EQUITY WT ACC USD,GDX_up,1,single_scan,0.2581638898197476,120,0.6083333333333333,0.2581638898197476,120,0.6083333333333333,True,0.2581638898197476
ABRDN SICAV I - GLOBAL DYNAMIC DIVIDEND FUND X INC USD USD,LQD_up,1,single_scan,0.2572770247869802,434,0.663594470046083,0.3019994939972181,201,0.6666666666666666,True,0.2572770247869802
SCHRODER INTL SEL GLOBAL GOLD A USD ACC USD,IWM_big_up,1,single_scan,0.2552482715356987,313,0.597444089456869,0.2989543366247747,72,0.6666666666666666,True,0.2552482715356987
POLAR CAPITAL GLOBAL TECH FD USD,GDX_gt2,1,single_scan,0.2550703943708402,234,0.594017094017094,0.338408322728401,98,0.5816326530612245,True,0.2550703943708402
SCHRODER INTL SEL GLOBAL GOLD A USD ACC USD,GDX_gt2,2,single_scan,0.254665217605983,196,0.6683673469387755,0.3015903108090471,84,0.7142857142857143,True,0.254665217605983
ALLIANZ GLOBAL ARTIFICIAL INTELLIGENCE RT USD ACC USD,GDX_big_up,2,single_scan,0.2542544549405272,198,0.6262626262626263,0.3027130517719562,150,0.6533333333333333,True,0.2542544549405272
SCHRODER INTL SEL GLOBAL GOLD A USD ACC USD,JNK_up,1,single_scan,0.2536115626971216,787,0.602287166454892,0.2996378930854905,179,0.6480446927374302,True,0.2536115626971216
FIRST EAGLE AMUNDI INTERNATIONAL AU USD ACC USD,QQQ_big_up,1,single_scan,0.2532588505527364,139,0.6618705035971223,0.2834904664363145,76,0.6710526315789473,True,0.2532588505527364
POLAR CAPITAL GLOBAL TECH FD USD,EEM_big_up,1,single_scan,0.2529875528391948,224,0.6026785714285714,0.4971435389893311,69,0.6086956521739131,True,0.2529875528391948
BLACKROCK GLOBAL FUNDS SICAV - ASIAN DRAGON FUND D2 ACC USD,GDX_big_up,2,single_scan,0.2516615155096304,207,0.6328502415458938,0.3047667505141086,148,0.668918918918919,True,0.2516615155096304
SCHRODER INTL SEL GLOBAL GOLD A USD ACC USD,EEM_up,1,single_scan,0.2492608911567211,787,0.590851334180432,0.397038566867647,185,0.7027027027027027,True,0.2492608911567211
ALLIANZ GLOBAL ARTIFICIAL INTELLIGENCE RT USD ACC USD,HYG_up,3,single_scan,0.2488409102638348,323,0.6439628482972136,0.2691237598626827,190,0.6578947368421053,True,0.2488409102638348
ALLIANZ GLOBAL ARTIFICIAL INTELLIGENCE RT USD ACC USD,JNK_up,3,single_scan,0.2470993397234374,331,0.6404833836858006,0.2613611123743559,193,0.6580310880829016,True,0.2470993397234374
SCHRODER INTL SEL GLOBAL GOLD A USD ACC USD,SPY_up,1,single_scan,0.2470571968150794,826,0.5932203389830508,0.3129900190286808,188,0.6648936170212766,True,0.2470571968150794
PICTET-GLOBAL ENVIRONMENTAL OPPORTUNITIES HP ACC USD,EEM_up,1,single_scan,0.2469583763231098,428,0.5981308411214953,0.2619857987503306,211,0.5687203791469194,True,0.2469583763231098
ALLIANZ GLOBAL CYBER SECURITY AT ACC USD,HYG_up,3,single_scan,0.2466206438824383,333,0.6186186186186187,0.2603994403933593,190,0.631578947368421,True,0.2466206438824383
SCHRODER ISF GLOBAL CITIES A ACC USD,GDX_up,1,single_scan,0.2464812720519425,444,0.5990990990990991,0.2040993696780991,219,0.6027397260273972,True,0.2464812720519425
POLAR CAPITAL GLOBAL TECH FD USD,XLF_big_up,1,single_scan,0.2461944028667318,245,0.6122448979591837,0.440967811522185,55,0.6727272727272727,True,0.2461944028667318
BLACKROCK (LUX) SA GLOBAL MULTI-ASSET INCOME A2 USD ACC USD,EEM_up,1,single_scan,0.2458936183016418,419,0.639618138424821,0.2879286410833658,210,0.6238095238095238,True,0.2458936183016418
IFSL ARBION GLOBAL OPPORTUNITIES USD ACC USD,XLV_up,1,single_scan,0.2457471618157715,518,0.6911196911196911,0.2659725098298726,197,0.6598984771573604,True,0.2457471618157715
BLACKROCK GLOBAL FUNDS SICAV - ASIAN DRAGON FUND D2 ACC USD,QQQ_up,2,single_scan,0.2444964051430859,339,0.6224188790560472,0.2805126382507725,204,0.6421568627450981,True,0.2444964051430859
PGIM JENNISON GLOBAL EQUITY OPPORTUNITIES I ACC USD,QQQ_big_up,1,single_scan,0.2443276860988795,297,0.5791245791245792,0.2610139840576045,74,0.5945945945945946,True,0.2443276860988795
JANUS HENDERSON HORIZON GLOBAL PROPERTY EQUITIES FUND A2 USD USD,LQD_up,1,single_scan,0.2437977513982923,432,0.5902777777777778,0.2524685781829099,201,0.6417910447761194,True,0.2437977513982923
ALLIANZ GLOBAL ARTIFICIAL INTELLIGENCE RT USD ACC USD,GDX_up,2,single_scan,0.2433656628771384,368,0.6032608695652174,0.2651186889984961,208,0.625,True,0.2433656628771384
JANUS HENDERSON HORIZON GLOBAL PROPERTY EQUITIES FUND A2 USD USD,GDX_big_up,1,single_scan,0.2422486708727277,252,0.6031746031746031,0.2168427151911493,155,0.6193548387096774,True,0.2422486708727277
BLACKROCK GLOBAL FUNDS SICAV - ASIAN DRAGON FUND D2 ACC USD,LQD_up,1,single_scan,0.2420366477329159,406,0.5985221674876847,0.2948763791757047,197,0.5989847715736041,True,0.2420366477329159
BLACKROCK GLOBAL FUNDS SICAV - ASIAN DRAGON FUND D2 ACC USD,EEM_up,2,single_scan,0.2412274642486256,353,0.6288951841359773,0.2845220095861825,199,0.6582914572864321,True,0.2412274642486256
BLACKROCK GLOBAL DYNAMIC HIGH INCOME FUND D6 USD,SPY_up,1,single_scan,0.2411346569784445,436,0.6857798165137615,0.2314480772793417,212,0.6650943396226415,True,0.2411346569784445
JANUS HENDERSON GLOBAL TECHNOLOGY AND INNOVATION FUND H2 USD ACC USD,IWM_big_down,3,single_scan,0.2410757353565058,330,0.6,0.3959316064073863,68,0.6911764705882353,True,0.2410757353565058
SCHRODER INTL SEL GLOBAL GOLD A USD ACC USD,EEM_big_up,3,single_scan,0.2409802617359617,193,0.6476683937823834,0.3361930000567159,63,0.7619047619047619,True,0.2409802617359617
INVESCO GLOBAL HEALTH CARE INNOVATION FUND C AD USD,LQD_up,1,single_scan,0.2393986099742727,437,0.6155606407322655,0.2923741284180134,201,0.6218905472636815,True,0.2393986099742727
BLACKROCK GLOBAL FUNDS SICAV - ASIAN DRAGON FUND D2 ACC USD,XLK_up,2,single_scan,0.2391391989422525,306,0.6143790849673203,0.2645021662616722,215,0.6325581395348837,True,0.2391391989422525
UBAM GLOBAL EQUITY IC ACC USD,XLK_big_up,1,single_scan,0.2388663770485984,171,0.5789473684210527,0.2072870172815061,102,0.5784313725490197,True,0.2388663770485984
JANUS HENDERSON HORIZON GLOBAL PROPERTY EQUITIES FUND A2 USD USD,IWM_big_up,2,single_scan,0.2388611552855979,130,0.6461538461538462,0.2671075317820726,79,0.6708860759493671,True,0.2388611552855979
LINDSELL TRAIN LTD GLOBAL EQUITY C USD,QQQ_big_up,3,single_scan,0.2379737086551861,266,0.6917293233082706,0.2147360457072262,69,0.6666666666666666,True,0.2379737086551861
INVESCO GLOBAL HEALTH CARE INNOVATION A USD USD,LQD_up,1,single_scan,0.2370215708567624,437,0.6155606407322655,0.2899213236074566,201,0.6218905472636815,True,0.2370215708567624
ABRDN SICAV I - GLOBAL DYNAMIC DIVIDEND FUND X INC USD USD,TIP_up,1,single_scan,0.237014756355284,421,0.6413301662707839,0.2828507798234414,208,0.6586538461538461,True,0.237014756355284
ALLIANZ BEST STYLES GLOBAL EQUITY WT ACC USD,SLV_up,1,single_scan,0.2362689467665166,127,0.6141732283464567,0.2362689467665166,127,0.6141732283464567,True,0.2362689467665166
ALLIANZ GLOBAL CYBER SECURITY AT ACC USD,TIP_up,2,single_scan,0.2356875516518378,356,0.6179775280898876,0.2800998600260703,196,0.6173469387755102,True,0.2356875516518378
BLACKROCK (LUX) SA GLOBAL MULTI-ASSET INCOME A2 USD ACC USD,GDX_big_up,1,single_scan,0.2350066152583047,246,0.6504065040650406,0.2636563565523566,154,0.6558441558441559,True,0.2350066152583047
BLACKROCK GLOBAL FUNDS SICAV - ASIAN DRAGON FUND D2 ACC USD,SLV_big_up,3,single_scan,0.2345843425735679,148,0.6418918918918919,0.2464219342150426,133,0.6541353383458647,True,0.2345843425735679
ALLIANZ GLOBAL CYBER SECURITY AT ACC USD,EEM_up,3,single_scan,0.2342682556816246,325,0.6061538461538462,0.2112410867778474,195,0.5948717948717949,True,0.2342682556816246
SCHRODER INTL SEL GLOBAL GOLD A USD ACC USD,QQQ_up,2,single_scan,0.2320290506592145,803,0.6774595267745953,0.3594642222539037,185,0.772972972972973,True,0.2320290506592145
SCHRODER INTL SEL GLOBAL GOLD A USD ACC USD,XLF_big_up,3,single_scan,0.2315655275165752,202,0.6089108910891089,0.362240772034233,45,0.7777777777777778,True,0.2315655275165752
BLACKROCK GLOBAL FUNDS SICAV - ASIAN DRAGON FUND D2 ACC USD,UUP_down,2,single_scan,0.2313810823238198,297,0.6262626262626263,0.275585483137697,173,0.6589595375722543,True,0.2313810823238198
JANUS HENDERSON GLOBAL TECHNOLOGY AND INNOVATION FUND H2 USD ACC USD,GLD_big_down,3,single_scan,0.2296171168246052,149,0.5637583892617449,0.3351056014526689,70,0.5857142857142857,True,0.2296171168246052
GUINNESS GLOBAL QUALITY MID CAP C ACC USD,QQQ_big_up,1,single_scan,0.2293014055218983,186,0.5806451612903226,0.3392860968732224,73,0.6027397260273972,True,0.2293014055218983
ALLIANZ GLOBAL ARTIFICIAL INTELLIGENCE RT USD ACC USD,TIP_up,2,single_scan,0.2289921924095293,357,0.6162464985994398,0.2358996207290818,197,0.6446700507614214,True,0.2289921924095293
ALLIANZ GLOBAL ARTIFICIAL INTELLIGENCE RT USD ACC USD,LQD_up,2,single_scan,0.2287880175996309,363,0.6115702479338843,0.2534845939025775,190,0.6368421052631579,True,0.2287880175996309
BLUEBOX GLOBAL TECHNOLOGY FUND A ACC USD,IWM_big_up,1,single_scan,0.2283064113668265,138,0.5797101449275363,0.3764115864404919,82,0.6219512195121951,True,0.2283064113668265
JANUS HENDERSON GLOBAL TECHNOLOGY AND INNOVATION FUND H2 USD ACC USD,XLE_big_down,1,single_scan,0.2280112087656075,420,0.5738095238095238,0.3528503281188609,80,0.625,True,0.2280112087656075
BLACKROCK GLOBAL FUNDS SICAV - ASIAN DRAGON FUND D2 ACC USD,HYG_up,2,single_scan,0.2276375781440458,322,0.6055900621118012,0.3058859062306047,193,0.6580310880829016,True,0.2276375781440458
SCHRODER INTL SEL GLOBAL GOLD A USD ACC USD,HYG_up,1,single_scan,0.2275035679485966,772,0.594559585492228,0.2587698710394434,175,0.6342857142857142,True,0.2275035679485966
SCHRODER INTL SEL GLOBAL GOLD A USD ACC USD,IWM_up,2,single_scan,0.2274458040634821,750,0.648,0.3006191541977308,177,0.7175141242937854,True,0.2274458040634821
SCHRODER INTL SEL GLOBAL GOLD A USD ACC USD,HYG_up,2,single_scan,0.2272462289632164,739,0.6711772665764547,0.3088491158607773,170,0.7235294117647059,True,0.2272462289632164
BLACKROCK (LUX) SA GLOBAL MULTI-ASSET INCOME A2 USD ACC USD,IWM_up,1,single_scan,0.226942169219616,416,0.625,0.2655700646306241,206,0.6504854368932039,True,0.226942169219616
ALLIANZ BEST STYLES GLOBAL EQUITY WT ACC USD,XLK_up,2,single_scan,0.2268556190021225,124,0.6451612903225806,0.2268556190021225,124,0.6451612903225806,True,0.2268556190021225
POLAR CAPITAL GLOBAL TECH FD USD,TIP_up,1,single_scan,0.2266547063218409,843,0.6073546856465006,0.385285989183707,202,0.6336633663366337,True,0.2266547063218409
BLACKROCK GLOBAL DYNAMIC HIGH INCOME FUND D6 USD,JNK_up,1,single_scan,0.2263096829657988,436,0.6628440366972477,0.2234722102328352,209,0.6411483253588517,True,0.2263096829657988
BLUEBOX GLOBAL TECHNOLOGY FUND CLASS C ACC USD,IWM_big_up,1,single_scan,0.2255436247836311,138,0.5797101449275363,0.3736896072538346,82,0.6219512195121951,True,0.2255436247836311
BLACKROCK GLOBAL DYNAMIC HIGH INCOME FUND D6 USD,IWM_up,1,single_scan,0.2252102654010624,424,0.6627358490566038,0.2258551797638463,208,0.6634615384615384,True,0.2252102654010624
BOWMOOR GLOBAL ALPHA FUND PC D USD,XLK_down,1,single_scan,0.2249712838822814,178,0.5786516853932584,0.227071970467467,157,0.5668789808917197,True,0.2249712838822814
BLACKROCK GLOBAL DYNAMIC HIGH INCOME FUND D6 USD,HYG_up,1,single_scan,0.2244175115863847,430,0.6604651162790698,0.2212959451921727,206,0.6310679611650486,True,0.2244175115863847
BLACKROCK GLOBAL FUNDS SICAV - ASIAN DRAGON FUND D2 ACC USD,XLF_up,1,single_scan,0.2239688788736119,405,0.5728395061728395,0.2379231540077752,199,0.592964824120603,True,0.2239688788736119
BLACKROCK GLOBAL FUNDS SICAV - ASIAN DRAGON FUND D2 ACC USD,JNK_up,2,single_scan,0.2231007545589999,320,0.609375,0.2920073187790865,196,0.6479591836734694,True,0.2231007545589999
BLACKROCK GLOBAL FUNDS SICAV - ASIAN DRAGON FUND D2 ACC USD,SPY_up,2,single_scan,0.2230868054707689,344,0.627906976744186,0.2590085553543206,200,0.655,True,0.2230868054707689
BLACKROCK (LUX) SA GLOBAL MULTI-ASSET INCOME A2 USD ACC USD,SPY_up,1,single_scan,0.2222919381993864,426,0.6267605633802817,0.2744054038769034,210,0.6619047619047619,True,0.2222919381993864
SCHRODER INTL SEL GLOBAL GOLD A USD ACC USD,IWM_up,1,single_scan,0.2220951100418355,782,0.5869565217391305,0.2561423184149936,184,0.6304347826086957,True,0.2220951100418355
ALLIANZ GLOBAL ARTIFICIAL INTELLIGENCE RT USD ACC USD,SLV_big_up,3,single_scan,0.220984611209063,151,0.6291390728476821,0.2031318189011268,135,0.6148148148148148,True,0.220984611209063
BLUEBOX GLOBAL TECHNOLOGY FUND A ACC USD,TIP_up,1,single_scan,0.2206224845763672,377,0.5941644562334217,0.2353564278569487,206,0.5825242718446602,True,0.2206224845763672
LINDSELL TRAIN LTD GLOBAL EQUITY C USD,IWM_big_up,3,single_scan,0.2203574446716646,306,0.6895424836601307,0.2172760203325776,77,0.7012987012987013,True,0.2203574446716646
ALLIANZ GLOBAL ARTIFICIAL INTELLIGENCE RT USD ACC USD,GDX_big_up,3,single_scan,0.2201619900336431,168,0.6369047619047619,0.2364082467191458,141,0.6453900709219859,True,0.2201619900336431
SCHRODER INTL SEL GLOBAL GOLD A USD ACC USD,EEM_up,2,single_scan,0.2201365731838891,759,0.6482213438735178,0.3595526004941459,180,0.7666666666666667,True,0.2201365731838891
IFSL ARBION GLOBAL OPPORTUNITIES USD ACC USD,IWM_big_up,3,single_scan,0.2194966925369394,182,0.8076923076923077,0.2834541360635171,81,0.8024691358024691,True,0.2194966925369394
IFSL ARBION GLOBAL OPPORTUNITIES USD ACC USD,QQQ_big_up,3,single_scan,0.2193874992927854,162,0.8024691358024691,0.2752601453215007,74,0.7432432432432432,True,0.2193874992927854
ALLIANZ GLOBAL CYBER SECURITY AT ACC USD,LQD_up,2,single_scan,0.2193705992197278,361,0.6204986149584487,0.2699957986388782,189,0.6243386243386243,True,0.2193705992197278
BLUEBOX GLOBAL TECHNOLOGY FUND A ACC USD,QQQ_big_up,2,single_scan,0.2187359500424183,123,0.6178861788617886,0.2620477137915838,73,0.6027397260273972,True,0.2187359500424183
BLUEBOX GLOBAL TECHNOLOGY FUND A ACC USD,XLK_big_up,2,single_scan,0.2185277245433159,162,0.6049382716049383,0.2161767174777391,100,0.58,True,0.2185277245433159
BLACKROCK (LUX) SA GLOBAL MULTI-ASSET INCOME A2 USD ACC USD,HYG_up,1,single_scan,0.2183394019832362,426,0.6150234741784038,0.268386095316911,205,0.6439024390243903,True,0.2183394019832362
BLACKROCK GLOBAL FUNDS SICAV - ASIAN DRAGON FUND D2 ACC USD,FXY_up,2,single_scan,0.2183342992643721,273,0.6153846153846154,0.3059607576786704,162,0.6666666666666666,True,0.2183342992643721
SCHRODER INTL SEL GLOBAL GOLD A USD ACC USD,XLK_up,2,single_scan,0.2178424264493914,802,0.6608478802992519,0.2950199996781114,198,0.7222222222222222,True,0.2178424264493914
INVESCO GLOBAL HEALTH CARE INNOVATION FUND C AD USD,XLV_up,3,single_scan,0.2177852680343469,374,0.6844919786096256,0.2297000458268495,175,0.6628571428571428,True,0.2177852680343469
POLAR CAPITAL GLOBAL TECH FD USD,TIP_up,2,single_scan,0.2177478184154512,803,0.6251556662515566,0.3279035872370173,191,0.6649214659685864,True,0.2177478184154512
BLUEBOX GLOBAL TECHNOLOGY FUND CLASS C ACC USD,TIP_up,1,single_scan,0.2176851452811072,377,0.5941644562334217,0.2324703427026355,206,0.5825242718446602,True,0.2176851452811072
SCHRODER INTL SEL GLOBAL GOLD A USD ACC USD,IWM_big_up,3,single_scan,0.2171101979468292,276,0.6485507246376812,0.3380991887135516,67,0.7761194029850746,True,0.2171101979468292
JPMORGAN GLOBAL GROWTH FUND A USD ACC USD,TIP_up,1,single_scan,0.2170720601365841,399,0.6290726817042607,0.205666525566062,211,0.6066350710900474,True,0.2170720601365841
INVESCO GLOBAL HEALTH CARE INNOVATION A USD USD,XLV_up,3,single_scan,0.2167739223213916,371,0.6873315363881402,0.2273289668979287,175,0.6628571428571428,True,0.2167739223213916
BLUEBOX GLOBAL TECHNOLOGY FUND A ACC USD,FXY_up,1,single_scan,0.2164111281393606,315,0.5841269841269842,0.2844900925898487,168,0.5892857142857143,True,0.2164111281393606
BLUEBOX GLOBAL TECHNOLOGY FUND CLASS C ACC USD,QQQ_big_up,2,single_scan,0.2160574883276036,123,0.6097560975609756,0.259515921978312,73,0.589041095890411,True,0.2160574883276036
BLACKROCK GLOBAL FUNDS SICAV - ASIAN DRAGON FUND D2 ACC USD,GLD_up,1,single_scan,0.2160212019635691,446,0.5852017937219731,0.2754427073069989,222,0.5990990990990991,True,0.2160212019635691
JPMORGAN GLOBAL GROWTH FUND A USD ACC USD,SLV_up,1,single_scan,0.215952021595131,412,0.6189320388349514,0.2022825166864033,223,0.5919282511210763,True,0.215952021595131
BLUEBOX GLOBAL TECHNOLOGY FUND CLASS C ACC USD,XLK_big_up,2,single_scan,0.2157439285417288,162,0.5987654320987654,0.2135173509644412,100,0.57,True,0.2157439285417288
BLACKROCK GLOBAL FUNDS SICAV - ASIAN DRAGON FUND D2 ACC USD,IWM_up,2,single_scan,0.2153051082577254,353,0.5949008498583569,0.260530230826473,194,0.6391752577319587,True,0.2153051082577254
ABRDN SICAV I - GLOBAL DYNAMIC DIVIDEND FUND X INC USD USD,HYG_up,2,single_scan,0.2149141232726662,401,0.6957605985037406,0.2470836485091365,198,0.7373737373737373,True,0.2149141232726662
BLACKROCK (LUX) SA GLOBAL MULTI-ASSET INCOME A2 USD ACC USD,JNK_up,1,single_scan,0.2144322277010737,432,0.6134259259259259,0.2582803839131232,208,0.6346153846153846,True,0.2144322277010737
ABRDN SICAV I - GLOBAL DYNAMIC DIVIDEND FUND X INC USD USD,XLK_big_up,3,single_scan,0.2136332656939336,139,0.7266187050359713,0.2282598983307304,98,0.7346938775510204,True,0.2136332656939336
BLUEBOX GLOBAL TECHNOLOGY FUND CLASS C ACC USD,FXY_up,1,single_scan,0.213483322239305,315,0.5841269841269842,0.2816266459215655,168,0.5892857142857143,True,0.213483322239305
BLACKROCK (LUX) SA GLOBAL MULTI-ASSET INCOME A2 USD ACC USD,QQQ_up,1,single_scan,0.2124823494847599,437,0.6086956521739131,0.2644172202327721,215,0.6325581395348837,True,0.2124823494847599
ALLIANZ GLOBAL CYBER SECURITY AT ACC USD,TIP_up,3,single_scan,0.2120779311868406,309,0.598705501618123,0.2629122516595392,186,0.6075268817204301,True,0.2120779311868406
GUINNESS GLOBAL QUALITY MID CAP C ACC USD,IWM_big_up,1,single_scan,0.2118850612124566,224,0.59375,0.2846303965985573,83,0.6626506024096386,True,0.2118850612124566
POLAR CAPITAL GLOBAL TECH FD USD,XLF_big_up,2,single_scan,0.2117669166746662,228,0.6271929824561403,0.3570533271318692,54,0.6666666666666666,True,0.2117669166746662
ABRDN SICAV I - GLOBAL DYNAMIC DIVIDEND FUND X INC USD USD,SPY_up,2,single_scan,0.210551828993337,424,0.6957547169811321,0.23793387900167,205,0.7268292682926829,True,0.210551828993337
SCHRODER INTL SEL GLOBAL GOLD A USD ACC USD,QQQ_up,1,single_scan,0.2101609393892327,837,0.5842293906810035,0.3279390769907042,190,0.6631578947368421,True,0.2101609393892327
IFSL ARBION GLOBAL OPPORTUNITIES USD ACC USD,SPY_up,2,single_scan,0.2099619647017396,572,0.756993006993007,0.2078516735246,212,0.7264150943396226,True,0.2099619647017396
GUINNESS GLOBAL ENERGY Y INC USD,XLE_big_up,2,single_scan,0.209575320454028,360,0.5888888888888889,0.2138322692697657,90,0.5888888888888889,True,0.209575320454028
ABRDN SICAV I - GLOBAL DYNAMIC DIVIDEND FUND X INC USD USD,IWM_up,2,single_scan,0.2092032827694556,408,0.6838235294117647,0.2283498247117399,199,0.7085427135678392,True,0.2092032827694556
IFSL ARBION GLOBAL OPPORTUNITIES USD ACC USD,XLE_big_up,1,single_scan,0.2089570733539949,220,0.6136363636363636,0.2190800744473881,96,0.59375,True,0.2089570733539949
ABRDN SICAV I - GLOBAL DYNAMIC DIVIDEND FUND X INC USD USD,JNK_up,2,single_scan,0.2086032790357405,412,0.6893203883495146,0.2474932017006596,201,0.736318407960199,True,0.2086032790357405
POLAR CAPITAL GLOBAL TECH FD USD,FXY_up,1,single_scan,0.2071408615441455,703,0.5988620199146515,0.4436363499812771,163,0.6196319018404908,True,0.2071408615441455
BLACKROCK GLOBAL FUNDS SICAV - ASIAN DRAGON FUND D2 ACC USD,GDX_big_up,3,single_scan,0.2071008911644799,169,0.6686390532544378,0.2540530088764376,139,0.697841726618705,True,0.2071008911644799
ARTISAN GLOBAL OPPORTUNITIES FUND A ACC USD,XLV_big_down,1,single_scan,0.2062902610644625,238,0.5504201680672269,0.3544804714480396,52,0.6153846153846154,True,0.2062902610644625
BLACKROCK (LUX) SA GLOBAL MULTI-ASSET INCOME A2 USD ACC USD,UUP_down,1,single_scan,0.2062759360855695,353,0.6628895184135978,0.2219795406480761,181,0.6740331491712708,True,0.2062759360855695
BLACKROCK (LUX) SA GLOBAL MULTI-ASSET INCOME A2 USD ACC USD,XLK_big_up,2,single_scan,0.2061649829161571,132,0.7121212121212122,0.2392795376360373,102,0.7352941176470589,True,0.2061649829161571
PICTET-GLOBAL ENVIRONMENTAL OPPORTUNITIES HP ACC USD,XLK_big_up,2,single_scan,0.206027342636139,141,0.6524822695035462,0.2543346024134762,102,0.6568627450980392,True,0.206027342636139
MOMENTUM GLOBAL GROWTH FUND CLASS A USD,EEM_up,1,single_scan,0.2049672456225253,436,0.6720183486238532,0.2562519849961382,206,0.6990291262135923,True,0.2049672456225253
GUINNESS AM GLOBAL INNOVATORS Y ACC USD,SPY_big_up,1,single_scan,0.2040552653106647,133,0.5789473684210527,0.3183338614855939,41,0.6585365853658537,True,0.2040552653106647
GUINNESS GLOBAL QUALITY MID CAP C ACC USD,XLK_big_up,1,single_scan,0.2036143816346987,234,0.5897435897435898,0.2852753764018276,99,0.6060606060606061,True,0.2036143816346987
BLACKROCK GLOBAL FUNDS SICAV - ASIAN DRAGON FUND D2 ACC USD,LQD_up,2,single_scan,0.2032267915739322,317,0.6214511041009464,0.2495558570767309,186,0.6451612903225806,True,0.2032267915739322
RANMORE GLOBAL EQUITY FUND INST USD ACC USD,GDX_big_up,1,single_scan,0.2018544978175044,178,0.5786516853932584,0.2635121623919504,155,0.6193548387096774,True,0.2018544978175044
NINETY-ONE GLOBAL ST UK ALPHA I USD ACC USD,QQQ_big_up,1,single_scan,0.2015083679698259,133,0.6165413533834586,0.3363655175810089,75,0.6666666666666666,True,0.2015083679698259
BLACKROCK GLOBAL ALLOCATION FUND D10 INC USD,XLK_up,1,single_scan,0.2014215917408847,123,0.5853658536585366,0.2014215917408847,123,0.5853658536585366,True,0.2014215917408847
JPMORGAN GLOBAL GROWTH FUND A USD ACC USD,FXY_up,1,single_scan,0.2012737510239502,309,0.6343042071197411,0.2040366206219185,170,0.6176470588235294,True,0.2012737510239502
SCHRODER INTL SEL GLOBAL GOLD A USD ACC USD,XLF_up,2,single_scan,0.2010729879619536,748,0.6216577540106952,0.2436052416597314,170,0.6941176470588235,True,0.2010729879619536
BLACKROCK GLOBAL FUNDS SICAV - ASIAN DRAGON FUND D2 ACC USD,UUP_down,3,single_scan,0.2006549373944761,256,0.6328125,0.2263082706546322,165,0.6303030303030303,True,0.2006549373944761
POLAR CAPITAL GLOBAL TECH FD USD,QQQ_up,1,single_scan,0.2004722100382696,923,0.5947995666305526,0.3940931039668388,212,0.6273584905660378,True,0.2004722100382696
