ticker,condition,horizon,source,full_avg,full_trades,full_hit,frozen_avg,frozen_trades,frozen_hit,pass,abs_full_avg,fund_name
GB00B12GL767,GDX_gt2,1,single_scan,2.794397096696856,243,0.9670781893004116,2.7964066312845057,101,0.9306930693069307,True,2.794397096696856,NINETY ONE FD MGRS GLOBAL GOLD A USD ACC USD
GB00B1RXYT55,SPY_big_up,1,single_scan,0.9254322422138913,176,0.8636363636363636,0.7831633433110092,43,0.8372093023255814,True,0.9254322422138913,M&G INVESTMENT MAN GLOBAL THEMES A USD ACC USD
GB00B3B9VC56,XLF_big_up,1,single_scan,0.8140209777016083,256,0.78515625,0.5472552829040442,57,0.6842105263157895,True,0.8140209777016083,BARING GLOBAL AGRIC USD ACC NAV USD
GB00B4X7J424,IWM_big_up,1,single_scan,1.4894916097621318,346,0.9913294797687862,1.6269392168029109,85,0.9882352941176471,True,1.4894916097621318,VT DE LISLE AMERICA B ACC USD
GB00BNG2HX24,QQQ_big_up,1,single_scan,0.543529778847503,175,0.8914285714285715,0.741317353698689,78,0.9102564102564102,True,0.543529778847503,IFSL ARBION GLOBAL OPPORTUNITIES USD ACC USD
GB00BQC4KH86,UUP_down,1,single_scan,0.25163188461605623,247,0.7449392712550608,0.26145239464330344,184,0.7391304347826086,True,0.25163188461605623,MGTS PROGENY PROFOLIO GLOBAL 30-50% SHARES FUND ACC USD
GB00BYW6DZ91,SPY_big_up,1,single_scan,0.7937102484499032,176,0.8409090909090909,0.47161284953489124,43,0.6511627906976745,True,0.7937102484499032,QUILTER INVESTORS GLOBAL EQUITY VALUE FUND ACC USD
GG00BPLWQ018,XLK_down,1,single_scan,0.22518103958695823,180,0.5777777777777777,0.22728300493301565,159,0.5660377358490566,True,0.22518103958695823,BOWMOOR GLOBAL ALPHA FUND PC D USD
IE0000931182,XLE_big_up,1,single_scan,0.9954954948394676,387,0.8552971576227391,0.8973725162492615,96,0.8333333333333334,True,0.9954954948394676,BARING GLOBAL RESOURCES A USD DIS USD
IE0003JQ8MH1,IWM_up,1,single_scan,0.34371168324376167,288,0.7534722222222222,0.35776948293036287,212,0.7547169811320755,True,0.34371168324376167,CITRINE GLOBAL MULTI-ASSET A ACC USD
IE0004897173,EEM_big_up,1,single_scan,0.5977669208609263,234,0.6965811965811965,0.9881894885349802,73,0.8082191780821918,True,0.5977669208609263,PINEBRIDGE GLOBAL EMERGING MARKETS FOCUS EQUITY Y USD ACC USD
IE0007357332,SPY_big_up,1,single_scan,0.2366718071268576,168,0.6428571428571429,0.39114005716018163,41,0.7317073170731707,True,0.2366718071268576,PINEBRIDGE GLOBAL DYNAMIC ASSET ALLOCATION Y USD ACC USD
IE000CSTCY83,GDX_big_up,1,single_scan,0.20160292054847342,179,0.5810055865921788,0.2628282608013913,156,0.6217948717948718,True,0.20160292054847342,RANMORE GLOBAL EQUITY FUND INST USD ACC USD
IE000MRJHBY1,TIP_up,1,single_scan,0.3232254627432755,148,0.5743243243243243,0.3232254627432755,148,0.5743243243243243,True,0.3232254627432755,NEW HORIZON GLOBAL INNOVATION D ACC USD
IE000U13NVM5,XLK_big_up,1,single_scan,0.9593795494227206,135,0.8074074074074075,1.0575001902341583,103,0.8155339805825242,True,0.9593795494227206,FED HERMES GLOBAL EMERGING MARKETS EX CHINA EQUITY FUND CLASS M ACC USD
IE0030016244,SPY_big_up,1,single_scan,1.0655661126305969,165,0.896969696969697,1.159640360564862,41,0.926829268292683,True,1.0655661126305969,BARINGS GLOBAL LEADERS FUND CLASS A USD INC USD
IE0030772275,SPY_big_up,1,single_scan,0.3567545106236566,164,0.6219512195121951,0.950647970390684,40,0.7,True,0.3567545106236566,POLAR CAPITAL GLOBAL TECH FD USD
IE0031385887,SPY_big_up,1,single_scan,1.4441910675073122,167,0.9341317365269461,1.218394717680838,41,0.8780487804878049,True,1.4441910675073122,JUPITER MERIAN NORTH AMERICAN EQUITY FUND L USD ACC USD
IE00B0169N27,SPY_big_up,1,single_scan,0.8228187073196662,172,0.8372093023255814,1.1449245954581837,42,0.8333333333333334,True,0.8228187073196662,FIRST STATE GLOBAL STEWART INV GLOBAL EMERGING MARKET LEADERS I ACC USD USD
IE00B0XXHG05,EEM_big_up,1,single_scan,0.6713486417017287,222,0.7477477477477478,0.8936952996881946,71,0.8169014084507042,True,0.6713486417017287,BARCLAYS MULTI-MGR GLOBALACCESS EMG MKT EQTY M USD
IE00B29SXL02,XLU_big_up,1,single_scan,0.9366397910262755,197,0.9644670050761421,0.8601098136292087,53,0.9622641509433962,True,0.9366397910262755,FIRST STATE GLOBAL UM LISTD INFRASTRUCT I USD DIST USD
IE00B2Q91T05,XLE_big_up,1,single_scan,0.34700506736124076,388,0.6056701030927835,0.3267633948794388,96,0.625,True,0.34700506736124076,GUINNESS AM GLOBAL ENERGY D USD INC NAV USD
IE00B2Q91V27,XLE_big_up,1,single_scan,0.34500173762158953,388,0.6056701030927835,0.324750491923451,96,0.625,True,0.34500173762158953,GUINNESS AM GLOBAL ENERGY C USD INC NAV USD
IE00B3BRDK12,SPY_big_up,1,single_scan,0.4905668207181241,167,0.8143712574850299,0.5895883626320143,41,0.8780487804878049,True,0.4905668207181241,CANACCORD GENUITY CGWM SELECT GLOBAL OPP ACC USD USD
IE00B3CCJC95,XLE_big_up,1,single_scan,0.34885548960532176,388,0.6056701030927835,0.3287147689416002,96,0.625,True,0.34885548960532176,GUINNESS GLOBAL ENERGY Y INC USD
IE00B3DJ5Q52,EEM_big_up,1,single_scan,0.997158124451387,229,0.8427947598253275,1.2056815354539145,72,0.8333333333333334,True,0.997158124451387,FEDERATED HERMES GLOBAL EMERGING MARKETS EQUITY FUND F USD ACCUMULATING USD
IE00B3QG6N78,QQQ_big_up,1,single_scan,0.21765714651642348,299,0.6555183946488294,0.27942630736570523,75,0.6933333333333334,True,0.21765714651642348,GUINNESS GAM GLOBAL EQUITY INCOME INC D USD
IE00B3QW5Z07,IWM_big_up,1,single_scan,0.35428955701881715,342,0.6228070175438597,0.396354765429009,84,0.7142857142857143,True,0.35428955701881715,GUINNESS GLOBAL MONEY MANAGERS C ACC USD
IE00B3X5FG30,EEM_big_up,1,single_scan,0.21489752899859857,131,0.6412213740458015,0.2412676838183332,76,0.6447368421052632,True,0.21489752899859857,LAZARD GLOBAL LISTED INFRA EQUITY A ACC USD HEDG USD
IE00B3XPRY57,SPY_big_up,1,single_scan,0.8654707947982483,169,0.8994082840236687,0.7888072576147852,41,0.8536585365853658,True,0.8654707947982483,BNY MELLON GLOBAL EQUITY INCOME USD A USD
IE00B3YV8M70,EEM_big_up,1,single_scan,0.8821269781894567,228,0.8245614035087719,1.0312550124663675,72,0.8055555555555556,True,0.8821269781894567,BARING GLOBAL EMG MKTS A USD ACC NAV USD
IE00B42HQF39,SPY_big_up,1,single_scan,1.4474185170718576,167,0.9401197604790419,1.221818063373203,41,0.8780487804878049,True,1.4474185170718576,JUPITER MERIAN NORTH AMERICAN EQUITY FUND I USD ACC USD
IE00B42LF923,SPY_big_up,1,single_scan,0.26013228536082733,187,0.6096256684491979,0.3364210276531361,45,0.6,True,0.26013228536082733,VANGUARD GLOBAL SMALL-CAP INDEX USD ACC USD
IE00B42XCP33,QQQ_big_up,1,single_scan,0.21561127791039078,299,0.6555183946488294,0.2773913792038686,75,0.6933333333333334,True,0.21561127791039078,GUINNESS GLOBAL EQUITY INCOME FUND C USD USD
IE00B504KW82,SPY_big_up,1,single_scan,0.33899076541318096,172,0.8372093023255814,0.46212354577021386,42,0.9523809523809523,True,0.33899076541318096,BNY MELLON GLOBAL REAL RETURN FUND C CLASS ACC USD
IE00B615T757,XLF_big_up,1,single_scan,0.2714051948044282,250,0.624,0.3000139149936221,56,0.6071428571428571,True,0.2714051948044282,ARTISAN PTNRS GBL GLOBAL OPPORTUNITIES I USD
IE00B649W081,XLF_big_up,1,single_scan,0.21116356467782063,250,0.644,0.2306258059286536,56,0.6607142857142857,True,0.21116356467782063,RUSSELL OPENWORLD GLOBAL HIGH DIVIDEND EQUITY I USD
IE00B737Q755,SPY_big_up,1,single_scan,0.25221546446013504,167,0.5688622754491018,0.4995032415433016,42,0.6428571428571429,True,0.25221546446013504,SANDS CAPITAL FUND GLOBAL GROWTH A USD ACC USD
IE00B75GXZ78,XLF_big_up,1,single_scan,0.26694908434080783,250,0.62,0.29576429296552303,56,0.6071428571428571,True,0.26694908434080783,ARTISAN GLOBAL OPPORTUNITIES FUND A ACC USD
IE00B89JY234,SPY_big_up,1,single_scan,0.9025128194433462,167,0.8622754491017964,0.6219395586352535,41,0.6585365853658537,True,0.9025128194433462,J O HAMBRO CAP GLOBAL OPPS A USD INC NAV USD
IE00B912KW96,SPY_big_up,1,single_scan,1.5564041134964428,170,0.9411764705882353,1.5290984857388636,40,0.9,True,1.5564041134964428,BAILLIE GIFFORD WO GLOBAL ALPHA B ACC USD
IE00B94Q3B85,SPY_big_up,1,single_scan,0.8068721960539577,172,0.9011627906976745,0.6936018393340808,42,0.8571428571428571,True,0.8068721960539577,SANLAM AI GLOBAL MANAGED RISK BASE A2 ACC USD
IE00BD07T932,SPY_big_up,1,single_scan,0.8033614836743321,172,0.9011627906976745,0.689522542700569,42,0.8571428571428571,True,0.8033614836743321,SANLAM AI GLOBAL MANAGED RISK BASE L2 ACC USD
IE00BD4DXL75,SPY_big_up,1,single_scan,0.7270010652282295,163,0.7730061349693251,0.7345629891620775,40,0.75,True,0.7270010652282295,NOMURA GLOBAL HIGH CONVICTION I USD USD
IE00BD85V827,SPY_big_up,1,single_scan,0.43024990094715804,168,0.7797619047619048,0.5712437971932032,41,0.9024390243902439,True,0.43024990094715804,NG MORNINGSTAR GLOBAL GROWTH A USD ACC USD
IE00BDX8CQ10,EEM_big_up,1,single_scan,0.21205373800485827,131,0.6412213740458015,0.23666405969482235,76,0.6447368421052632,True,0.21205373800485827,LAZARD GLOBAL LISTED INFRA EQUITY A DST US\$ HDG USD
IE00BDZ2QR06,SPY_big_up,1,single_scan,0.7967790850843537,167,0.844311377245509,0.7068383753366017,41,0.7804878048780488,True,0.7967790850843537,NEW HORIZON GLOBAL BALANCED FUND F USD ACC USD
IE00BF2F6980,SPY_big_up,1,single_scan,0.7966196872633696,167,0.844311377245509,0.7072396195911579,41,0.7804878048780488,True,0.7966196872633696,NEW HORIZON GLOBAL BALANCED FUND C USD ACC USD
IE00BF4KN675,XLU_big_up,1,single_scan,0.23180696193711284,211,0.6066350710900474,0.38586695862146253,60,0.65,True,0.23180696193711284,LAZARD GLOBAL LISTED INFRASTRUCTURE EQUITY FUND A ACC USD
IE00BF5FSX39,SPY_big_up,1,single_scan,0.6834262005673253,175,0.7771428571428571,0.6811068968593362,45,0.7111111111111111,True,0.6834262005673253,PZENA GLOBAL EXPANDED VALUE FUND A USD INC USD
IE00BFRSYS74,XLV_big_down,1,single_scan,0.36588638790960193,122,0.5819672131147541,0.6105306124038848,50,0.68,True,0.36588638790960193,JANUS HENDERSON GLOBAL TECHNOLOGY AND INNOVATION FUND H2 USD ACC USD
IE00BJSFB519,SPY_big_up,1,single_scan,0.8170112775940287,158,0.8481012658227848,0.7062587310152519,41,0.7804878048780488,True,0.8170112775940287,NEW HORIZON GLOBAL BALANCED FUND M USD ACC USD
IE00BK4Z4V95,SPY_big_up,1,single_scan,0.9055785440687981,167,0.9161676646706587,0.6078724067979387,41,0.8292682926829268,True,0.9055785440687981,LINDSELL TRAIN LTD GLOBAL EQUITY C USD
IE00BK6SH736,XLF_big_up,1,single_scan,0.24628350365832669,210,0.6238095238095238,0.37868866616449565,54,0.6666666666666666,True,0.24628350365832669,LIONTRUST GF SUSTAINABLE FUTURE GLOBAL GROWTH FUND B5 ACC USD USD
IE00BK70NJ20,SPY_big_up,1,single_scan,0.8122291591129782,149,0.7583892617449665,1.0159350708626669,43,0.813953488372093,True,0.8122291591129782,BLACKROCK GLOBAL UNCONSTRAINED EQUITY D ACC USD
IE00BK71Y149,SPY_big_up,1,single_scan,0.31581630025117446,167,0.8802395209580839,0.24099029984677856,41,0.8292682926829268,True,0.31581630025117446,EVELYN GLOBAL DEFENSIVE PORTFOLIO RETAIL USD ACC USD
IE00BK723095,SPY_big_up,1,single_scan,0.452987303868191,167,0.9161676646706587,0.44045668651361,41,0.926829268292683,True,0.452987303868191,EVELYN GLOBAL INCOME PORTFOLIO RETAIL USD ACC USD
IE00BK723D25,SPY_big_up,1,single_scan,0.6083931407655242,167,0.9520958083832335,0.5484698218512098,41,0.926829268292683,True,0.6083931407655242,EVELYN GLOBAL BALANCED PORTFOLIO A USD ACC USD
IE00BM97KY96,XLF_big_up,1,single_scan,0.23952002587527485,171,0.7543859649122807,0.31086064337648056,55,0.8727272727272727,True,0.23952002587527485,NEXT GEN INVT STRA MORNINGSTAR GLOBAL CAUTIOUS A USD ACC USD
IE00BM97L352,XLF_big_up,1,single_scan,0.3097515203702299,171,0.7543859649122807,0.39505515387113393,55,0.8727272727272727,True,0.3097515203702299,NEXT GEN INVT STRA MORNINGSTAR GLOBAL BALANCED A USD ACC USD
IE00BM97L808,XLF_big_up,1,single_scan,0.4392765810146697,171,0.7660818713450293,0.5301461411531022,55,0.8545454545454545,True,0.4392765810146697,NEXT GEN INVT STRA MORNINGSTAR GLOBAL ADVENTUROUS A USD ACC USD
IE00BN0W2W23,XLF_big_up,1,single_scan,0.31347167431980333,130,0.6461538461538462,0.24831826649279456,55,0.6363636363636364,True,0.31347167431980333,GUINNESS GLOBAL QUALITY MID CAP C ACC USD
IE00BN7HSQ61,EEM_big_up,1,single_scan,0.35982279989392696,122,0.7131147540983607,0.4248251749344627,70,0.7285714285714285,True,0.35982279989392696,DVAM GLOBAL EQUITY FOCUS STRATEGY PCP USD A1 ACC USD
IE00BN7HST92,EEM_big_up,1,single_scan,0.3602340744349419,122,0.7131147540983607,0.42519117337491225,70,0.7285714285714285,True,0.3602340744349419,DVAM GLOBAL EQUITY FOCUS STRATEGY PCP USD B1 ACC USD
IE00BN7HSX39,EEM_big_up,1,single_scan,0.356611153039765,122,0.7131147540983607,0.42170606079626805,70,0.7285714285714285,True,0.356611153039765,DVAM GLOBAL EQUITY FOCUS STRATEGY PCP USD D1 ACC USD
IE00BN7HT077,EEM_big_up,1,single_scan,0.3565607925448965,122,0.7131147540983607,0.4216008213456682,70,0.7285714285714285,True,0.3565607925448965,DVAM GLOBAL EQUITY FOCUS STRATEGY PCP USD E1 ACC USD
IE00BNGJKV20,XLF_big_up,1,single_scan,0.3332908509782618,133,0.6992481203007519,0.33655989827051397,55,0.6909090909090909,True,0.3332908509782618,MONTLAKE ORIEL LATITUDE GLOBAL FUNDS I USD ACC USD
IE00BQXX3M08,SPY_big_up,1,single_scan,0.20405521993542203,133,0.5789473684210527,0.3183337447449654,41,0.6585365853658537,True,0.20405521993542203,GUINNESS AM GLOBAL INNOVATORS Y ACC USD
IE00BSQXBG17,SPY_big_up,1,single_scan,0.807220549752955,171,0.8947368421052632,0.7013491257383972,41,0.8536585365853658,True,0.807220549752955,SANLAM AI GLOBAL MANAGED RISK FUND N ACC USD
IE00BVYPNW00,XLF_big_up,1,single_scan,0.21597652193949257,247,0.6437246963562753,0.2620131195723753,55,0.6545454545454545,True,0.21597652193949257,GUINNESS AM GLOBAL EQUITY INCOME C USD
IE00BVYPNX17,XLF_big_up,1,single_scan,0.22017929767266334,247,0.6477732793522267,0.2659997742790447,55,0.6545454545454545,True,0.22017929767266334,GUINNESS AM GLOBAL EQUITY INCOME Y USD
IE00BVYPP248,QQQ_big_up,1,single_scan,0.21974282680562376,299,0.6588628762541806,0.2814672331703702,75,0.6933333333333334,True,0.21974282680562376,GUINNESS AM GLOBAL EQUITY INCOME Y USD
IE00BYM2RB15,XLF_big_up,1,single_scan,0.24556787671870364,248,0.657258064516129,0.2558250756274883,56,0.7142857142857143,True,0.24556787671870364,PGIM GLOBAL REAL SEL RE SECURITIES I ACC USD
IE00BYM85152,SPY_big_up,1,single_scan,1.3240391444600925,167,0.9820359281437125,1.2147403801746928,41,0.926829268292683,True,1.3240391444600925,Jupiter Merian Global Equity Income Fund (IRL) L USD Inc USD
IE00BYPZP462,SPY_big_up,1,single_scan,0.48300255021382926,167,0.8622754491017964,0.5314939860269478,41,0.8536585365853658,True,0.48300255021382926,CANACCORD GEN INV SELECT GLOBAL DIVERSITY R USD ACC USD
IE00BYQG5606,SPY_big_up,1,single_scan,2.051519534148788,170,0.9058823529411765,1.7920325255743488,40,0.925,True,2.051519534148788,BAILLIE GIFFORD WO LONG TERM GLOBAL GROWTH B ACC USD
IE00BYV6MS67,QQQ_big_up,1,single_scan,0.2415495187241482,299,0.5752508361204013,0.24787059131033978,76,0.5789473684210527,True,0.2415495187241482,PGIM JENNISON GLOBAL EQUITY OPPORTUNITIES I ACC USD
IE00BYW8MG91,XLF_big_up,1,single_scan,0.2401114950956076,251,0.6533864541832669,0.317141832263143,56,0.6964285714285714,True,0.2401114950956076,RUSSELL OLD MUTUAL VALUE GLOBAL EQUITY E ACC USD
IE00BYZ09279,QQQ_big_up,1,single_scan,0.23341828505634288,301,0.6013289036544851,0.366721632627597,75,0.6666666666666666,True,0.23341828505634288,HEPTAGON FUND WCM GLOBAL EQTY A ACC USD
LU0050427557,IWM_big_up,1,single_scan,0.4528055004532907,161,0.6086956521739131,0.7677147357015369,87,0.7241379310344828,True,0.4528055004532907,FIDELITY FUNDS LATIN AMERICA A USD DIS NAV USD
LU0061474960,SPY_big_up,1,single_scan,1.1422858172979966,163,0.9631901840490797,0.8035792856297416,40,0.875,True,1.1422858172979966,CT GLOBAL FOCUS AU USD USD
LU0070992663,QQQ_big_up,1,single_scan,1.061959642146469,135,0.8444444444444444,1.1159084645368254,79,0.810126582278481,True,1.061959642146469,JANUS HENDERSON HORIZON GLOBAL TECHNOLOGY LEADERS FUND A2 USD USD
LU0094547139,QQQ_big_up,1,single_scan,0.9779437353603134,139,0.9424460431654677,1.0054469647777553,79,0.9367088607594937,True,0.9779437353603134,ABRDN SICAV I - GLOBAL SUSTAINABLE AND RESPONSIBLE INVESTMENT EQUITY A ACC USD USD
LU0100598878,QQQ_big_up,1,single_scan,1.6072239779215356,140,0.9,1.8198211520445375,79,0.8481012658227848,True,1.6072239779215356,INVESCO GLOBAL CONSUMER TRENDS C USD USD
LU0106255481,QQQ_big_up,1,single_scan,0.24913246050320312,142,0.6338028169014085,0.2721212565579719,80,0.6,True,0.24913246050320312,SCHRODER INV MGMT QEP GLOBAL CORE C ACC USD
LU0129459060,QQQ_big_up,1,single_scan,0.6760739341368692,131,0.8473282442748091,0.6558193867922206,81,0.8148148148148148,True,0.6760739341368692,JPMORGAN ASSET MGM AMERICA EQUITY C USD ACC USD
LU0130103749,QQQ_big_up,1,single_scan,0.26667918492954656,142,0.6408450704225352,0.31925731475486724,79,0.6835443037974683,True,0.26667918492954656,NATIXIS INTL (LUX) HARRIS ASSOCS GLOBAL EQUITY I ACC USD
LU0176160306,QQQ_big_up,1,single_scan,0.3991751830052536,122,0.7377049180327869,0.39436010704558166,79,0.7088607594936709,True,0.3991751830052536,MORGAN STANLEY GLOBAL BRANDS C USD
LU0209137388,IWM_big_up,1,single_scan,0.5150914261476085,152,0.7236842105263158,0.5159769236388332,84,0.75,True,0.5150914261476085,JANUS HENDERSON HORIZON GLOBAL PROPERTY EQUITIES FUND A2 USD USD
LU0209137628,IWM_big_up,1,single_scan,0.5193548087777625,152,0.7171052631578947,0.5190325140817703,84,0.7380952380952381,True,0.5193548087777625,JANUS HENDERSON HORIZON GLOBAL PROPERTY EQUITIES FUND I2 USD USD
LU0209158467,QQQ_big_up,1,single_scan,1.061959642146469,135,0.8444444444444444,1.1159084645368254,79,0.810126582278481,True,1.061959642146469,JANUS HENDERSON HORIZON GLOBAL TECHNOLOGY LEADERS FUND A1 USD USD
LU0210528500,QQQ_big_up,1,single_scan,0.6723853490124949,126,0.8492063492063492,0.6532655107461312,81,0.8148148148148148,True,0.6723853490124949,JPMORGAN AMERICA EQUITY A USD USD
LU0210533765,QQQ_big_up,1,single_scan,0.8179371112596305,125,0.84,0.7890680773958864,81,0.8148148148148148,True,0.8179371112596305,JPMORGAN GLOBAL GROWTH FUND A USD ACC USD
LU0224508324,IWM_big_up,1,single_scan,0.5730412311950174,155,0.7161290322580646,0.531479029484505,87,0.7126436781609196,True,0.5730412311950174,SCHRODER ISF GLOBAL CITIES A ACC USD
LU0225283786,QQQ_big_up,1,single_scan,0.7043637294666848,143,0.8111888111888111,0.7190326843469707,81,0.7777777777777778,True,0.7043637294666848,SCHRODER ISF GLOBAL EQUITY ALPHA C ACC USD
LU0234570918,QQQ_big_up,1,single_scan,0.6981266990100972,132,0.8106060606060606,0.6970184769333742,77,0.7662337662337663,True,0.6981266990100972,GOLDMAN SACHS GLOBAL CORE EQUITY PORTFOLIO ACC USD
LU0262307720,QQQ_big_up,1,single_scan,1.2894729682185697,134,0.8880597014925373,1.43274035556011,77,0.8441558441558441,True,1.2894729682185697,JUPITER GLOBAL FUND JUPITER FINANCIAL INNOVATION L USD ACC NAV USD
LU0266012318,QQQ_big_up,1,single_scan,0.2879230024399414,139,0.5971223021582733,0.2192300651942208,79,0.6075949367088608,True,0.2879230024399414,AXA WORLD FUND GLOBAL REAL ESTATE A USD ACC USD
LU0323240290,QQQ_big_up,1,single_scan,0.4913469115573897,134,0.6492537313432836,0.5427457936037315,77,0.6103896103896104,True,0.4913469115573897,HSBC INV FD LUX SA GLOBAL EQUITY CLIMATE SOLUTIONS A INC USD
LU0329202922,QQQ_big_up,1,single_scan,0.5308378516877185,125,0.84,0.5545241116410748,81,0.8395061728395061,True,0.5308378516877185,JPM IF GLOBAL DIVIDEND C ACC USD
LU0345780521,GDX_up,1,single_scan,0.5489527336388396,440,0.615909090909091,0.6992137068775249,218,0.6330275229357798,True,0.5489527336388396,NINETY ONE GSF GLOBAL GOLD A INC GRS USD USD
LU0345780950,UUP_down,1,single_scan,0.2645939387124349,124,0.5887096774193549,0.2551962655163613,103,0.5922330097087378,True,0.2645939387124349,NINETY ONE GSF GLOBAL NATURAL RESOURCES A ACC GRS USD USD
LU0345781172,UUP_down,1,single_scan,0.2534050271927053,139,0.5899280575539568,0.260399361778875,103,0.5922330097087378,True,0.2534050271927053,NINETY ONE GLOBAL STRATEGY FUND GLOBAL NATURAL RESOURCES FUND I ACC USD
LU0345781503,UUP_down,1,single_scan,0.26168549816781483,124,0.5806451612903226,0.2536320752284247,103,0.5825242718446602,True,0.26168549816781483,NINETY ONE GLOBAL NATURAL RESOURCES C INC USD
LU0360482987,QQQ_big_up,1,single_scan,0.4082739509923289,123,0.7398373983739838,0.40220959023687547,79,0.7088607594936709,True,0.4082739509923289,MORGAN STANLEY IF GLOBAL BRANDS Z ACC NAV USD
LU0386856941,IWM_big_up,1,single_scan,0.6661865472439603,141,0.7872340425531915,0.6907366166181811,84,0.8214285714285714,True,0.6661865472439603,PICTET FUNDS GLOBAL MEGATREND SEL I USD ACC USD
LU0411709560,QQQ_big_up,1,single_scan,0.7871614719117709,121,0.743801652892562,0.9244725712032548,78,0.7435897435897436,True,0.7871614719117709,BLACKROCK GLOBAL FUNDS SICAV - ASIAN DRAGON FUND D2 ACC USD
LU0432979887,IWM_big_up,1,single_scan,0.46495524331870075,158,0.759493670886076,0.5131054355861234,87,0.8045977011494253,True,0.46495524331870075,JPMORGAN ASSET MGM GLOBAL HEALTHCARE C ACC USD USD
LU0503632100,IWM_big_up,1,single_scan,0.5864839434515323,138,0.7536231884057971,0.7124950261742256,84,0.7738095238095238,True,0.5864839434515323,PICTET GLOBAL ENVIRONMENTAL OPPORTUNITIES I USD ACC USD
LU0503633330,IWM_big_up,1,single_scan,0.5069824136372422,138,0.717391304347826,0.6028306515343795,84,0.7380952380952381,True,0.5069824136372422,PICTET-GLOBAL ENVIRONMENTAL OPPORTUNITIES HP ACC USD
LU0528227936,QQQ_big_up,1,single_scan,0.4070703179529905,150,0.68,0.49802192569273984,81,0.654320987654321,True,0.4070703179529905,FF GLOBAL DEMOGRAPHICS FUND A ACC USD
LU0566484027,IWM_big_up,1,single_scan,1.5133901102954859,149,0.9731543624161074,1.511864047387067,84,0.9642857142857143,True,1.5133901102954859,ABRDN SICAV I - NORTH AMERICAN SMALLER COMPANIES A ACC USD USD
LU0566484704,IWM_big_up,1,single_scan,1.516663195428868,149,0.9731543624161074,1.5148324891153078,84,0.9642857142857143,True,1.516663195428868,ABERDEEN STD - NORTH AMERICAN SMALLER COMPANIES FUND I ACC USD USD
LU0641506000,QQQ_big_up,1,single_scan,0.2009065300149863,135,0.6148148148148148,0.3318075733341166,77,0.6623376623376623,True,0.2009065300149863,NINETY-ONE GLOBAL ST UK ALPHA I USD ACC USD
LU0757359954,IWM_big_up,1,single_scan,0.2600455585338883,154,0.8311688311688312,0.3052792847860453,87,0.8735632183908046,True,0.2600455585338883,SCHRODER ISF GLOBAL M.A DIS USD A HDG MF USD
LU0776415563,QQQ_big_up,1,single_scan,0.356031086117775,142,0.8169014084507042,0.4059535852857489,80,0.825,True,0.356031086117775,SCHRODER ISF GLOBAL MULTI ASSET BALANCED C ACC USD
LU0823394779,QQQ_big_up,1,single_scan,0.23627786014855026,136,0.6323529411764706,0.31226021541748233,78,0.6025641025641025,True,0.23627786014855026,BNP PARIBAS FUNDS GLOBAL CONVERTIBLE CLASSIC CAPITALISATION USD
LU0827879924,IWM_big_up,1,single_scan,0.336540875165769,133,0.7819548872180451,0.39174628794316646,84,0.8214285714285714,True,0.336540875165769,BLACKROCK GLOBAL (BGF) ESG MULTI ASSET D2 HGD ACC USD
LU0828813369,QQQ_big_up,1,single_scan,1.0801810435914765,136,0.8455882352941176,1.115120538645386,79,0.810126582278481,True,1.0801810435914765,JANUS HENDERSON HORIZON GLOBAL TECHNOLOGY LEADERS FUND H2 USD USD
LU0834154790,QQQ_big_up,1,single_scan,0.8744296314201664,121,0.8016528925619835,0.9298586496530412,79,0.7974683544303798,True,0.8744296314201664,MORGAN STANLEY IF GLOBAL OPP I ACC NAV USD
LU0868754200,QQQ_big_up,1,single_scan,1.2026436245909016,120,0.8166666666666667,1.1503853344791868,79,0.7848101265822784,True,1.2026436245909016,MORGAN STANLEY GLOBAL ADVANTAGE FUND Z ACC USD
LU0940328577,IWM_big_up,1,single_scan,0.5987765563853614,136,0.6176470588235294,0.5967314213738714,83,0.5903614457831325,True,0.5987765563853614,BLACKROCK (LUX) SA GLOBAL JAPAN FLXB EQUITY HGD A2 USD
LU0956908312,IWM_big_up,1,single_scan,0.670464815199227,154,0.7987012987012987,0.7400265526337452,87,0.8045977011494253,True,0.670464815199227,SCHRODER INV MGMT ISF GLOBAL REC C USD ACC USD
LU0966834136,QQQ_big_up,1,single_scan,0.6079543425329176,134,0.7686567164179104,0.6011839074800327,77,0.7012987012987013,True,0.6079543425329176,JUPITER GLOBAL FUND EUROPEAN GTH L ACC USD USD
LU0971096721,QQQ_big_up,1,single_scan,0.4702315181008208,150,0.72,0.5397732894550279,81,0.7407407407407407,True,0.4702315181008208,FIDELITY LUX GLOBAL FINL SVCS A INC USD
LU1088697633,IWM_big_up,1,single_scan,0.23999958933546162,152,0.618421052631579,0.331387857185378,82,0.6463414634146342,True,0.23999958933546162,UBAM GLOBAL EQUITY IC ACC USD
LU1116320737,QQQ_big_up,1,single_scan,0.46874712093284165,122,0.7950819672131147,0.4845056921701853,79,0.7848101265822784,True,0.46874712093284165,BLACKROCK SYSTEMATIC GLOBAL EQUITY HIGH INCOME A6 INC USD
LU1195516338,QQQ_big_up,1,single_scan,0.5222625037343387,142,0.8732394366197183,0.5590050940075069,81,0.8641975308641975,True,0.5222625037343387,SCHRODER INTL SEL GLOBAL MULTI-ASSET ALLOCATI USD
LU1244140163,QQQ_big_up,1,single_scan,1.127013221236048,129,0.8062015503875969,1.3028563054250446,79,0.7974683544303798,True,1.127013221236048,T.ROWE PRICE FDS GLOBAL TECHNOLOGY EQUITY Q USD
LU1481011911,QQQ_big_up,1,single_scan,0.2514052013108827,148,0.6554054054054054,0.2963103068413128,81,0.6666666666666666,True,0.2514052013108827,FIDELITY FUNDS GLOBAL DIVIDEND EQUITY FUND A INC USD
LU1560650563,QQQ_big_up,1,single_scan,0.4947940638082724,150,0.6866666666666666,0.6030576934367347,81,0.6790123456790124,True,0.4947940638082724,FIL INV MGMT LUX GLOBAL TECHNOLOGY Y USD ACC USD
LU1564329388,IWM_big_up,1,single_scan,0.35419643413460433,141,0.75177304964539,0.3938313064469675,84,0.75,True,0.35419643413460433,BLACKROCK GLOBAL DYNAMIC HIGH INCOME FUND  D6 USD
LU1698898050,QQQ_big_up,1,single_scan,1.7126530993718656,136,0.9632352941176471,1.8669373565928509,78,0.9743589743589743,True,1.7126530993718656,ALLIANZ GLOBAL ARTIFICIAL INTELLIGENCE RT USD ACC USD
LU1711970662,QQQ_big_up,1,single_scan,0.33733477561564995,150,0.6666666666666666,0.4592823728923592,81,0.691358024691358,True,0.33733477561564995,FIDELITY FUNDS SUSTAINABLE GLOBAL DIVIDEND PLUS FUND Y ACC USD
LU1775952176,IWM_big_up,1,single_scan,0.647185557056581,154,0.7922077922077922,0.6949500897792427,84,0.7857142857142857,True,0.647185557056581,INVESCO GLOBAL HEALTH CARE INNOVATION FUND C AD USD
LU1775982595,IWM_big_up,1,single_scan,0.6445144943719475,155,0.7935483870967742,0.6922135447520563,84,0.7857142857142857,True,0.6445144943719475,INVESCO GLOBAL HEALTH CARE INNOVATION A USD USD
LU1793345262,XLK_big_up,1,single_scan,0.3237092328639619,172,0.5697674418604651,0.308142729781046,107,0.5514018691588785,True,0.3237092328639619,BLUEBOX GLOBAL TECHNOLOGY FUND A ACC USD
LU1808465147,XLK_big_up,1,single_scan,0.23612564667058034,174,0.5747126436781609,0.20364750535524961,105,0.5714285714285714,True,0.23612564667058034,UBAM TECH GLOBAL LEADERS EQUITY IC USD ACC USD
LU1846577242,QQQ_big_up,1,single_scan,0.6621895079781681,128,0.6953125,0.9126787518668603,74,0.7162162162162162,True,0.6621895079781681,ARTEMIS SMARTGARP GLOBAL EMERGING MARKETS EQUITY I ACC USD
LU1892523231,QQQ_big_up,1,single_scan,0.7711303118507722,131,0.8091603053435115,0.8645395230259362,79,0.7721518987341772,True,0.7711303118507722,T ROWE GLOBAL FOCUSED GROWTH EQUITY Q USD USD
LU2000523741,QQQ_big_up,1,single_scan,0.23466547753622752,127,0.6062992125984252,0.2613182155609318,74,0.6081081081081081,True,0.23466547753622752,MOMENTUM GF HARMONY GLOBAL EQUITY FUND A ACC USD
LU2000525019,QQQ_big_up,1,single_scan,0.23299266632689197,126,0.6031746031746031,0.2726812568980558,74,0.5945945945945946,True,0.23299266632689197,CURATE GLOBAL SUSTAINABLE EQUITY FUND A USD ACC USD
LU2000525100,QQQ_big_up,1,single_scan,0.2386026385625455,127,0.6062992125984252,0.27154214707581353,74,0.5945945945945946,True,0.2386026385625455,CURATE GLOBAL SUSTAINABLE EQUITY FUND B USD ACC USD
LU2078916223,IWM_big_up,1,single_scan,0.30165944409127154,161,0.6521739130434783,0.3998686966058696,87,0.6551724137931034,True,0.30165944409127154,FIDELITY GLOBAL HEALTH CARE FUND Y ACC USD
LU2089283258,QQQ_big_up,1,single_scan,0.6959230108883341,130,0.8461538461538461,0.7205012805665252,77,0.7922077922077922,True,0.6959230108883341,ALLIANZ GLOBAL SUSTAINABILITY AM H2 INC USD
LU2092176275,XLK_big_up,1,single_scan,0.3207185828913279,172,0.5697674418604651,0.3051398322894228,107,0.5514018691588785,True,0.3207185828913279,BLUEBOX GLOBAL TECHNOLOGY FUND CLASS C ACC USD
LU2110297061,IWM_big_up,1,single_scan,0.3469384755611777,154,0.8441558441558441,0.3952197348737056,84,0.8690476190476191,True,0.3469384755611777,INVESCO GLOBAL INCOME A INC USD
LU2286300806,QQQ_big_up,1,single_scan,1.7201646409794726,126,0.8888888888888888,1.7890489301010417,78,0.8333333333333334,True,1.7201646409794726,ALLIANZ GLOBAL CYBER SECURITY AT ACC USD
LU2329614577,IWM_big_up,1,single_scan,0.7072489425513743,150,0.9,0.7700342780734589,84,0.9285714285714286,True,0.7072489425513743,ABRDN SICAV I - GLOBAL DYNAMIC DIVIDEND FUND X INC USD USD
LU2382294648,QQQ_big_up,1,single_scan,0.9413502087018196,139,0.8633093525179856,0.8312839071273764,79,0.7974683544303798,True,0.9413502087018196,INVESCO GLOBAL EQUITY FUND C (USD)-ANNUAL DISTRIBUTION USD
LU2402382688,XLK_big_up,1,single_scan,0.49708091388139153,131,0.8015267175572519,0.5091086828678278,109,0.7981651376146789,True,0.49708091388139153,JPMORGAN GLOBAL RESEARCH ENHANCED INDEX EQUITY A ACC USD
LU2490080954,XLK_big_up,1,single_scan,0.4050708073306961,144,0.8055555555555556,0.3957119014552527,109,0.7981651376146789,True,0.4050708073306961,BLACKROCK GF SYSTEMATIC GLOBAL EQUITY HIGH INCOME FUND D6 INC USD
LU2708676429,SPY_up,1,single_scan,0.2019301365157474,265,0.7245283018867924,0.20959077570996743,215,0.7255813953488373,True,0.2019301365157474,INVESCO SUSTAINABLE GLOBAL INCOME C HEDGED ACC USD
